entry_id,sense_id,ex_id,example_alt_raw,example_alt_norm,example_ru,source_note,raw_line
32,1,1,самара бичиириҥ бе?,самара бичиириҥ бе,Бичибей а! Ты,,самара бичиириҥ бе? — Бичибей а! Ты
32,1,2,дешь писать мне письма?,дешь писать мне письма,А как же не,,дешь писать мне письма? — А как же не
41,7,1,а направление роста…»,а направление роста,"думая, сказал Кы-",,"а направление роста…» — думая, сказал Кы-"
56,1,1,ланбай отурганын»,ланбай отурганын,"деп, акам шымыра-",,"ланбай отурганын» — деп, акам шымыра-"
56,1,2,"страха не может сообразить»,",страха не может сообразить,шепчет мой,,"страха не может сообразить», — шепчет мой"
93,1,1,кийнинде ойто тудуп алатаны,кийнинде ойто тудуп алатаны,аар-чак!,,кийнинде ойто тудуп алатаны — аар-чак!
93,1,2,[её],её,страшная проблема,,[её] — страшная проблема
113,2,1,ми перьев совы и медной бляхой,ми перьев совы и медной бляхой,украшение,,ми перьев совы и медной бляхой — украшение
124,1,1,ср. ап; Кӱнбадышта,ср ап кӱнбадышта,кӧк-тӧгӱн абыду,,ср. ап; Кӱнбадышта — кӧк-тӧгӱн абыду
124,1,2,(Б. Бедюров) На Западе,б бедюров на западе,обманчивое оча-,,(Б. Бедюров) На Западе — обманчивое оча-
128,1,1,та); Айару ла Айсулу,та айару ла айсулу,абызындар Айару,,та); Айару ла Айсулу — абызындар Айару
128,1,2,и Айсулу,и айсулу,сношенницы,,и Айсулу — сношенницы
136,1,1,"сакты Алып келдим, балдарым»,",сакты алып келдим балдарым,дейт,,"сакты Алып келдим, балдарым», — дейт"
139,1,1,калтар ады ӱч кара jылан экелет,калтар ады ӱч кара jылан экелет,бу ӱч,,калтар ады ӱч кара jылан экелет — бу ӱч
167,1,1,ага-карындаштар мы,агакарындаштар мы,братья,,ага-карындаштар мы — братья
222,2,1,кӧдӧк! Тӧрт килограммнаҥ беди?»,кӧдӧк тӧрт килограммнаҥ беди,"деп,",,"кӧдӧк! Тӧрт килограммнаҥ беди?» — деп,"
223,1,1,мой! По четыре килограмма ведь?»,мой по четыре килограмма ведь,Бол-,,мой! По четыре килограмма ведь?» — Бол-
229,1,1,кандый,кандый,балдары андый (Погов.),,кандый — балдары андый (Погов.)
230,1,1,отец,отец,такие и дети,,отец — такие и дети
234,1,1,«Эне»,эне,"деп, Мундузак унчукты. Слер",,"«Эне» — деп, Мундузак унчукты. Слер"
235,1,1,"нижеков) «Мама»,",нижеков мама,произнёс Мундузак.,,"нижеков) «Мама», — произнёс Мундузак."
240,1,1,бу? Айса не болеерген?,бу айса не болеерген,Адазы кӧргӧн,,бу? Айса не болеерген? — Адазы кӧргӧн
240,1,2,чилось?,чилось,Чёрт её знает!,,чилось? — Чёрт её знает!
264,1,1,время имя в его жизни,время имя в его жизни,нечто значимое,,время имя в его жизни — нечто значимое
287,1,1,jурттыҥ jаркыны. Алтайын,jурттыҥ jаркыны алтайын,"аргадаар,",,"jурттыҥ jаркыны. Алтайын — аргадаар,"
287,1,2,адазын,адазын,ададар (С. Манитов) Воля мужчи-,,адазын — ададар (С. Манитов) Воля мужчи-
290,1,1,"старость лет, попрошу дать имя»,",старость лет попрошу дать имя,[Кайчы],,"старость лет, попрошу дать имя», — [Кайчы]"
337,1,1,"ходи, Дьыман!»",ходи дьыман,"сказал один мальчик,",,"ходи, Дьыман!» — сказал один мальчик,"
345,1,1,наблюдать,наблюдать,и гора задвигается,,наблюдать — и гора задвигается
384,2,1,"лакта, ажынып турган немеҥ не!»",лакта ажынып турган немеҥ не,"деп,",,"лакта, ажынып турган немеҥ не!» — деп,"
385,1,1,перебарщиваешь!»,перебарщиваешь,начал сердиться Кар-,,перебарщиваешь!» — начал сердиться Кар-
405,1,1,кандый да буудакка учурашсаҥ,кандый да буудакка учурашсаҥ,«Ак-,,кандый да буудакка учурашсаҥ — «Ак-
405,1,2,"рыгар!»,",рыгар,"деп кыйгыр (П. Кучияк) Ты,",,"рыгар!», — деп кыйгыр (П. Кучияк) Ты,"
437,1,1,"нып, аргаданып jаткан немези",нып аргаданып jаткан немези,мыл-,,"нып, аргаданып jаткан немези — мыл-"
437,1,2,ется,ется,ружьё; Jелечи jаанакта бир эчкизи,,ется — ружьё; Jелечи jаанакта бир эчкизи
451,1,1,"токто ло токто, балам»,",токто ло токто балам,Чакылдайдыҥ,,"токто ло токто, балам», — Чакылдайдыҥ"
451,1,2,"да стой, дитя моё»,",да стой дитя моё,ловкие руки Чакылдая,,"да стой, дитя моё», — ловкие руки Чакылдая"
451,1,3,"ай, ай»,",ай ай,"деп, ӱредӱчим, коркып, каруу",,"ай, ай», — деп, ӱредӱчим, коркып, каруу"
452,3,1,скот); «Ай!»,скот ай,деп кызычак бозуларды,,скот); «Ай!» — деп кызычак бозуларды
452,3,2,айдайт «Ай!»,айдайт ай,погоняет девочка телят,,айдайт «Ай!» — погоняет девочка телят
554,1,1,"тӧгӱн айтпагам, ончозы чын...»",тӧгӱн айтпагам ончозы чын,"деп,",,"тӧгӱн айтпагам, ончозы чын...» — деп,"
554,1,2,"лжи, всё правда…»,",лжи всё правда,выговорился Неме-,,"лжи, всё правда…», — выговорился Неме-"
563,1,1,кӧӧркийим»,кӧӧркийим,"деп, Санаа айдала, Чейнеш-",,"кӧӧркийим» — деп, Санаа айдала, Чейнеш-"
563,1,2,"жин) Санаа, сказав: «Дорогая, милая»,",жин санаа сказав дорогая милая,ещё,,"жин) Санаа, сказав: «Дорогая, милая», — ещё"
573,2,1,кыштап кӧригер»,кыштап кӧригер,"деп айдала, jайзаҥ то",,"кыштап кӧригер» — деп айдала, jайзаҥ то"
573,2,2,"предсказывать попробуйте предсказать»,",предсказывать попробуйте предсказать,мудрые,,"предсказывать попробуйте предсказать», — мудрые"
576,1,1,свой путь; Jӱpӱм,свой путь jӱpӱм,ол jӱрӱм. Ол качан да,,свой путь; Jӱpӱм — ол jӱрӱм. Ол качан да
576,1,2,(Б. Укачин) Жизнь,б укачин жизнь,это жизнь. Сколько,,(Б. Укачин) Жизнь — это жизнь. Сколько
605,1,1,реваливаться (при ходьбе,реваливаться при ходьбе,"о грузном,",,"реваливаться (при ходьбе — о грузном,"
640,1,1,ийбедиҥ?..»,ийбедиҥ,"деп, Борjыш кезеткен аайлу",,"ийбедиҥ?..» — деп, Борjыш кезеткен аайлу"
640,1,2,"(букв. раздвоенными руками)?..»,",букв раздвоенными руками,сказал,,"(букв. раздвоенными руками)?..», — сказал"
658,5,1,"вый; «Мени божодыгар!»,",вый мени божодыгар,ол айры-тей-,,"вый; «Мени божодыгар!», — ол айры-тей-"
658,5,2,«Отпустите меня!»,отпустите меня,кричал он сбивчивым,,«Отпустите меня!» — кричал он сбивчивым
664,2,1,меется; Ол бӱгӱн келер бе?,меется ол бӱгӱн келер бе,"Айса, келбей",,"меется; Ол бӱгӱн келер бе? — Айса, келбей"
664,2,2,а Он придёт сегодня?,а он придёт сегодня,"Разумеется, придёт;",,"а Он придёт сегодня? — Разумеется, придёт;"
665,1,1,ко?,ко,Конечно;,,ко? — Конечно;
669,1,1,слово,слово,выпущенная стрела,,слово — выпущенная стрела
722,4,1,кирзе,кирзе,"саҥыс чайнап ӧдӧр, айылга",,"кирзе — саҥыс чайнап ӧдӧр, айылга"
722,4,2,кирзе,кирзе,ак амзап чыгар (Заг.) В лес зайдёт,,кирзе — ак амзап чыгар (Заг.) В лес зайдёт
860,1,1,(Ш. Шатинов) Каждый из мальчиков,ш шатинов каждый из мальчиков,Толя,,(Ш. Шатинов) Каждый из мальчиков — Толя
875,2,1,алама-шикир,аламашикир,ӱзези керек (И. Шинжин),,алама-шикир — ӱзези керек (И. Шинжин)
876,1,1,"соль, сладости",соль сладости,всё нужно,,"соль, сладости — всё нужно"
943,1,1,ӱйези,ӱйези,албанду казыр каралашты,,ӱйези — албанду казыр каралашты
995,1,1,болотон?»,болотон,"деп, кайкап турды (Ч. Чуни-",,"болотон?» — деп, кайкап турды (Ч. Чуни-"
998,1,1,"сами не пострадали, скот",сами не пострадали скот,куда он денется;,,"сами не пострадали, скот — куда он денется;"
1005,2,1,неме,неме,"jӧӧжӧ, ырыс, кежик — арjанынаҥ",,"неме — jӧӧжӧ, ырыс, кежик — арjанынаҥ"
1005,2,2,— алдыртулу неме болор (АД) Всё,алдыртулу неме болор ад всё,имуще-,,— алдыртулу неме болор (АД) Всё — имуще-
1005,2,3,"ство, счастье, удача",ство счастье удача,"это то, что дано свыше",,"ство, счастье, удача — это то, что дано свыше"
1021,1,1,мелер,мелер,олор до база алкы-байлык эмей,,мелер — олор до база алкы-байлык эмей
1021,1,2,"роться) пламенное сердце,",роться пламенное сердце,и они тоже ведь,,"роться) пламенное сердце, — и они тоже ведь"
1026,2,1,быйан 3; «Слерге jаан алкыш!»,быйан 3 слерге jаан алкыш,"деп,",,"быйан 3; «Слерге jаан алкыш!» — деп,"
1026,2,2,"«Вам большое спасибо!»,",вам большое спасибо,я отблагодарил,,"«Вам большое спасибо!», — я отблагодарил"
1038,2,1,"ий, балам»,",ий балам,дейт (АБ) «Пронзи сталь-,,"ий, балам», — дейт (АБ) «Пронзи сталь-"
1038,2,2,"моё»,",моё,говорит он,,"моё», — говорит он"
1073,1,1,что богатырь; Акча,что богатырь акча,"чаазын, кижи —",,"что богатырь; Акча — чаазын, кижи —"
1073,1,2,тын (Посл.) Деньги,тын посл деньги,"бумага, человек —",,"тын (Посл.) Деньги — бумага, человек —"
1075,3,1,"гон, кече jана берт»",гон кече jана берт,"деп, Мундузак",,"гон, кече jана берт» — деп, Мундузак"
1097,1,1,— к лучшему); Кайда той,к лучшему кайда той,ондо Jалакай-,,— к лучшему); Кайда той — ондо Jалакай-
1098,1,1,кайда айылчы,кайда айылчы,ондо база ол…,,кайда айылчы — ондо база ол…
1099,1,1,(Д. Каинчин) Где свадьба,д каинчин где свадьба,там Дьалакай-,,(Д. Каинчин) Где свадьба — там Дьалакай-
1105,1,1,"запыхавшись, пришёл, на тебе",запыхавшись пришёл на тебе,медведь,,"запыхавшись, пришёл, на тебе — медведь"
1108,1,1,кылыкту бол»,кылыкту бол,деди (АБ) Ак-Каан сказал:,,кылыкту бол» — деди (АБ) Ак-Каан сказал:
1110,1,1,дном,дном,к лучшему); Jарлык ширдектиҥ,,дном — к лучшему); Jарлык ширдектиҥ
1110,1,2,кӧрӧр,кӧрӧр,айак алча тӱшсе — jакшы,АА,кӧрӧр — айак алча тӱшсе — jакшы (АА)
1111,1,1,чашку: его помощники идут смотреть,чашку его помощники идут смотреть,если,,чашку: его помощники идут смотреть — если
1111,1,2,чашка упадёт вниз дном,чашка упадёт вниз дном,хорошо,,чашка упадёт вниз дном — хорошо
1126,2,1,"никому не обязаны»,",никому не обязаны,говорит Мундузак;,,"никому не обязаны», — говорит Мундузак;"
1156,1,1,кӧрӧр эмес,кӧрӧр эмес,алыс болды,АБ,кӧрӧр эмес — алыс болды (АБ)
1157,1,1,посмотрели вниз,посмотрели вниз,"была темень, ничего не",,"посмотрели вниз — была темень, ничего не"
1165,1,1,"ра-боту! Выходи-и на ра-боту!»,",работу выходии на работу,будет,,"ра-боту! Выходи-и на ра-боту!», — будет"
1237,1,1,ствие; Амырлаганы,ствие амырлаганы,"айлык, кӱчӱркегени",,"ствие; Амырлаганы — айлык, кӱчӱркегени"
1237,1,2,"— кӱндӱк (Посл.) Тот, кто любит мир,",кӱндӱк посл тот кто любит мир,ме-,,"— кӱндӱк (Посл.) Тот, кто любит мир, — ме-"
1287,1,1,јаҥыс аҥызы,јаҥыс аҥызы,ӱзӱги јоктоҥ шоор ойноп,,јаҥыс аҥызы — ӱзӱги јоктоҥ шоор ойноп
1287,1,2,ное его отличие,ное его отличие,"он был мужчиной, кото-",,"ное его отличие — он был мужчиной, кото-"
1290,1,1,"аксас-бӱксес једип барза,",аксасбӱксес једип барза,ме сеге — оны-,,"аксас-бӱксес једип барза, — ме сеге — оны-"
1290,1,2,"мая, добрался до того завода,",мая добрался до того завода,на тебе —,,"мая, добрался до того завода, — на тебе —"
1315,1,1,тар оноҥ артык не керек?»,тар оноҥ артык не керек,"деп, Макса",,"тар оноҥ артык не керек?» – деп, Макса"
1315,1,2,"«Ну что, девушки, что вам ещё нужно?»",ну что девушки что вам ещё нужно,го-,,"«Ну что, девушки, что вам ещё нужно?» – го-"
1342,1,1,"јеристи кӧрзӧӧр,",јеристи кӧрзӧӧр,"кажы ла ӧлӧҥ-чечеги,",,"јеристи кӧрзӧӧр, – кажы ла ӧлӧҥ-чечеги,"
1342,1,2,"ка,",ка,кажызы ла аҥылу учурлу (Т. Топчина),,"ка, – кажызы ла аҥылу учурлу (Т. Топчина)"
1344,2,1,аҥылузы,аҥылузы,мында баштапкы ла катап,,аҥылузы – мында баштапкы ла катап
1352,1,1,рьевич»,рьевич,"јаҥы, кара костюмду, апагаш",,"рьевич» – јаҥы, кара костюмду, апагаш"
1352,1,2,"вич»,",вич,поясняет человек в новом чёрном,,"вич», – поясняет человек в новом чёрном"
1385,1,1,"«Јок, јок, сен тирӱ болбозыҥ»",јок јок сен тирӱ болбозыҥ,"деп, оноҥ",,"«Јок, јок, сен тирӱ болбозыҥ» – деп, оноҥ"
1414,2,1,"ајыктанала,",ајыктанала,"акыр, аракычылар кере-",,"ајыктанала, – акыр, аракычылар кере-"
1414,2,2,"тревшись вокруг,",тревшись вокруг,"ну-ка, давайте прекратим",,"тревшись вокруг, – ну-ка, давайте прекратим"
1424,1,1,"аралаш (Б. Бедюров) Узбек, таджик",аралаш б бедюров узбек таджик,бра-,,"аралаш (Б. Бедюров) Узбек, таджик – бра-"
1429,1,1,мач»,мач,"деп, колын сарбаҥдатты (Ш. Яла-",,"мач» – деп, колын сарбаҥдатты (Ш. Яла-"
1432,1,1,не сакый берер (Д. Каинчин) Бельбедей,не сакый берер д каинчин бельбедей,жена,,не сакый берер (Д. Каинчин) Бельбедей – жена
1448,1,1,тыр кижи инегер!»,тыр кижи инегер,"деп, Кара-Тас айтты",,"тыр кижи инегер!» – деп, Кара-Тас айтты"
1448,1,2,почитаемый богатырь!»,почитаемый богатырь,сказал Кара-Тас»;,,почитаемый богатырь!» – сказал Кара-Тас»;
1473,1,1,"за»,",за,объяснил дядя своему племяннику,,"за», – объяснил дядя своему племяннику"
1479,1,1,«Јарабас!»,јарабас,"деп, аркыраар кижи јок",,"«Јарабас!» – деп, аркыраар кижи јок"
1479,1,2,(Д. Каинчин) «Нельзя!»,д каинчин нельзя,некому так рычать,,(Д. Каинчин) «Нельзя!» – некому так рычать
1480,1,1,доры шуулажып турган»,доры шуулажып турган,"деп, Каракула",,"доры шуулажып турган» – деп, Каракула"
1481,1,1,"свистят»,",свистят,зарычал Лев,,"свистят», – зарычал Лев"
1483,1,1,для приготовления чегеня,для приготовления чегеня,напитка из кис-,,для приготовления чегеня – напитка из кис-
1512,1,1,тапкы амаду,тапкы амаду,"кырлаҥнаҥ тӱжӱп, јикти",,"тапкы амаду – кырлаҥнаҥ тӱжӱп, јикти"
1512,1,2,(И. Шодоев) Первая цель,и шодоев первая цель,спуститься с хол-,,(И. Шодоев) Первая цель – спуститься с хол-
1533,1,1,и кылап калт?»,и кылап калт,"деп, Ирбисев кимиректен-",,"и кылап калт?» – деп, Ирбисев кимиректен-"
1533,1,2,самолётами и артиллерией полка?»,самолётами и артиллерией полка,про-,,самолётами и артиллерией полка?» – про-
1547,1,1,"деп, Карабаш айтты,",деп карабаш айтты,бирӱзин тӧжӧнип,,"деп, Карабаш айтты, – бирӱзин тӧжӧнип"
1547,1,2,"«Две,",две,"сказал Карабаш, – одну [простыню]",,"«Две, – сказал Карабаш, – одну [простыню]"
1556,1,1,јандырбаган турбай»,јандырбаган турбай,деп сӱӱнет (Ш. Яла-,,јандырбаган турбай» – деп сӱӱнет (Ш. Яла-
1574,3,1,арутагар…»,арутагар,"деп, неме билер кижи олор-",,"арутагар…» – деп, неме билер кижи олор-"
1606,1,1,јастыра»,јастыра,"деп, Ак-Кӱн чыданыкпай, ары-",,"јастыра» – деп, Ак-Кӱн чыданыкпай, ары-"
1606,1,2,"неправильно»,",неправильно,"сказал Ак-Кюн и, не выдер-",,"неправильно», – сказал Ак-Кюн и, не выдер-"
1633,1,1,улус картошко не отургыспаган?»,улус картошко не отургыспаган,"деп,",,"улус картошко не отургыспаган?» – деп,"
1634,1,1,люди не садили картошку?»,люди не садили картошку,спросил Тоо-,,люди не садили картошку?» – спросил Тоо-
1668,1,1,ке кара јолдо,ке кара јолдо,атту ла јойу улус (И. Шо-,,ке кара јолдо – атту ла јойу улус (И. Шо-
1683,1,1,јӱреги,јӱреги,аҥылу (В. Иркитова),,јӱреги – аҥылу (В. Иркитова)
1743,1,1,ачаптанба! …Ичиҥ орыыр!»,ачаптанба ичиҥ орыыр,"деп, кызы-",,"ачаптанба! …Ичиҥ орыыр!» – деп, кызы-"
1743,1,2,жадничай! …Живот будет болеть!»,жадничай живот будет болеть,отруга-,,жадничай! …Живот будет болеть!» – отруга-
1748,1,1,деги учуры,деги учуры,ол ач-ӱренин таркадары ла,,деги учуры – ол ач-ӱренин таркадары ла
1761,1,1,"сюда»,",сюда,досадовал Урмат,,"сюда», – досадовал Урмат"
1797,1,1,"ше есть, иметь; «Ачыркабаар»",ше есть иметь ачыркабаар,"дейле,",,"ше есть, иметь; «Ачыркабаар» – дейле,"
1809,3,1,да ешь,да ешь,"не спеши, а когда сядешь на коня –",,"да ешь – не спеши, а когда сядешь на коня –"
1854,1,1,бай ла Адучы,бай ла адучы,баjалар Анчибай и Адучи,,бай ла Адучы – баjалар Анчибай и Адучи
1883,3,1,(манера ступать при ходьбе,манера ступать при ходьбе,"о плавной,",,"(манера ступать при ходьбе – о плавной,"
1908,1,1,байлыгы богатство природы; Кижи,байлыгы богатство природы кижи,jер-,,байлыгы богатство природы; Кижи – jер-
2101,1,1,зы,зы,Эркей Иванович те бастыра jӱрӱминде,,зы – Эркей Иванович те бастыра jӱрӱминде
2361,2,1,милиязын сӧӧгиле,милиязын сӧӧгиле,Кергилов деп бичидип,,милиязын сӧӧгиле – Кергилов деп бичидип
2374,2,1,келип турарыҥ ба?»,келип турарыҥ ба,деп Кучаш сурады,,келип турарыҥ ба?» – деп Кучаш сурады
2375,1,1,приходить?»,приходить,спросил Кучаш,,приходить?» – спросил Кучаш
2383,1,1,чина) Как выпустить свою книгу,чина как выпустить свою книгу,"Задача,",,"чина) Как выпустить свою книгу – Задача,"
2418,1,1,"не ругайте, остановитесь»,",не ругайте остановитесь,оправдывались,,"не ругайте, остановитесь», – оправдывались"
2501,1,1,"есть мелочь, пара живностей",есть мелочь пара живностей,доля в наслед-,,"есть мелочь, пара живностей – доля в наслед-"
2564,1,1,лучшее у неё,лучшее у неё,"перья (букв. перья, которые",,"лучшее у неё – перья (букв. перья, которые"
2574,1,1,эриндӱ кыс (А. Адаров) Она,эриндӱ кыс а адаров она,девушка с та-,,эриндӱ кыс (А. Адаров) Она – девушка с та-
2645,6,1,"нергосбыт, «МРСК Сибири",нергосбыт мрск сибири,Горно-Ал-,,"нергосбыт, «МРСК Сибири – Горно-Ал-"
2645,6,2,ри,ри,Горно-Алтайские электрические сети»,,ри – Горно-Алтайские электрические сети»
2677,1,1,краска забора,краска забора,нелёгкое дело,,краска забора – нелёгкое дело
2720,1,1,раз соскользнёт,раз соскользнёт,вырвется,,раз соскользнёт – вырвется
2727,1,1,ген?»,ген,деп бултаартып сурады (Л. Кокы-,,ген?» – деп бултаартып сурады (Л. Кокы-
2727,1,2,шев) «Откуда пришли дети?»,шев откуда пришли дети,говоря намё-,,шев) «Откуда пришли дети?» – говоря намё-
2742,1,1,лять клубиться; «Иштеҥкей кижи!»,лять клубиться иштеҥкей кижи,"деп,",,"лять клубиться; «Иштеҥкей кижи!» – деп,"
2754,1,1,ла мени бурулаарга туругар ба?»,ла мени бурулаарга туругар ба,"деп, мен",,"ла мени бурулаарга туругар ба?» – деп, мен"
2754,1,2,собираетесь меня обвинять?»,собираетесь меня обвинять,сказал я тихо,,собираетесь меня обвинять?» – сказал я тихо
2773,1,1,что; «Бу бистиҥ айлысты не бускан?»,что бу бистиҥ айлысты не бускан,"деп,",,"что; «Бу бистиҥ айлысты не бускан?» – деп,"
2779,1,1,лор до,лор до,ончозы бусканактап кар jаап сал-,,лор до – ончозы бусканактап кар jаап сал-
2779,1,2,"дылар (Т. Шинжин) И люди, и овцы",дылар т шинжин и люди и овцы,"все,",,"дылар (Т. Шинжин) И люди, и овцы – все,"
2798,2,1,ев) Когда он послушал внимательно,ев когда он послушал внимательно,кажет-,,ев) Когда он послушал внимательно – кажет-
2821,1,1,ня рано; Бӱгӱн,ня рано бӱгӱн,"мында, эртен – ондо (Д. Ка-",,"ня рано; Бӱгӱн – мында, эртен – ондо (Д. Ка-"
2821,1,2,инчин) Сегодня,инчин сегодня,"тут, завтра – там",,"инчин) Сегодня – тут, завтра – там"
2877,1,1,зом,зом,"чирибес, ӱрелбес (Д. Каинчин) Если",,"зом – чирибес, ӱрелбес (Д. Каинчин) Если"
2889,1,1,станция болуп јат,станция болуп јат,бӱрӱҥкий де кӱнде,,станция болуп јат – бӱрӱҥкий де кӱнде
2898,1,1,рождённого луной [и] солнцем,рождённого луной и солнцем,теперь это,,рождённого луной [и] солнцем – теперь это
2929,1,1,коруланатан эҥ ле быжу эп-арга,коруланатан эҥ ле быжу эпарга,ол,,коруланатан эҥ ле быжу эп-арга – ол
2929,1,2,щиты от чумы,щиты от чумы,"вакцинация, укол, который",,"щиты от чумы – вакцинация, укол, который"
2929,1,1,зым»,зым,"деп быжу сананып ийеле,",,"зым» – деп быжу сананып ийеле,"
2929,1,2,"чит, буду молчать»",чит буду молчать,"твёрдо подумав, закрыл",,"чит, буду молчать» – твёрдо подумав, закрыл"
2929,3,1,3. оплот; Быжузы,3 оплот быжузы,тӧрӧл чӧл… (Д.,,3. оплот; Быжузы – тӧрӧл чӧл… (Д.
2929,3,2,чин) Его оплот,чин его оплот,родная степь…,,чин) Его оплот – родная степь…
2964,1,1,кижи болзо кайдат,кижи болзо кайдат,"ӱйе-сӧӧк бек, jиликтӱ,",,"кижи болзо кайдат – ӱйе-сӧӧк бек, jиликтӱ,"
2964,1,2,кан тыҥ,кан тыҥ,"бут кайрылганына, эт был-",,"кан тыҥ – бут кайрылганына, эт был-"
2964,1,3,"лодым, что там",лодым что там,"кости крепкие, с костным",,"лодым, что там – кости крепкие, с костным"
3002,2,1,кинчек-шыралузы,кинчекшыралузы,…сандары бычык,,кинчек-шыралузы – …сандары бычык
3002,2,2,мучительное,мучительное,когда придёт калека Керчек с,,мучительное – когда придёт калека Керчек с
3013,1,1,дына «Таш калап!»,дына таш калап,"деп кыйгырды, таш",,"дына «Таш калап!» – деп кыйгырды, таш"
3019,1,1,бар,бар,бып-бышпак! (Л. Кокышев) …Есть у,,бар – бып-бышпак! (Л. Кокышев) …Есть у
3019,1,2,меня рыжий вол,меня рыжий вол,пухлый-препухлый!,,меня рыжий вол – пухлый-препухлый!
3059,1,1,нӧкӧрим,нӧкӧрим,вегетариан мой друг — вегета-,,нӧкӧрим — вегетариан мой друг — вегета-
3192,1,1,офицери вы,офицери вы,офицер гвардии,,офицери вы – офицер гвардии
3225,1,1,шиҥдеп баштаган билимчи,шиҥдеп баштаган билимчи,Э. Зюсс,,шиҥдеп баштаган билимчи – Э. Зюсс
3235,1,1,jакару берери дело герцога,jакару берери дело герцога,отдавать при-,,jакару берери дело герцога – отдавать при-
3256,1,1,заков) Самый распространённый приём,заков самый распространённый приём,ги-,,заков) Самый распространённый приём – ги-
3305,1,1,турниринде турушкан,турниринде турушкан,баштапкы jер,,турниринде турушкан – баштапкы jер
3305,1,2,ствовал в шахматном турнире,ствовал в шахматном турнире,занял первое,,ствовал в шахматном турнире – занял первое
3385,1,1,дезертирдиҥ бойы эмтир»,дезертирдиҥ бойы эмтир,деп сананган,,дезертирдиҥ бойы эмтир» – деп сананган
3394,1,1,метр декаметр,метр декаметр,это десять метров,,метр декаметр – это десять метров
3624,1,1,"жип, јабыс кӧруп, бир сӧслӧ",жип јабыс кӧруп бир сӧслӧ,анаҥ јаман,,"жип, јабыс кӧруп, бир сӧслӧ – анаҥ јаман"
3641,1,1,јабызадынганы,јабызадынганы,бийиктеер (Јаҥы кереес.,,јабызадынганы – бийиктеер (Јаҥы кереес.
3670,1,1,"заклиния,",заклиния,пошёл дождь с градом,,"заклиния, – пошёл дождь с градом"
3674,1,1,на погоду); бу кижи,на погоду бу кижи,jадачы этот человек,,на погоду); бу кижи – jадачы этот человек
3940,1,1,јалкулар (И. Шодоев) Вы,јалкулар и шодоев вы,лентяи; Слер,,јалкулар (И. Шодоев) Вы – лентяи; Слер
4035,1,1,«Мениҥ нӧкӧрим»,мениҥ нӧкӧрим,"деп, Быртыяк јанына",,"«Мениҥ нӧкӧрим» – деп, Быртыяк јанына"
4058,1,1,"верили в то, что вверху есть бог, а внизу",верили в то что вверху есть бог а внизу,не-,,"верили в то, что вверху есть бог, а внизу – не-"
4120,1,1,«Мындый эрмек меге јараган!»,мындый эрмек меге јараган,"деп, Каз-",,"«Мындый эрмек меге јараган!» – деп, Каз-"
4121,2,1,зан јунарыҥ»,зан јунарыҥ,"деп, энези уулына айтты.",,"зан јунарыҥ» – деп, энези уулына айтты."
4121,2,2,«Јарайт»,јарайт,"деп, уулчак каруузын берди",,"«Јарайт» – деп, уулчак каруузын берди"
4121,2,3,"«Завтра ты будешь мыть посуду»,",завтра ты будешь мыть посуду,сказала,,"«Завтра ты будешь мыть посуду», – сказала"
4122,1,1,"мама своему сыну. «Ладно»,",мама своему сыну ладно,ответил маль-,,"мама своему сыну. «Ладно», – ответил маль-"
4174,3,1,кӧчӱриштиҥ тӧс амадузы,кӧчӱриштиҥ тӧс амадузы,бу шӱӱлтени,,кӧчӱриштиҥ тӧс амадузы – бу шӱӱлтени
4174,3,2,тайского перевода,тайского перевода,эту мысль на чисто ал-,,тайского перевода – эту мысль на чисто ал-
4255,1,1,"јадаар ба, кудагай?»",јадаар ба кудагай,"деп, бу ок ӧйдӧ",,"јадаар ба, кудагай?» – деп, бу ок ӧйдӧ"
4255,1,2,"шев) «Хорошо ли живёте, моя сватья?»",шев хорошо ли живёте моя сватья,по-,,"шев) «Хорошо ли живёте, моя сватья?» – по-"
4273,2,1,гар. «Је»,гар је,деп Алан jӧпсинди (Э. Палкин),,гар. «Је» – деп Алан jӧпсинди (Э. Палкин)
4274,1,1,"эту работу. «Ладно»,",эту работу ладно,согласился,,"эту работу. «Ладно», – согласился"
4290,2,1,оныҥ бир jаан jедикпези,оныҥ бир jаан jедикпези,уурданыш его,,оныҥ бир jаан jедикпези – уурданыш его
4290,2,2,один большой порок,один большой порок,воровство;,,один большой порок – воровство;
4370,2,1,кан кайчыга бир ат берерим…,кан кайчыга бир ат берерим,деди,,кан кайчыга бир ат берерим… – деди
4370,2,2,"одного коня…»,",одного коня,сказал,,"одного коня…», – сказал"
4374,1,1,болзын»,болзын,деди (С. Суразаков) «…Побеж-,,болзын» – деди (С. Суразаков) «…Побеж-
4405,1,1,јаныла тӱжер ачык јер бар»,јаныла тӱжер ачык јер бар,"деп, Тӧжӱлей",,"јаныла тӱжер ачык јер бар» – деп, Тӧжӱлей"
4406,1,1,иш,иш,оныҥ јӱрӱминде баштапкы јерде в,,иш – оныҥ јӱрӱминде баштапкы јерде в
4406,1,2,его жизни на первом месте,его жизни на первом месте,работа; оныҥ,,его жизни на первом месте – работа; оныҥ
4469,3,1,"жать, грызя",жать грызя,"о грызунах, насекомых) что;",,"жать, грызя – о грызунах, насекомых) что;"
4549,1,1,јерде Советтер бар ба?»,јерде советтер бар ба,"деп, Пётр сура-",,"јерде Советтер бар ба?» – деп, Пётр сура-"
4549,1,2,ды. «Јок»,ды јок,"деп, Камылды айдала, нӧкӧри",,"ды. «Јок» – деп, Камылды айдала, нӧкӧри"
4549,1,3,есть ли Советы?»,есть ли советы,спросил Пётр. Ответив:,,есть ли Советы?» – спросил Пётр. Ответив:
4590,2,1,2) крупный (по возрасту,2 крупный по возрасту,"о коне, корове и",,"2) крупный (по возрасту – о коне, корове и"
4594,2,1,состариться (по возрасту,состариться по возрасту,"о коне, корове и",,"состариться (по возрасту – о коне, корове и"
4644,1,1,«Эйе. Шак ла ол»,эйе шак ла ол,"деп, Боро-Кара",,"«Эйе. Шак ла ол» – деп, Боро-Кара"
4644,1,2,"(Б. Укачин) «Да. Именно он»,",б укачин да именно он,со-,,"(Б. Укачин) «Да. Именно он», – со-"
4660,2,1,за; jугуйла наjылашсаҥ,за jугуйла наjылашсаҥ,jугуй болорыҥ,,за; jугуйла наjылашсаҥ – jугуй болорыҥ
4660,2,2,если будешь дружить с подлизой,если будешь дружить с подлизой,станешь,,если будешь дружить с подлизой – станешь
4722,2,1,чек айрылбас кижи,чек айрылбас кижи,ӧскӱс уул Басёк бол-,,чек айрылбас кижи – ӧскӱс уул Басёк бол-
4722,2,2,его дом,его дом,[это] был сирота Васёк;,,его дом – [это] был сирота Васёк;
4740,2,1,"– каргандарды, уулдар ла кыстарды",каргандарды уулдар ла кыстарды,јууп,,"– каргандарды, уулдар ла кыстарды – јууп"
4740,2,2,ков) Всех его людей,ков всех его людей,"стариков, парней и де-",,"ков) Всех его людей – стариков, парней и де-"
4740,2,3,вушек,вушек,"собрав, показал бы себя;",,"вушек – собрав, показал бы себя;"
4752,2,1,мужа); Света,мужа света,Мария Ивановнаныҥ,,мужа); Света – Мария Ивановнаныҥ
4752,2,2,jурчызы Света,jурчызы света,свояченица Марии Иванов-,,jурчызы Света – свояченица Марии Иванов-
4770,1,1,јоктулар јуулып јон болбос»,јоктулар јуулып јон болбос,"деп, шоодып",,"јоктулар јуулып јон болбос» – деп, шоодып"
4967,1,1,јазап јылулап берер»,јазап јылулап берер,"деп, Баја шӱӱнди",,"јазап јылулап берер» – деп, Баја шӱӱнди"
4967,1,2,"плить»,",плить,решил Бадьа; Куран јапашты,,"плить», – решил Бадьа; Куран јапашты"
5112,1,1,готовленное же звеном,готовленное же звеном,16700 центнеров,,готовленное же звеном – 16700 центнеров
5128,2,1,"ремнеге келип иштебей»,",ремнеге келип иштебей,ӧбӧӧн кызына,,"ремнеге келип иштебей», – ӧбӧӧн кызына"
5128,2,2,"титься в деревню работать»,",титься в деревню работать,мужчина с на-,,"титься в деревню работать», – мужчина с на-"
5153,1,1,ады да,ады да,чӧлдиҥ малы – тӧрӧл јыттарын,,ады да – чӧлдиҥ малы – тӧрӧл јыттарын
5175,1,1,доении,доении,"о корове, кобыле и т.п.); сӱдин ийзе",,"доении — о корове, кобыле и т.п.); сӱдин ийзе"
5191,1,1,эмегенде мениҥ ӱйимниҥ ийиги!»,эмегенде мениҥ ӱйимниҥ ийиги,деген,,эмегенде мениҥ ӱйимниҥ ийиги!» – деген
5191,1,2,жены!»,жены,крик ясно послышался Титу; Кажы,,жены!» – крик ясно послышался Титу; Кажы
5191,1,3,ла агаш,ла агаш,"јажыл ийик, а мӧш дезе бажын",,"ла агаш – јажыл ийик, а мӧш дезе бажын"
5191,1,4,тӱҥей (Д. Каинчин) Каждое дерево,тӱҥей д каинчин каждое дерево,зелёное,,тӱҥей (Д. Каинчин) Каждое дерево – зелёное
5198,1,1,ийним он,ийним он,мой младший брат;,,ийним он – мой младший брат;
5233,1,1,тӱги быјыраш кой (Д. Каинчин) Та,тӱги быјыраш кой д каинчин та,"овца,",,"тӱги быјыраш кой (Д. Каинчин) Та – овца,"
5233,1,2,"приносящая двойню, эта",приносящая двойню эта,меринос,,"приносящая двойню, эта – меринос"
5240,1,1,"абызын, куулгазын; Сӱӱш",абызын куулгазын сӱӱш,ол илбизин-,,"абызын, куулгазын; Сӱӱш – ол илбизин-"
5240,1,2,куулгазын (Т. Торбоков) Любовь,куулгазын т торбоков любовь,"это магия,",,"куулгазын (Т. Торбоков) Любовь – это магия,"
5245,1,1,бала деп айтпазыҥ,бала деп айтпазыҥ,колдоры илгир болды,,бала деп айтпазыҥ – колдоры илгир болды
5253,1,1,что ли?»,что ли,[старик] шумно дёрнул цепь лодки,,что ли?» – [старик] шумно дёрнул цепь лодки
5265,3,1,глаза Сурламы,глаза сурламы,берёза; Айылдыҥ ичин,,глаза Сурламы – берёза; Айылдыҥ ичин
5284,1,1,jыгылзаҥ,jыгылзаҥ,ыйлаба... (А. Ередеев) Если,,jыгылзаҥ – ыйлаба... (А. Ередеев) Если
5284,1,2,споткнёшься в жизни,споткнёшься в жизни,не плачь…,,споткнёшься в жизни – не плачь…
5329,1,1,байлык энчизин,байлык энчизин,оос творчествозын,,байлык энчизин – оос творчествозын
5336,2,1,"«Наверное, это ложь, обман»,",наверное это ложь обман,Думал он про,,"«Наверное, это ложь, обман», – Думал он про"
5380,1,1,вечной работы не угаснет; Jиит jӱрзеҥ,вечной работы не угаснет jиит jӱрзеҥ,иш,,вечной работы не угаснет; Jиит jӱрзеҥ – иш
5380,1,2,"коркыыр, Карып калзаҥ",коркыыр карып калзаҥ,аш коркыыр,,"коркыыр, Карып калзаҥ – аш коркыыр"
5380,1,3,(Погов.) Когда молодой будешь,погов когда молодой будешь,работа,,(Погов.) Когда молодой будешь – работа
5380,1,4,"будет бояться, Когда состаришься",будет бояться когда состаришься,еда будет,,"будет бояться, Когда состаришься – еда будет"
5458,1,1,"бол, јут бол",бол јут бол,кажы ла кӱн кечер керек,,"бол, јут бол – кажы ла кӱн кечер керек"
5458,1,2,(Д. Каинчин) Летнее пастбище,д каинчин летнее пастбище,через Ка-,,(Д. Каинчин) Летнее пастбище – через Ка-
5458,1,3,"тунь. Будь то засуха, будь дожди",тунь будь то засуха будь дожди,каждый,,"тунь. Будь то засуха, будь дожди — каждый"
5475,1,1,бели; Алтай,бели алтай,тӱрк калыктардыҥ кабайы,,бели; Алтай – тӱрк калыктардыҥ кабайы
5547,2,1,инчин) Когда я посмотрел в его глаза,инчин когда я посмотрел в его глаза,ну,,инчин) Когда я посмотрел в его глаза – ну
5626,1,1,"кабактарлу, кажак тиштерлӱ уулга",кабактарлу кажак тиштерлӱ уулга,Тонок?;,,"кабактарлу, кажак тиштерлӱ уулга – Тонок?;"
5709,2,1,куда-либо отправляют,кудалибо отправляют,едет,,куда-либо отправляют — едет
5722,1,1,"ли, Откуда появился",ли откуда появился,не поняли;,,"ли, Откуда появился — не поняли;"
5756,1,1,чин) В тех глазах,чин в тех глазах,изумление от незнакомой,,чин) В тех глазах — изумление от незнакомой
5773,1,1,лык тот человек,лык тот человек,метис; Орус укту бала,,лык тот человек – метис; Орус укту бала
5833,1,1,сол кайу,сол кайу,ончозы jол jайым деп jетирет,,сол кайу — ончозы jол jайым деп jетирет
5834,1,1,"ведка, разведка справа, разведка слева",ведка разведка справа разведка слева,все,,"ведка, разведка справа, разведка слева — все"
5954,1,1,металл олово,металл олово,мягкий металл;,,металл олово — мягкий металл;
5990,1,1,когда уже не встречусь с Дьинди»,когда уже не встречусь с дьинди,громко,,когда уже не встречусь с Дьинди» – громко
6038,1,1,эмди ле атанзын,эмди ле атанзын,"деп, калганчыда Са-",,"эмди ле атанзын – деп, калганчыда Са-"
6038,1,2,сейчас же пусть едут»,сейчас же пусть едут,сказал напоследок,,сейчас же пусть едут» — сказал напоследок
6053,4,1,эмтир (С. Суразаков) Оказывается,эмтир с суразаков оказывается,это бе-,,эмтир (С. Суразаков) Оказывается — это бе-
6111,3,1,"дюров) Поговаривали, что все трое",дюров поговаривали что все трое,"люди,",,"дюров) Поговаривали, что все трое – люди,"
6131,1,1,дьак,дьак,одеяние шамана); Ол тушта камдар,,дьак — одеяние шамана); Ол тушта камдар
6170,1,1,болгоп кӧрӧр туру»,болгоп кӧрӧр туру,деп Тоодыл санан-,,болгоп кӧрӧр туру» – деп Тоодыл санан-
6170,1,2,"дождь, надо испробовать его»,",дождь надо испробовать его,подумал,,"дождь, надо испробовать его», — подумал"
6194,1,1,брания,брания,Эл Курултай,,брания – Эл Курултай
6203,1,1,эдер керек ине»,эдер керек ине,"деп, таадазы",,"эдер керек ине» — деп, таадазы"
6203,1,2,своевременно»,своевременно,сказал дедушка;,,своевременно» – сказал дедушка;
6238,1,1,сколько; Он алты jашту кижи,сколько он алты jашту кижи,канчыйан.,,сколько; Он алты jашту кижи — канчыйан.
6239,1,1,ний человек,ний человек,насколько большой. Что он,,ний человек — насколько большой. Что он
6265,1,1,трубок; каҥзалаш,трубок каҥзалаш,алтайлардыҥ озогы,,трубок; каҥзалаш — алтайлардыҥ озогы
6266,2,1,алала,алала,каҥк! — туура качты,,алала — каҥк! — туура качты
6301,1,1,стороны до переднего угла,стороны до переднего угла,по две поса-,,стороны до переднего угла — по две поса-
6367,1,1,"словно полная луна,",словно полная луна,беленькое и чистое,,"словно полная луна, — беленькое и чистое"
6377,1,1,талайдыҥ јаан кужы баклан,талайдыҥ јаан кужы баклан,крупная,,талайдыҥ јаан кужы баклан — крупная
6402,1,1,"пок, преступление; ол каралу кижи он",пок преступление ол каралу кижи он,че-,,"пок, преступление; ол каралу кижи он – че-"
6432,1,1,"jайканып, чечектеп келген",jайканып чечектеп келген,jаражын (Из,,"jайканып, чечектеп келген – jаражын (Из"
6459,1,1,но-серого драгоценного коня Спина,носерого драгоценного коня спина,слов-,,но-серого драгоценного коня Спина — слов-
6459,1,2,"но лысая тайга, Грива",но лысая тайга грива,словно густая тайга;,,"но лысая тайга, Грива — словно густая тайга;"
6568,1,1,каруулу,каруулу,айылчыныҥ чачынаҥ кыл да,,каруулу — айылчыныҥ чачынаҥ кыл да
6568,1,2,хозяин дома ответственен,хозяин дома ответственен,с головы (букв.,,хозяин дома ответственен — с головы (букв.
6632,2,1,рода,рода,братья;,,рода — братья;
6781,1,1,ырап турган,ырап турган,онызын Истеми-Кезерге,,ырап турган — онызын Истеми-Кезерге
6781,1,2,"удалялся,",удалялся,этого Истеми-Кезеру понять,,"удалялся, — этого Истеми-Кезеру понять"
6822,3,1,будет-то ещё без коровы,будетто ещё без коровы,"конечно-же, во",,"будет-то ещё без коровы — конечно-же, во"
6892,2,1,"јадын эмес,",јадын эмес,"кежик не жизнь, а благодать;",,"јадын эмес, — кежик не жизнь, а благодать;"
6893,1,1,белый Алтай,белый алтай,Стойбище шестидесяти,,белый Алтай — Стойбище шестидесяти
7129,1,1,рода); кыпчак ла кергил сӧӧктӧр,рода кыпчак ла кергил сӧӧктӧр,ка-,,рода); кыпчак ла кергил сӧӧктӧр — ка-
7163,2,1,незабываемое событие,незабываемое событие,"это время, когда",,"незабываемое событие — это время, когда"
7227,2,1,— кертеҥ тот человек,кертеҥ тот человек,хвастун; ср.,,— кертеҥ тот человек — хвастун; ср.
7257,2,1,ты кӧрдиҥ бе?,ты кӧрдиҥ бе,"деп, Каракай Озойдоҥ су-",,"ты кӧрдиҥ бе? – деп, Каракай Озойдоҥ су-"
7354,1,1,илинер неме,илинер неме,таскактыҥ кийни јанында,,илинер неме – таскактыҥ кийни јанында
7355,1,1,за,за,это наполовину съеденный стог в задней,,за – это наполовину съеденный стог в задней
7386,1,1,"чин) Сила, давшая жизнь старику,",чин сила давшая жизнь старику,хорошее,,"чин) Сила, давшая жизнь старику, — хорошее"
7411,1,1,"под нос; «Тьфу, аза бертирим ине!»",под нос тьфу аза бертирим ине,"деп,",,"под нос; «Тьфу, аза бертирим ине!» – деп,"
7519,1,1,"смерть, для кошки",смерть для кошки,игра;,,"смерть, для кошки – игра;"
7699,1,1,"ат, jӱрзе",ат jӱрзе,"канады, ӧлзӧ – койылгазы болды",,"ат, jӱрзе – канады, ӧлзӧ – койылгазы болды"
7699,1,2,"то был [его] крыльями, если умирал,",то был его крыльями если умирал,был,,"то был [его] крыльями, если умирал, – был"
7778,2,1,больше всего [его] отец,больше всего его отец,"шутник, иногда",,"больше всего [его] отец — шутник, иногда"
7779,1,1,"в правую руку лук, а в левую",в правую руку лук а в левую,стрелу;,,"в правую руку лук, а в левую – стрелу;"
7810,1,1,"людей, это",людей это,мост,,"людей, это — мост"
7814,1,1,булар,булар,ол улустыҥ ортозындагы колбу-,,булар — ол улустыҥ ортозындагы колбу-
7814,1,2,и тылом,и тылом,это отношения между людьми;,,и тылом — это отношения между людьми;
7863,1,1,другой,другой,через плечо),,другой – через плечо)
7950,1,1,«укладывают спать»,укладывают спать,кладут горизонтально,,«укладывают спать» – кладут горизонтально
8001,1,1,"туттурган болзо, сеги арткай",туттурган болзо сеги арткай,не де,,"туттурган болзо, сеги арткай — не де"
8001,1,2,остались бы кости,остались бы кости,ничего не было замечено,,остались бы кости — ничего не было замечено
8029,2,1,балдар меге,балдар меге,коот дети для меня – отрада;,,балдар меге – коот дети для меня – отрада;
8110,2,1,2) покраснеть (от трения,2 покраснеть от трения,о,,2) покраснеть (от трения – о
8223,1,1,куштыҥ ӱстинде,куштыҥ ӱстинде,jаркындалган jаскы,,куштыҥ ӱстинде — jаркындалган jаскы
8223,1,2,"кӱн, алдында",кӱн алдында,"кыралар, корымдалган",,"кӱн, алдында — кыралар, корымдалган"
8223,1,3,(Э. Тоюшев) Над той птицей,э тоюшев над той птицей,сверкающее,,(Э. Тоюшев) Над той птицей — сверкающее
8223,1,4,"весеннее солнце, внизу",весеннее солнце внизу,"поля, заваленные",,"весеннее солнце, внизу — поля, заваленные"
8236,1,1,"подобно волку,",подобно волку,"грозные и бесстрашные,",,"подобно волку, — грозные и бесстрашные,"
8236,1,2,"твёрдые и крепкие, словно волк",твёрдые и крепкие словно волк,алчные и,,"твёрдые и крепкие, словно волк — алчные и"
8252,1,1,даштар,даштар,"кажызы ла тудунчактарлу, – он-",,"даштар – кажызы ла тудунчактарлу, – он-"
8252,1,2,"– каждый с узелком,",каждый с узелком,все пришли;,,"– каждый с узелком, – все пришли;"
8356,2,1,керекке албаган,керекке албаган,jыл чыгып калган мал,,керекке албаган – jыл чыгып калган мал
8363,3,1,"взглянул с кровати вниз,",взглянул с кровати вниз,"у изголовья огня,",,"взглянул с кровати вниз, — у изголовья огня,"
8623,1,1,суу алтындый (АБ) Смотрящие глаза,суу алтындый аб смотрящие глаза,как,,суу алтындый (АБ) Смотрящие глаза — как
8623,1,2,"синяя звезда, сам он, милый,",синяя звезда сам он милый,как чистое,,"синяя звезда, сам он, милый, — как чистое"
8642,2,1,кӧбӧк кижи кӧӧрӧҥкӧй»,кӧбӧк кижи кӧӧрӧҥкӧй,"деп, jаан улус",,"кӧбӧк кижи кӧӧрӧҥкӧй» — деп, jаан улус"
8642,2,2,заводится»,заводится,так говорят старые люди,,заводится» — так говорят старые люди
8684,2,1,не туругар?,не туругар,"деп, энези олорды арбай бер-",,"не туругар? – деп, энези олорды арбай бер-"
8913,1,1,"женщину,",женщину,это коричневое шёлковое,,"женщину, — это коричневое шёлковое"
8962,1,1,осенью,осенью,складывать поленницу;,,осенью — складывать поленницу;
9202,2,1,"кутукка jедерге канча кӱн керек,",кутукка jедерге канча кӱн керек,а оны,,"кутукка jедерге канча кӱн керек, — а оны"
9214,1,1,куу казык ошкош,куу казык ошкош,сок jаҥыскан (Б. Ука-,,куу казык ошкош – сок jаҥыскан (Б. Ука-
9214,1,2,"сохшее поле,",сохшее поле,совершенно один,,"сохшее поле, — совершенно один"
9494,1,1,человек,человек,почитаем,,человек – почитаем
9545,1,1,леш,леш,"кара-кӱреҥ, чачы кӱргӱл, Елена дезе",,"леш – кара-кӱреҥ, чачы кӱргӱл, Елена дезе"
9546,1,1,"смуглое, волосы русые, а Елена",смуглое волосы русые а елена,"белолицая,",,"смуглое, волосы русые, а Елена – белолицая,"
9549,1,1,зын уул,зын уул,алтай кижи (Д. Каинчин) Второй,,зын уул – алтай кижи (Д. Каинчин) Второй
9555,1,1,чылап калган болзо,чылап калган болзо,"кӱреелей тургулап,",,"чылап калган болзо – кӱреелей тургулап,"
9556,1,1,люди,люди,"какими бы голодными, грустными",,"люди – какими бы голодными, грустными"
9556,1,2,"они ни были, как бы не устали,",они ни были как бы не устали,"встав в круг,",,"они ни были, как бы не устали, – встав в круг,"
9563,3,1,кӱсте не болзын,кӱсте не болзын,аш-курсак јайрап кал-,,кӱсте не болзын – аш-курсак јайрап кал-
9573,1,1,эдим (К. Телесов),эдим к телесов,"Э-ээх, было бы жаркое",,"эдим (К. Телесов) – Э-ээх, было бы жаркое"
9601,1,1,марс!,марс,тоҥдолгон јерге боожо туткан уул,,марс! – тоҥдолгон јерге боожо туткан уул
9603,1,1,"кире болды ба, јок по",кире болды ба јок по,мылтык кӱрс эткен,,"кире болды ба, јок по – мылтык кӱрс эткен"
9603,1,2,"курке табака,",курке табака,грохнуло ружьё,,"курке табака, – грохнуло ружьё"
9610,1,1,грубить;,грубить,"Јок, мен тойу – Шалба кӱрт эдип,",,"грубить; – Јок, мен тойу – Шалба кӱрт эдип,"
9610,1,2,тура јӱгӱрди (Т. Торбоков),тура јӱгӱрди т торбоков,"Нет, я сыт, – ска-",,"тура јӱгӱрди (Т. Торбоков) – Нет, я сыт, – ска-"
9671,3,1,ар неме jок,ар неме jок,кӱчӱктерим чыдаган (Д. Ка-,,ар неме jок – кӱчӱктерим чыдаган (Д. Ка-
9671,3,2,инчин) Переживать не из-за чего,инчин переживать не изза чего,щенки мои,,инчин) Переживать не из-за чего – щенки мои
9678,1,1,ный народ,ный народ,большой любитель хвастаться,,ный народ – большой любитель хвастаться
9693,1,1,тыштан-; «Чай тус jок»,тыштан чай тус jок,"деп, Кылык",,"тыштан-; «Чай тус jок» — деп, Кылык"
9693,1,2,"ный»,",ный,нервничал Кылык,,"ный», — нервничал Кылык"
9748,2,1,кӧрӱнген,кӧрӱнген,ончолоры jииттер: кызыл-ма-,,кӧрӱнген – ончолоры jииттер: кызыл-ма-
9748,2,2,лись одинаковыми,лись одинаковыми,все молодые: румяные,,лись одинаковыми – все молодые: румяные
9748,2,3,"кӧрӧр болзо, Чакыбай",кӧрӧр болзо чакыбай,кызыл-марал чы-,,"кӧрӧр болзо, Чакыбай – кызыл-марал чы-"
9748,2,4,смотреться получше,смотреться получше,Чакыбай крепкий муж-,,смотреться получше – Чакыбай крепкий муж-
9838,1,1,мыктанып болбой jадыгар»,мыктанып болбой jадыгар,"деп, Мунду-",,"мыктанып болбой jадыгар» – деп, Мунду-"
9838,1,2,сдвинуться с места»,сдвинуться с места,начал Мундусов кри-,,сдвинуться с места» – начал Мундусов кри-
9849,1,1,"куда-то торопится, всё идут и идут»,",кудато торопится всё идут и идут,поду-,,"куда-то торопится, всё идут и идут», – поду-"
9865,1,1,клонения Алтайдыҥ ээзи,клонения алтайдыҥ ээзи,хозяину Алтая);,,клонения Алтайдыҥ ээзи – хозяину Алтая);
9870,1,1,ресное,ресное,"это глаза Шуралай, точно кошачьи",,"ресное – это глаза Шуралай, точно кошачьи"
9920,1,1,чаҥкыр торкозын!»,чаҥкыр торкозын,деп айдатам (К. Те-,,чаҥкыр торкозын!» – деп айдатам (К. Те-
9995,1,1,"јыҥырабас, чуранаҥ јайнабас»",јыҥырабас чуранаҥ јайнабас,"деп,",,"јыҥырабас, чуранаҥ јайнабас» – деп,"
10094,1,1,"ведь есть»,",ведь есть,улыбнулся Пётр,,"ведь есть», – улыбнулся Пётр"
10098,1,1,покырмак кар кайыла берер эмей»,по кырмак кар кайыла берер эмей,"деп,",,"покырмак кар кайыла берер эмей» – деп,"
10231,1,1,айлын јазап јылулап берер»,айлын јазап јылулап берер,"деп, Баја",,"айлын јазап јылулап берер» – деп, Баја"
10233,1,1,"течение зимы поесть хватит»,",течение зимы поесть хватит,сказал [он],,"течение зимы поесть хватит», – сказал [он]"
10303,1,1,лексикология,лексикология,тил билимниҥ бӧлӱги,,лексикология – тил билимниҥ бӧлӱги
10303,1,2,лексикология,лексикология,раздел лингвистики; лек-,,лексикология – раздел лингвистики; лек-
10318,1,1,кы орус летописец,кы орус летописец,Нестор первый,,кы орус летописец – Нестор первый
10318,1,2,русский летописец,русский летописец,Нестор,,русский летописец – Нестор
10325,1,1,лугы лимонный сок; лимон,лугы лимонный сок лимон,jайы-,,лугы лимонный сок; лимон – jайы-
10327,1,1,лингвист; Т.М. Тощакова,лингвист тм тощакова,баштапкы,,лингвист; Т.М. Тощакова – баштапкы
10346,1,1,кружок эмес,кружок эмес,"дежип, олордыҥ орто-",,"кружок эмес – дежип, олордыҥ орто-"
10552,1,1,оныҥ jӱзине тӱкӱрип ийди.,оныҥ jӱзине тӱкӱрип ийди,"Ме,",,"оныҥ jӱзине тӱкӱрип ийди. – Ме,"
10552,1,2,нул ему в лицо.,нул ему в лицо,"На тебе, мерзавец!",,"нул ему в лицо. – На тебе, мерзавец!"
10577,1,1,ошкош,ошкош,малталардыҥ араай чатылдага-,,ошкош – малталардыҥ араай чатылдага-
10577,1,2,це готовят гроб,це готовят гроб,слышен тихий стук топо-,,це готовят гроб – слышен тихий стук топо-
10583,1,1,"не случилось… Разболелась голова»,",не случилось разболелась голова,солга-,,"не случилось… Разболелась голова», – солга-"
10584,1,1,молодого офицера,молодого офицера,ключи для сердца глу-,,молодого офицера – ключи для сердца глу-
10610,1,1,неджер,неджер,ол башкараачы (АЧ) Прежде все-,,неджер – ол башкараачы (АЧ) Прежде все-
10612,1,1,"го, менеджер",го менеджер,это руководитель; менеджер-,,"го, менеджер – это руководитель; менеджер-"
10627,1,1,коня,коня,не останавливайся,,коня – не останавливайся
10742,1,1,ков) Луна и Солнце,ков луна и солнце,основные персонажи,,ков) Луна и Солнце – основные персонажи
10821,1,1,зы кайда барды?»,зы кайда барды,"деп, карганак айлынаҥ",,"зы кайда барды?» – деп, карганак айлынаҥ"
10821,1,2,корова?»,корова,старуха вышла из аила,,корова?» – старуха вышла из аила
10929,2,1,"«Фронттоҥ? О кудаймай»,",фронттоҥ о кудаймай,ол мыжыл-,,"«Фронттоҥ? О кудаймай», – ол мыжыл-"
10929,2,2,"(А. Адаров) «Из фронта? О боже мой»,",а адаров из фронта о боже мой,"она,",,"(А. Адаров) «Из фронта? О боже мой», – она,"
10932,1,1,"сопят; Таня, Байыҥ ла Байраш",сопят таня байыҥ ла байраш,ончолоры,,"сопят; Таня, Байыҥ ла Байраш – ончолоры"
10932,1,2,"ров) Таня, Байын и Байраш",ров таня байын и байраш,"все, шмыгая но-",,"ров) Таня, Байын и Байраш – все, шмыгая но-"
10950,1,1,стве); Ончозы јадала кададылар,стве ончозы јадала кададылар,Јада,,стве); Ончозы јадала кададылар – Јада
10950,1,2,копьём,копьём,Наконечники копий согнулись,,копьём – Наконечники копий согнулись
10971,1,1,барга,барга,"арык, мал азыраарга – мылjы… Бу",,"барга – арык, мал азыраарга – мылjы… Бу"
10971,1,2,чин) …Дерево рубить,чин дерево рубить,"худой, скот выращи-",,"чин) …Дерево рубить – худой, скот выращи-"
10971,1,3,вать,вать,пассивный. Эти слова очень подходят,,вать – пассивный. Эти слова очень подходят
10974,1,1,"jараш кӧстӧр керек эмей»,",jараш кӧстӧр керек эмей,"деп, Амыр",,"jараш кӧстӧр керек эмей», – деп, Амыр"
10974,1,2,"за»,",за,кривлялся Амыр,,"за», – кривлялся Амыр"
10985,1,1,ный мылча эдип алыгар»,ный мылча эдип алыгар,"деп, Чотнаков",,"ный мылча эдип алыгар» – деп, Чотнаков"
10987,1,1,"ственной баней»,",ственной баней,"сказал, смеясь, Чотнаков,",,"ственной баней», – сказал, смеясь, Чотнаков,"
10994,1,1,нени кайнаткай не?»,нени кайнаткай не,деп сананып jатты,,нени кайнаткай не?» – деп сананып jатты
11007,1,1,вится,вится,пусть уходит отсюда!,,вится – пусть уходит отсюда!
11076,1,1,лалган «Чуйдыҥ јолы,лалган чуйдыҥ јолы,"најылыктыҥ,",,"лалган «Чуйдыҥ јолы – најылыктыҥ,"
11076,1,2,автопробег «Чуйский тракт,автопробег чуйский тракт,"дорога дружбы,",,"автопробег «Чуйский тракт – дорога дружбы,"
11077,1,1,– кижи кыйгырды.,кижи кыйгырды,Ӧскӧ улус аттарына,,– кижи кыйгырды. – Ӧскӧ улус аттарына
11077,1,1,"дарное животное,",дарное животное,крикнул человек. – Дру-,,"дарное животное, – крикнул человек. – Дру-"
11115,1,1,дыырга jатканы,дыырга jатканы,тӱӱкини булгаганы деп,,дыырга jатканы – тӱӱкини булгаганы деп
11134,1,1,ол»,ол,"деп, Эрел Мироныч каруу јандырар",,"ол» – деп, Эрел Мироныч каруу јандырар"
11136,1,1,"угля, стелете, нейлон надеваете»,",угля стелете нейлон надеваете,отвечал,,"угля, стелете, нейлон надеваете», – отвечал"
11192,1,1,эмеш ле jаан,эмеш ле jаан,диаметри 27 мм (АЧ) Новые,,эмеш ле jаан – диаметри 27 мм (АЧ) Новые
11192,1,2,размер чуть больше 5 рублей,размер чуть больше 5 рублей,диаметр 27,,размер чуть больше 5 рублей – диаметр 27
11285,1,1,онызы не обызын»,онызы не обызын,"деп, Челтеш эjебис",,"онызы не обызын» – деп, Челтеш эjебис"
11285,1,2,"это за прихоть»,",это за прихоть,как бы с обидой проговори-,,"это за прихоть», – как бы с обидой проговори-"
11291,1,1,(Т. Шинжин) Раз смотришь,т шинжин раз смотришь,[дети] работа-,,(Т. Шинжин) Раз смотришь – [дети] работа-
11308,1,1,друг друга остроконечные горы,друг друга остроконечные горы,[это] Сы-,,друг друга остроконечные горы – [это] Сы-
11332,1,1,"какая будет работа»,",какая будет работа,сказал;,,"какая будет работа», – сказал;"
11332,2,1,га ончозынаҥ озо jеткен кижи,га ончозынаҥ озо jеткен кижи,Карагыс,,га ончозынаҥ озо jеткен кижи – Карагыс
11332,2,2,до стана вперёд всех,до стана вперёд всех,Карагыс;,,до стана вперёд всех – Карагыс;
11365,1,1,те! (А. Саруева) ... Он,те а саруева он,"и предводитель наш,",,"те! (А. Саруева) ... Он – и предводитель наш,"
11417,1,1,јакшы ойын волейбол,јакшы ойын волейбол,хорошая игра; Ка-,,јакшы ойын волейбол – хорошая игра; Ка-
11473,1,1,немецтердиҥ колонназын кӧргӧм»,немецтердиҥ колонназын кӧргӧм,"деп,",,"немецтердиҥ колонназын кӧргӧм» – деп,"
11494,2,1,«Сен не мындый кунукчыл?»,сен не мындый кунукчыл,"деп, ӱӱрези",,"«Сен не мындый кунукчыл?» – деп, ӱӱрези"
11494,2,2,грустная?»,грустная,бойко спросила её подруга,,грустная?» – бойко спросила её подруга
11503,1,1,эмес эмей!,эмес эмей,"деп, лётчиктер оморкожьш",,"эмес эмей! – деп, лётчиктер оморкожьш"
11507,1,1,"ор, тӱрген joртoк»",ор тӱрген joртoк,"деп, Учур айдатан",,"ор, тӱрген joртoк» — деп, Учур айдатан"
11512,1,1,тартканымды да билбегем,тартканымды да билбегем,ӱйелериле,,тартканымды да билбегем – ӱйелериле
11512,1,2,"тренности, дёрнул рёбра на две стороны",тренности дёрнул рёбра на две стороны,су-,,"тренности, дёрнул рёбра на две стороны – су-"
11529,1,1,алактар...»,алактар,"деп, Унчукпас айдып, маши-",,"алактар...» – деп, Унчукпас айдып, маши-"
11598,2,1,(Ч. Чунижеков) Смотрит,ч чунижеков смотрит,три че-,,(Ч. Чунижеков) Смотрит – три че-
11629,1,1,теӧткӱрип турган кижи,те ӧткӱрип турган кижи,кей-кебизин Чар-,,теӧткӱрип турган кижи – кей-кебизин Чар-
11629,1,2,пӧ?»,пӧ,"деп сурады (Э. Тоюшев) Человек, ко-",,"пӧ?» – деп сурады (Э. Тоюшев) Человек, ко-"
11629,1,3,торый проводит собрание,торый проводит собрание,ветреный Чарба-,,торый проводит собрание – ветреный Чарба-
11630,2,1,"болит келеле, Ончозын jудуп барган»",болит келеле ончозын jудуп барган,дешти,,"болит келеле, Ончозын jудуп барган» – дешти"
11630,2,2,"съел»,",съел,сказали,,"съел», – сказали"
11724,1,1,"ловецтер, поле",ловецтер поле,"јалаҥда јаткан улус, јалаҥ",,"ловецтер, поле – јалаҥда јаткан улус, јалаҥ"
11724,1,2,[от слова] поле,от слова поле,"живущие в поле люди, люди",,"[от слова] поле – живущие в поле люди, люди"
11729,1,1,"да орык jолло атту улус барып jат, ол",да орык jолло атту улус барып jат ол,Ай-,,"да орык jолло атту улус барып jат, ол – Ай-"
11729,1,2,дях,дях,это Айдар и Арчынай,,дях – это Айдар и Арчынай
11736,1,1,кайдаҥ...,кайдаҥ,Не jӱргенeep? – Темдек оспок-,,кайдаҥ... – Не jӱргенeep? – Темдек оспок-
11755,1,1,бийлеген jери бу,бийлеген jери бу,Экинчи Чуй оток (Д. Ка-,,бийлеген jери бу – Экинчи Чуй оток (Д. Ка-
11777,1,1,кӧӧп»,кӧӧп,"деп, Адар кызын очомдоп, килейте",,"кӧӧп» – деп, Адар кызын очомдоп, килейте"
11777,2,1,јурукчыныҥ ӧбӧкӧзи,јурукчыныҥ ӧбӧкӧзи,Ортонулов фами-,,јурукчыныҥ ӧбӧкӧзи — Ортонулов фами-
11777,2,2,лия известного алтайского художника,лия известного алтайского художника,Ор-,,лия известного алтайского художника — Ор-
11816,3,1,бирӱзи,бирӱзи,мениҥ ӧйим. А оныҥ тӧзӧлгӧзи,,бирӱзи — мениҥ ӧйим. А оныҥ тӧзӧлгӧзи
11816,3,2,ле ӧзӧги,ле ӧзӧги,эске алыныш (Б. Укачин) Сам,,ле ӧзӧги — эске алыныш (Б. Укачин) Сам
11816,3,3,ги,ги,моё время. А её основа и ядро — вос-,,ги — моё время. А её основа и ядро — вос-
11824,1,1,эки jыл,эки jыл,ол ас ӧй эмес (Б. Укачин) А два,,эки jыл — ол ас ӧй эмес (Б. Укачин) А два
11824,1,2,года,года,это срок немалый;,,года — это срок немалый;
11831,1,1,балам?»,балам,"деп, адазы сурайт (Л. Кокышев)",,"балам?» — деп, адазы сурайт (Л. Кокышев)"
11832,1,1,моё?»,моё,спрашивает отец;,,моё?» — спрашивает отец;
11838,1,1,јӱрген немези,јӱрген немези,балдар јок (Б. Укачин),,јӱрген немези — балдар јок (Б. Укачин)
11844,2,1,де бар»,де бар,деп адылды (Ч. Чунижеков) Ан-,,де бар» — деп адылды (Ч. Чунижеков) Ан-
11850,1,1,с которыми работали и жили вместе,с которыми работали и жили вместе,целое,,с которыми работали и жили вместе — целое
11852,2,1,в меру; Эм,в меру эм,"ол тус, ажыра jизеҥ — корон,",,"в меру; Эм — ол тус, ажыра jизеҥ — корон,"
11852,2,2,ӧйлӱ-кемдӱ jизеҥ,ӧйлӱкемдӱ jизеҥ,туза (АД) Лекарство —,,ӧйлӱ-кемдӱ jизеҥ — туза (АД) Лекарство —
11852,2,3,нормы,нормы,"яд, употребишь в меру — польза",,"нормы — яд, употребишь в меру — польза"
11860,1,1,друг!»,друг,"волнуясь, произнёс Карабаш, затем",,"друг!» — волнуясь, произнёс Карабаш, затем"
11873,2,1,"рум не…»,",рум не,"Морозка кенерте ӧксӧс эдип,",,"рум не…», — Морозка кенерте ӧксӧс эдип,"
11885,1,1,мен слерди ӧлӧлӧп берейин бе?»,мен слерди ӧлӧлӧп берейин бе,"деп,",,"мен слерди ӧлӧлӧп берейин бе?» — деп,"
11897,2,1,ӦЛТӰРЕЕЧИ убийца; Ӧлтӱреечи,ӧлтӱреечи убийца ӧлтӱреечи,ол,,ӦЛТӰРЕЕЧИ убийца; Ӧлтӱреечи — ол
11897,2,2,база кижи (А. Адаров) Убийца,база кижи а адаров убийца,он тоже,,база кижи (А. Адаров) Убийца — он тоже
11898,1,1,вания,вания,"он или покончит с собой, или начнёт",,"вания — он или покончит с собой, или начнёт"
11910,1,1,«Карган ӧлӱмзе!»,карган ӧлӱмзе,"деп, ӧгӧӧни оноҥ тыҥ",,"«Карган ӧлӱмзе!» — деп, ӧгӧӧни оноҥ тыҥ"
11910,2,1,ын!»,ын,"деп, Айасту кыйгырган… «Улус",,"ын!» — деп, Айасту кыйгырган… «Улус"
11910,2,2,ние!»,ние,закричал Айасту… Когда предло-,,ние!» — закричал Айасту… Когда предло-
11910,1,1,«Мениҥ!»,мениҥ,"деп, Арунай ӧлӱмтик ӱнле",,"«Мениҥ!» — деп, Арунай ӧлӱмтик ӱнле"
11910,1,2,айтты (С. Манитов) «Мой!»,айтты с манитов мой,безжизнен-,,айтты (С. Манитов) «Мой!» — безжизнен-
11919,1,1,кӱчтӱ эмтир!»,кӱчтӱ эмтир,"деп, jеҥӱ алган кушкаш-",,"кӱчтӱ эмтир!» — деп, jеҥӱ алган кушкаш-"
11919,1,2,сильные!»,сильные,похвалил я одержавших победу,,сильные!» — похвалил я одержавших победу
11928,2,1,тётся,тётся,поднимется,,тётся – поднимется
11936,1,1,подниматься; «Чындап!»,подниматься чындап,"деп, кенетийин",,"подниматься; «Чындап!» — деп, кенетийин"
11942,1,1,кӱреҥ чырай,кӱреҥ чырай,эҥ jараш чырай. Ондый,,кӱреҥ чырай — эҥ jараш чырай. Ондый
11961,2,1,2) перен. отрезок; Ол,2 перен отрезок ол,ӧткӧн,,2) перен. отрезок; Ол — ӧткӧн
11990,1,1,на; оныҥ jаткан jери,на оныҥ jаткан jери,"ӧрӧртин место, где",,"на; оныҥ jаткан jери — ӧрӧртин место, где"
11990,1,2,он жил,он жил,верхняя сторона,,он жил — верхняя сторона
11991,1,1,(Д. Каинчин) В верхней стороне,д каинчин в верхней стороне,колхоз,,(Д. Каинчин) В верхней стороне — колхоз
11993,1,1,сӧзи,сӧзи,"ӧрт-калап та камызып ийер, Арс-",,"сӧзи — ӧрт-калап та камызып ийер, Арс-"
12013,1,1,jуулган кара калан,jуулган кара калан,"киш, камду, тийиҥ",,"jуулган кара калан — киш, камду, тийиҥ"
12013,1,2,налог),налог,"соболь, выдра, белка — всё шло в",,"налог) — соболь, выдра, белка — всё шло в"
12066,1,1,бажы,бажы,"ӧлӱм (Погов.) Итог смеха — плач,",,"бажы — ӧлӱм (Погов.) Итог смеха — плач,"
12066,1,2,мести,мести,смерть,,мести — смерть
12067,1,1,"мени, ӧчӧгӧҥ, сӱӱжимди саткаҥ»",мени ӧчӧгӧҥ сӱӱжимди саткаҥ,"деп,",,"мени, ӧчӧгӧҥ, сӱӱжимди саткаҥ» — деп,"
12067,1,2,"любовь мою продал»,",любовь мою продал,"негодуя, испытывая",,"любовь мою продал», — негодуя, испытывая"
12067,1,3,гоняют корову); «Ӧчӧ!»,гоняют корову ӧчӧ,"деп, ол уйын ай-",,"гоняют корову); «Ӧчӧ!» — деп, ол уйын ай-"
12067,1,4,дайт «Пошла!»,дайт пошла,погоняет она свою корову,,дайт «Пошла!» — погоняет она свою корову
12191,1,1,сӱӱнчилӱ јӱргилеер,сӱӱнчилӱ јӱргилеер,колдорында,,сӱӱнчилӱ јӱргилеер – колдорында
12200,1,1,пирогторды изидер греть пироги;,пирогторды изидер греть пироги,А мен,,пирогторды изидер греть пироги; – А мен
12200,1,2,ев),ев,"А я вкусные пироги, горячие оладушки",,"ев) – А я вкусные пироги, горячие оладушки"
12220,1,1,лап алган эмеендер ле оок балдар,лап алган эмеендер ле оок балдар,ончо-,,лап алган эмеендер ле оок балдар – ончо-
12220,1,2,"укутавшие лица, и малые дети",укутавшие лица и малые дети,все крути-,,"укутавшие лица, и малые дети – все крути-"
12285,1,1,лов,лов,кӧп портреттердиҥ авторы художник,,лов – кӧп портреттердиҥ авторы художник
12286,1,1,Ортонулов,ортонулов,автор многих портретов,,Ортонулов – автор многих портретов
12291,1,1,болуп jайалганы кӧрӱнет. Ол,болуп jайалганы кӧрӱнет ол,ӧспӧгӧн,,болуп jайалганы кӧрӱнет. Ол – ӧспӧгӧн
12291,1,2,тель. Она,тель она,не выросший поэт,,тель. Она – не выросший поэт
12299,1,1,кечире…»,кечире,"деп, дежурныйга айдала,",,"кечире…» – деп, дежурныйга айдала,"
12348,2,1,билери,билери,…эки башка сурактар (Т. Тохнин),,билери – …эки башка сурактар (Т. Тохнин)
12349,1,1,писать или говорить,писать или говорить,…два разных вопроса;,,писать или говорить – …два разных вопроса;
12363,1,1,тель по психологии; Л. Толстой,тель по психологии л толстой,кижиниҥ,,тель по психологии; Л. Толстой – кижиниҥ
12363,1,2,хологы Л. Толстой,хологы л толстой,психолог человеческой,,хологы Л. Толстой – психолог человеческой
12366,1,1,jадыҥ?»,jадыҥ,"деп, Атамыш айтты (Л. Кокы-",,"jадыҥ?» – деп, Атамыш айтты (Л. Кокы-"
12366,1,2,сала?»,сала,сказал Атамыш,,сала?» – сказал Атамыш
12369,1,1,"тов алдында ветеринар болгон, эмди",тов алдында ветеринар болгон эмди,пу-,,"тов алдында ветеринар болгон, эмди – пу-"
12369,1,2,"ветеринаром, теперь",ветеринаром теперь,пулемётчик,,"ветеринаром, теперь – пулемётчик"
12395,1,1,газтардыҥ бирӱзи радон,газтардыҥ бирӱзи радон,один из самых,,газтардыҥ бирӱзи радон – один из самых
12495,1,1,база керек»,база керек,"деп, коштой отурган",,"база керек» – деп, коштой отурган"
12496,1,1,"тоже нужна»,",тоже нужна,не соглашался его друг в оч-,,"тоже нужна», – не соглашался его друг в оч-"
12524,1,1,молока,молока,"о груди, вымени); уйлар саамчыган",,"молока – о груди, вымени); уйлар саамчыган"
12561,2,1,эки уулчак ол кижини,эки уулчак ол кижини,садучы ӧбӧӧнди –,,эки уулчак ол кижини – садучы ӧбӧӧнди –
12562,1,1,того человека,того человека,мужчину-торговца,,того человека – мужчину-торговца
12583,1,1,…,…,"деп, ӧбӧӧн таштарга бӱдӱрилбеске, бу-",,"… – деп, ӧбӧӧн таштарга бӱдӱрилбеске, бу-"
12586,1,1,гон немези,гон немези,јаҥыс ла сайалап брааткан,,гон немези – јаҥыс ла сайалап брааткан
12586,1,2,рой играют мальчишки,рой играют мальчишки,почти разваливаю-,,рой играют мальчишки – почти разваливаю-
12616,1,1,бот. мать-и-мачеха; сай-от,бот матьимачеха сайот,эм,,бот. мать-и-мачеха; сай-от – эм
12619,1,1,сайрал лето,сайрал лето,детям празднество,,сайрал лето – детям празднество
12670,4,1,тудуп бердим…,тудуп бердим,"дейле, ол тискинин бош",,"тудуп бердим… – дейле, ол тискинин бош"
12673,3,1,3) приток; Себи,3 приток себи,Кадынныҥ,,3) приток; Себи – Кадынныҥ
12673,3,2,салаазы Сема,салаазы сема,приток Катуни;,,салаазы Сема – приток Катуни;
12696,1,1,рактером,рактером,всех людей заставит суетиться;,,рактером – всех людей заставит суетиться;
12878,1,1,"кускундый какшып, «мен",кускундый какшып мен,"эмчи, сыйму-",,"кускундый какшып, «мен – эмчи, сыйму-"
12878,1,2,тайском: «я,тайском я,"лекарь, массажист, костоправ»,",,"тайском: «я – лекарь, массажист, костоправ»,"
13070,1,1,центнерди обоологоноор,центнерди обоологоноор,"деп, Танты-",,"центнерди обоологоноор — деп, Танты-"
13071,1,1,сена»,сена,"сказав, Тантыбаров свободно сел на",,"сена» — сказав, Тантыбаров свободно сел на"
13139,2,1,"эмезим, мекелебе мени»",эмезим мекелебе мени,"деп, Абаныҥ",,"эмезим, мекелебе мени» — деп, Абаныҥ"
13139,2,2,меня»,меня,"говорит Аба, дыхание его вдруг ста-",,"меня» — говорит Аба, дыхание его вдруг ста-"
13240,1,1,на) Это,на это,мелодия моей родины. Родная мне,,на) Это — мелодия моей родины. Родная мне
13403,1,1,"барды, Отык бу, Отык бу туру»",барды отык бу отык бу туру,"деп, со-",,"барды, Отык бу, Отык бу туру» — деп, со-"
13403,1,2,"стоит»,",стоит,"говорит он, показывая указатель-",,"стоит», — говорит он, показывая указатель-"
13424,1,1,ган (Э. Палкин) А этот,ган э палкин а этот,"отец Алана, тоже",,"ган (Э. Палкин) А этот — отец Алана, тоже"
13433,1,1,"jедип келдис, белетен»",jедип келдис белетен,"деп, бежен jашка",,"jедип келдис, белетен» — деп, бежен jашка"
13433,1,2,"товься»,",товься,улыбнулся шофёр лет пятидесяти,,"товься», — улыбнулся шофёр лет пятидесяти"
13492,2,1,слер соҥдобос учурлу»,слер соҥдобос учурлу,"деп, аймактаҥ",,"слер соҥдобос учурлу» — деп, аймактаҥ"
13492,2,2,"от военной учёбы»,",от военной учёбы,приехавший из района,,"от военной учёбы», — приехавший из района"
13494,1,1,ойто келерим»,ойто келерим,"дейле, уул артык айдар",,"ойто келерим» — дейле, уул артык айдар"
13494,1,2,"послезавтра снова приеду»,",послезавтра снова приеду,парень больше,,"послезавтра снова приеду», — парень больше"
13512,2,1,ха; Озогы мениҥ билеримнеҥ чакы,ха озогы мениҥ билеримнеҥ чакы,ол,,ха; Озогы мениҥ билеримнеҥ чакы — ол
13528,1,1,"соолып кал, кургап кал!»",соолып кал кургап кал,"дейле, ӧрӧкӧн",,"соолып кал, кургап кал!» — дейле, ӧрӧкӧн"
13528,1,2,высохни!»,высохни,"сказав, старец быстро накло-",,"высохни!» — сказав, старец быстро накло-"
13538,1,1,сок; Буржуйлар,сок буржуйлар,"јаан байлар, калыктыҥ",,"сок; Буржуйлар — јаан байлар, калыктыҥ"
13538,1,2,ков) Буржуи,ков буржуи,"большие богачи, ведь люди,",,"ков) Буржуи — большие богачи, ведь люди,"
13551,1,1,забава этого человека,забава этого человека,только он,,забава этого человека — только он
13552,1,1,та нек-сак бар болгодый,та нексак бар болгодый,"деп, Мирзабек",,"та нек-сак бар болгодый — деп, Мирзабек"
13552,1,2,эп-jоксынып айтты (А. Адаров),эпjоксынып айтты а адаров,Кажет-,,эп-jоксынып айтты (А. Адаров) — Кажет-
13552,1,3,"ся, что-то в холодильнике есть",ся чтото в холодильнике есть,"сказал, чув-",,"ся, что-то в холодильнике есть — сказал, чув-"
13629,1,1,сӧгӱскен; «…Сӧҥӱскен ол»,сӧгӱскен сӧҥӱскен ол,"деп, Салкын",,"сӧгӱскен; «…Сӧҥӱскен ол» — деп, Салкын"
13629,1,2,"(Д. Каинчин) «…Это таволга средняя»,",д каинчин это таволга средняя,пе-,,"(Д. Каинчин) «…Это таволга средняя», — пе-"
13634,1,1,леп jат»,леп jат,"деп, jукачак ла сӧӧкилеҥ ээгиле",,"леп jат» — деп, jукачак ла сӧӧкилеҥ ээгиле"
13634,1,2,"вёр»,",вёр,покивала тонким и костлявым под-,,"вёр», — покивала тонким и костлявым под-"
13664,1,1,"стам…»,",стам,с сомнением сказал профессор,,"стам…», — с сомнением сказал профессор"
13665,1,1,болорыҥ?»,болорыҥ,"деп, Кымыс оны ӧнӧтийин",,"болорыҥ?» — деп, Кымыс оны ӧнӧтийин"
13695,1,1,болгом...»,болгом,"деп, Каран jобош ӱнденип",,"болгом...» — деп, Каран jобош ӱнденип"
13874,1,1,"суранчыктажы, уурданганы",суранчыктажы уурданганы,ончозы jаан,,"суранчыктажы, уурданганы – ончозы jаан"
13874,1,2,"чество, воровство Шылыкова Калайа",чество воровство шылыкова калайа,всё,,"чество, воровство Шылыкова Калайа – всё"
13894,1,1,ремигивались; Чаҥкыр ӧзӧктӧ,ремигивались чаҥкыр ӧзӧктӧ,суркураш-,,ремигивались; Чаҥкыр ӧзӧктӧ – суркураш-
13894,1,2,"кан суулар, сол jаныста",кан суулар сол jаныста,jалтырашкан,,"кан суулар, сол jаныста – jалтырашкан"
13894,1,3,"сверкающие реки, а на левой стороне",сверкающие реки а на левой стороне,бле-,,"сверкающие реки, а на левой стороне – бле-"
13924,1,1,нек (Заг.) Входит в воду,нек заг входит в воду,"большая, выхо-",,"нек (Заг.) Входит в воду – большая, выхо-"
13924,1,2,дит из воды,дит из воды,маленькой; Суу jӱреги –,,дит из воды – маленькой; Суу jӱреги –
13924,1,3,кижи jӱреги,кижи jӱреги,аш (Погов.) Сердце реки,,кижи jӱреги – аш (Погов.) Сердце реки
13924,1,4,"мень, сердце человека",мень сердце человека,пища,,"мень, сердце человека – пища"
13952,1,1,ка жилищный фондтыҥ белени,ка жилищный фондтыҥ белени,"85%,",,"ка жилищный фондтыҥ белени – 85%,"
13952,1,2,котельныйлардыҥ,котельныйлардыҥ,"91%, сууӧткӱштердиҥ",,"котельныйлардыҥ – 91%, сууӧткӱштердиҥ"
13952,1,3,фонда,фонда,"85%, котельных – 91%, водопрово-",,"фонда – 85%, котельных – 91%, водопрово-"
13952,1,4,да,да,88%...,,да – 88%...
14013,1,1,моём Будет пахнуть,моём будет пахнуть,очень сладко; Кандый,,моём Будет пахнуть – очень сладко; Кандый
14052,1,1,"единственное, чем питаются люди",единственное чем питаются люди,молоко,,"единственное, чем питаются люди – молоко"
14109,1,1,газын тынду сфинкс,газын тынду сфинкс,волшебное существо;,,газын тынду сфинкс – волшебное существо;
14119,1,1,«Эмди мыны канайдар?»,эмди мыны канайдар,"деп, кураанныҥ",,"«Эмди мыны канайдар?» – деп, кураанныҥ"
14119,1,2,«Что теперь с ним делать?»,что теперь с ним делать,стала руками,,«Что теперь с ним делать?» – стала руками
14163,2,1,творчества); сыгыт,творчества сыгыт,кожоҥныҥ база бир,,творчества); сыгыт – кожоҥныҥ база бир
14163,2,2,бӱдӱми причитание,бӱдӱми причитание,ещё одна форма песни,,бӱдӱми причитание – ещё одна форма песни
14241,1,1,горе!»,горе,"так говоря, сороки вместе плакали;",,"горе!» – так говоря, сороки вместе плакали;"
14247,1,1,"эмей, а»",эмей а,"деп, Болчокуул кӧзин там сы-",,"эмей, а» – деп, Болчокуул кӧзин там сы-"
14249,1,1,звонкие прищёлкивающие звуки,звонкие прищёлкивающие звуки,о живот-,,звонкие прищёлкивающие звуки – о живот-
14257,2,1,колоса,колоса,пядь;,,колоса – пядь;
14341,1,1,задержки матери,задержки матери,в лесу искала сухостой;,,задержки матери – в лесу искала сухостой;
14368,1,1,нуха,нуха,начальный признак осени,,нуха – начальный признак осени
14376,1,1,сырость чувствуется; «Мен,сырость чувствуется мен,"кар эмес..., суу",,"сырость чувствуется; «Мен – кар эмес..., суу"
14376,1,2,эмес,эмес,"…сыс» (Ш. Шатинов) «Я – не снег…,",,"эмес – …сыс» (Ш. Шатинов) «Я – не снег…,"
14376,1,3,не вода,не вода,…сырость»,,не вода – …сырость»
14402,2,1,"– Та, кайдаҥ кӧрӧйин",та кайдаҥ кӧрӧйин,"деп, Таспа бойына",,"– Та, кайдаҥ кӧрӧйин – деп, Таспа бойына"
14466,2,1,"турбайыҥ, Майну!»",турбайыҥ майну,"деп, Сулатай кандый",,"турбайыҥ, Майну!» – деп, Сулатай кандый"
14466,2,2,"это ты, оказывается, Майну!»",это ты оказывается майну,как-то ра-,,"это ты, оказывается, Майну!» – как-то ра-"
14493,2,1,"ми, аплодисменты;",ми аплодисменты,О-о деген тажылган-,,"ми, аплодисменты; – О-о деген тажылган-"
14527,1,1,шев) Посмотришь на их телосложение,шев посмотришь на их телосложение,ни от,,шев) Посмотришь на их телосложение – ни от
14554,2,1,2) фольк. огромная собака;,2 фольк огромная собака,Бу jутпаныҥ,,2) фольк. огромная собака; – Бу jутпаныҥ
14605,1,1,на унчукты:,на унчукты,Мен... мен оныҥ сыйны...,,на унчукты: – Мен... мен оныҥ сыйны...
14607,1,1,лосом сказала в трубку телефона:,лосом сказала в трубку телефона,Я… я её,,лосом сказала в трубку телефона: – Я… я её
14703,1,1,сти,сти,о еде); талчу калаш сырой хлеб,,сти – о еде); талчу калаш сырой хлеб
14733,1,1,ла команда угулды:,ла команда угулды,Пошёл!.. (Л. Кокы-,,ла команда угулды: – Пошёл!.. (Л. Кокы-
14739,1,1,пуговица; Тӧжӧнгӧни,пуговица тӧжӧнгӧни,"jып-jымжагаш Jер,",,"пуговица; Тӧжӧнгӧни – jып-jымжагаш Jер,"
14739,1,2,jабынганы,jабынганы,jылдыс таналарлу Теҥери (Эл,,jабынганы – jылдыс таналарлу Теҥери (Эл
14753,1,1,"ла таныжып алыгар,",ла таныжып алыгар,деп Аҥчыбай айда-,,"ла таныжып алыгар, – деп Аҥчыбай айда-"
14753,1,2,"ла,",ла,столдыҥ кайырчагынаҥ Устав алып,,"ла, – столдыҥ кайырчагынаҥ Устав алып"
14756,1,1,ӱӱрем!,ӱӱрем,"деп, Аня jеенин Зояла танышты-",,"ӱӱрем! – деп, Аня jеенин Зояла танышты-"
14756,1,2,"лучшая подруга»,",лучшая подруга,"сказала Аня, знакомя пле-",,"лучшая подруга», – сказала Аня, знакомя пле-"
14822,1,1,байтан да,байтан да,"ак уйдыҥ табына салдырып,",,"байтан да – ак уйдыҥ табына салдырып,"
14825,1,1,"лор, Эжер Эркелеич?",лор эжер эркелеич,"деп, Лена сураарда,",,"лор, Эжер Эркелеич? – деп, Лена сураарда,"
14826,3,1,3) отбивать (косу) что;,3 отбивать косу что,Чалгыларыҥды,,3) отбивать (косу) что; – Чалгыларыҥды
14826,3,2,экел. Мен таптап салайын!,экел мен таптап салайын,деп адам,,экел. Мен таптап салайын! – деп адам
14826,3,3,косы. Я отобью!»,косы я отобью,согласился мой отец,,косы. Я отобью!» – согласился мой отец
14893,1,1,jаттыргыспас,jаттыргыспас,угын таркадар деген тар-,,jаттыргыспас – угын таркадар деген тар-
14893,1,2,вят лежать,вят лежать,идёт борьба за распространение,,вят лежать – идёт борьба за распространение
14909,1,1,кандый тармалу тӧҥӧш бу?,кандый тармалу тӧҥӧш бу,"деп, чарча-",,"кандый тармалу тӧҥӧш бу? – деп, чарча-"
14926,1,1,"алгаҥ (Э. Тоюшев) «Что он делает!»,",алгаҥ э тоюшев что он делает,Кы-,,"алгаҥ (Э. Тоюшев) «Что он делает!», – Кы-"
14926,1,2,"упал вниз лицом,",упал вниз лицом,"Подтяни ноги говорю,",,"упал вниз лицом, – Подтяни ноги говорю,"
14928,1,1,"сам не понял, как прошла его свадьба",сам не понял как прошла его свадьба,"народ,",,"сам не понял, как прошла его свадьба – народ,"
14928,1,2,то спиртное привёз;,то спиртное привёз,"Келгилеп jат!.. – деп,",,"то спиртное привёз; – Келгилеп jат!.. – деп,"
14928,1,3,"шев) «Едут!»,",шев едут,вперёд всех начали кричать,,"шев) «Едут!», – вперёд всех начали кричать"
14929,9,1,"тууган jуулза, чӧӧчӧй уурталза",тууган jуулза чӧӧчӧй уурталза,чӧйӧ-чӧйӧ,,"тууган jуулза, чӧӧчӧй уурталза – чӧйӧ-чӧйӧ"
14970,1,1,ийди:,ийди,"Барарга турган болзоҥ, бар,",,"ийди: – Барарга турган болзоҥ, бар,"
15088,1,1,ол,ол,кӧргӱзер показывать своё высокомерие,,ол – кӧргӱзер показывать своё высокомерие
15121,1,1,"вайте кушать!»,",вайте кушать,сделал общее объявление,,"вайте кушать!», – сделал общее объявление"
15166,4,1,4) символ; ср. сӱр-темдек; кӱӱле,4 символ ср сӱртемдек кӱӱле,амыр-,,4) символ; ср. сӱр-темдек; кӱӱле – амыр-
15166,4,2,энчӱниҥ темдеги голубь,энчӱниҥ темдеги голубь,символ,,энчӱниҥ темдеги голубь – символ
15201,1,1,карганак?»,карганак,деп эрмектенди (И. Шодоев),,карганак?» – деп эрмектенди (И. Шодоев)
15242,1,1,"jадыкты тепкен, тепкилеген",jадыкты тепкен тепкилеген,"кӱҥк, кӱҥк",,"jадыкты тепкен, тепкилеген – кӱҥк, кӱҥк"
15242,1,2,жащий боком,жащий боком,"тук, тук; Чанактарга jегип",,"жащий боком – тук, тук; Чанактарга jегип"
15302,1,1,jайкаган:,jайкаган,"Ба-ча-алта! Адаҥ эдин jи, бу не",,"jайкаган: – Ба-ча-алта! Адаҥ эдин jи, бу не"
15375,1,1,таштап ийерде,таштап ийерде,ол та нениҥ белгези –,,таштап ийерде – ол та нениҥ белгези –
15375,1,2,последний раз бросил,последний раз бросил,к чему бы это (букв.,,последний раз бросил – к чему бы это (букв.
15403,4,1,4) перен. язык; Мен,4 перен язык мен,"коммунист, командир",,"4) перен. язык; Мен – коммунист, командир"
15404,1,1,кӧскӧ туштап јадым (Э. Тоюшев) Я,кӧскӧ туштап јадым э тоюшев я,ком-,,кӧскӧ туштап јадым (Э. Тоюшев) Я – ком-
15404,1,2,"мунист, командир",мунист командир,"ведя своих разведчиков,",,"мунист, командир – ведя своих разведчиков,"
15410,1,1,jаман кижи,jаман кижи,тилдӱ (С. Манитов) Сестра,,jаман кижи – тилдӱ (С. Манитов) Сестра
15411,1,1,плохой человек,плохой человек,языкастый,,плохой человек – языкастый
15464,1,1,канайдар,канайдар,Тирӱге чарчаар эмес (Т. Топчи-,,канайдар – Тирӱге чарчаар эмес (Т. Топчи-
15464,1,2,на) Что с живым человеком случится,на что с живым человеком случится,Зажи-,,на) Что с живым человеком случится – Зажи-
15472,3,1,"ла, …jип алатан»",ла jип алатан,"деп, Бекен таадазыныҥ",,"ла, …jип алатан» – деп, Бекен таадазыныҥ"
15588,1,1,кылдадарда: «Кириге-ер!»,кылдадарда киригеер,"деп, турбай ла",,"кылдадарда: «Кириге-ер!» – деп, турбай ла"
15604,1,1,"дезеҥ, ол туру",дезеҥ ол туру,толгоп ий (Б. Укачин),,"дезеҥ, ол туру – толгоп ий (Б. Укачин)"
15604,1,2,хочешь послушать радио,хочешь послушать радио,"вон стоит, покру-",,"хочешь послушать радио – вон стоит, покру-"
15808,1,1,что-либо,чтолибо,о жидком); кичинек суучактаҥ,,что-либо – о жидком); кичинек суучактаҥ
15852,1,1,"правдивы, которые ложные",правдивы которые ложные,кто скажет?,,"правдивы, которые ложные – кто скажет?"
15857,1,1,нывать;,нывать,Солдаттар мылчага кирер кӱн,,нывать; – Солдаттар мылчага кирер кӱн
15857,1,2,мен дежурстводо болгом...,мен дежурстводо болгом,"деп, Байрам",,"мен дежурстводо болгом... – деп, Байрам"
15976,1,1,мия»,мия,бастырароссиялык jуучыл-тӧрӧлчи,,мия» – бастырароссиялык jуучыл-тӧрӧлчи
15976,1,2,jондык кыймыгу (АЧ) «Юнармия»,jондык кыймыгу ач юнармия,всерос-,,jондык кыймыгу (АЧ) «Юнармия» – всерос-
15990,1,1,сыраҥай тӧс предметтердиҥ бирӱзи,сыраҥай тӧс предметтердиҥ бирӱзи,ада-,,сыраҥай тӧс предметтердиҥ бирӱзи – ада-
15991,1,1,jыткарды,jыткарды,тынду неме билдирбеди (Э. То-,,jыткарды – тынду неме билдирбеди (Э. То-
15991,1,2,"сто для аила, обойдя, обнюхал",сто для аила обойдя обнюхал,ничего живо-,,"сто для аила, обойдя, обнюхал – ничего живо-"
16009,1,1,кӱлӱмзиренип… сурады:,кӱлӱмзиренип сурады,Бу кандый,,кӱлӱмзиренип… сурады: – Бу кандый
16019,1,1,унчукты:,унчукты,"Энези, тудун… (Э. Тоюшев) Ке-",,"унчукты: – Энези, тудун… (Э. Тоюшев) Ке-"
16021,1,1,тудунар-кабынар нек-сак,тудунаркабынар нексак,ончозы «Jаҥы,,тудунар-кабынар нек-сак – ончозы «Jаҥы
16021,1,2,используемые вещи,используемые вещи,всё как колхоза «Новый,,используемые вещи – всё как колхоза «Новый
16039,1,1,(И. Сабашкин) Как глянул,и сабашкин как глянул,опутанные,,(И. Сабашкин) Как глянул – опутанные
16048,1,1,"лить огурцы; «Чайды тузабаар, эне!»",лить огурцы чайды тузабаар эне,"деп,",,"лить огурцы; «Чайды тузабаар, эне!» – деп,"
16049,1,1,"солите чай, мама!»",солите чай мама,приказал матери Бай-,,"солите чай, мама!» – приказал матери Бай-"
16089,1,1,"животы Ваши выпячиваются»,",животы ваши выпячиваются,и снова,,"животы Ваши выпячиваются», – и снова"
16106,1,1,"согуштырып, ӧлтӱртирип",согуштырып ӧлтӱртирип,"чугаан, jеткер",,"согуштырып, ӧлтӱртирип – чугаан, jеткер"
16164,1,1,– Биибей ле Jанап,биибей ле jанап,адазыныҥ кийнинеҥ,,– Биибей ле Jанап – адазыныҥ кийнинеҥ
16164,1,2,вья,вья,Биибей и Дьанап– смотрели вслед отцу,,вья – Биибей и Дьанап– смотрели вслед отцу
16217,1,1,тажуур)? Дал ли своё согласие?»,тажуур дал ли своё согласие,спросила,,тажуур)? Дал ли своё согласие?» – спросила
16265,1,1,лаар: …койонды,лаар койонды,"«кажаар», «майчы»,",,"лаар: …койонды – «кажаар», «майчы»,"
16310,1,1,"но почувствовал, что это",но почувствовал что это,встреча Кюнета,,"но почувствовал, что это – встреча Кюнета"
16389,1,1,в чём,в чём,к их [лыж] скользящей поверхности,,в чём – к их [лыж] скользящей поверхности
16408,1,1,ружный покров,ружный покров,о животных и птицах);,,ружный покров – о животных и птицах);
16408,2,1,стку,стку,о меховых вещах); jака тӱлеген ворот-,,стку – о меховых вещах); jака тӱлеген ворот-
16442,2,1,"жин) Отец что есть, что [его] нет",жин отец что есть что его нет,одинаково;,,"жин) Отец что есть, что [его] нет – одинаково;"
16474,2,1,«Смотрю,смотрю,"один нож точил, второй аркан сво-",,"«Смотрю – один нож точил, второй аркан сво-"
16475,2,1,"нутый; «Акыр-акыр»,",нутый акыракыр,"деп, Сурламаныҥ",,"нутый; «Акыр-акыр», – деп, Сурламаныҥ"
16486,1,1,вёз,вёз,он тотчас бы построил чадыр; тӱрген-,,вёз – он тотчас бы построил чадыр; тӱрген-
16495,2,1,гы,гы,коллективизацияны ӧткӱрерде сӱреен,,гы – коллективизацияны ӧткӱрерде сӱреен
16496,1,1,одежды,одежды,"в очень больших ошибках, сделан-",,"одежды – в очень больших ошибках, сделан-"
16501,1,1,нелте (АД) Это время,нелте ад это время,большое испытание,,нелте (АД) Это время – большое испытание
16546,1,1,ган уул jааp кӧргӱсти.,ган уул jааp кӧргӱсти,"Сакып ал, наjы,",,"ган уул jааp кӧргӱсти. – Сакып ал, наjы,"
16546,1,2,"плаш, [я] и без твоих подсказок жил,",плаш я и без твоих подсказок жил,Поле-,,"плаш, [я] и без твоих подсказок жил, – Поле-"
16546,1,3,"го в углу парня,",го в углу парня,"Подожди, друг, получишь",,"го в углу парня, – Подожди, друг, получишь"
16553,1,1,"выходила у него из головы,",выходила у него из головы,"было то, как по-",,"выходила у него из головы, – было то, как по-"
16558,1,1,jуу-согушту jерлер,jуусогушту jерлер,Тӱштӱк-Кӱнбадыш,,jуу-согушту jерлер – Тӱштӱк-Кӱнбадыш
16558,1,2,места,места,территория Юго-Западного фронта,,места – территория Юго-Западного фронта
16565,1,1,"пронзать что; Адар болзоҥ, ат ла",пронзать что адар болзоҥ ат ла,"дейт, –",,"пронзать что; Адар болзоҥ, ат ла – дейт, –"
16566,1,1,"хочешь стрелять, стреляй»,",хочешь стрелять стреляй,"говорит, «Пуля,",,"хочешь стрелять, стреляй», – говорит, «Пуля,"
16566,1,2,"выпущенная тобой, не пронзит»,",выпущенная тобой не пронзит,говорит;,,"выпущенная тобой, не пронзит», – говорит;"
16586,1,1,"«Иштеер болзо, иштеер керек!»",иштеер болзо иштеер керек,"деп, улус-",,"«Иштеер болзо, иштеер керек!» – деп, улус-"
16605,1,1,рын тушташканысты…,рын тушташканысты,"деп, арык эме-",,"рын тушташканысты… – деп, арык эме-"
16634,1,1,"де, Адам ойто тынданар»",де адам ойто тынданар,дейт (АБ) Дитя,,"де, Адам ойто тынданар» – дейт (АБ) Дитя"
16641,1,1,тартылган немедий,тартылган немедий,сындарда кӧгӧрип,,тартылган немедий – сындарда кӧгӧрип
16669,1,1,найып чучураганыс,найып чучураганыс,"деп, Очы-Jайзаҥ",,"найып чучураганыс – деп, Очы-Jайзаҥ"
16670,1,1,"страдали»,",страдали,"говорит Очы-Дьайзан, сердце",,"страдали», – говорит Очы-Дьайзан, сердце"
16703,1,1,тушта jаҥ оны тыҥ бурулабас»,тушта jаҥ оны тыҥ бурулабас,деп сана-,,тушта jаҥ оны тыҥ бурулабас» – деп сана-
16703,1,2,"его сильно обвинять»,",его сильно обвинять,он цеплялся за свою,,"его сильно обвинять», – он цеплялся за свою"
16706,1,1,"ӧрӧкӧн, борсык таҥма",ӧрӧкӧн борсык таҥма,бастыра тырмак-,,"ӧрӧкӧн, борсык таҥма – бастыра тырмак-"
16722,1,1,дында партада,дында партада,"Саамчы, оныҥ тырс этире",,"дында партада – Саамчы, оныҥ тырс этире"
16723,1,1,ты (Д. Каинчин) …На первой парте,ты д каинчин на первой парте,Саам-,,ты (Д. Каинчин) …На первой парте – Саам-
16724,1,1,эҥ ле ӱрелчеҥ немези,эҥ ле ӱрелчеҥ немези,"ол рычагы,",,"эҥ ле ӱрелчеҥ немези – ол рычагы,"
16724,1,2,деталь,деталь,"это рычаг, если только зазубрины на-",,"деталь – это рычаг, если только зазубрины на-"
16733,1,1,"тыртаҥдажып турала,",тыртаҥдажып турала,Слер экӱ канча,,"тыртаҥдажып турала, – Слер экӱ канча"
16733,1,2,jол ӧлӧҥ чаптыгар?,jол ӧлӧҥ чаптыгар,деп сурады (Ч. Чуни-,,jол ӧлӧҥ чаптыгар? – деп сурады (Ч. Чуни-
16735,1,1,"жение, дёргаться; А немези jакшы!",жение дёргаться а немези jакшы,"деп,",,"жение, дёргаться; А немези jакшы! – деп,"
16735,1,2,"зав: «А что хорошего!»,",зав а что хорошего,полная женщина,,"зав: «А что хорошего!», – полная женщина"
16738,1,1,јӱрген кижи,јӱрген кижи,"деп, мойнын тыртыйтып",,"јӱрген кижи — деп, мойнын тыртыйтып"
16742,1,1,ни тыртыҥдажып отурала:,ни тыртыҥдажып отурала,Эмди меге се-,,ни тыртыҥдажып отурала: – Эмди меге се-
16742,1,2,ренип турганыгар ба?,ренип турганыгар ба,деп сурады (Ч. Чу-,,ренип турганыгар ба? – деп сурады (Ч. Чу-
16780,1,1,"рода); «Мениҥ бажым оору...»,",рода мениҥ бажым оору,"деп, Лена",,"рода); «Мениҥ бажым оору...», – деп, Лена"
16780,1,2,угарынаҥ улам болор!»,угарынаҥ улам болор,"деп, Зоя айда-",,"угарынаҥ улам болор!» – деп, Зоя айда-"
16800,1,1,"бош jок учун быйан айт»,",бош jок учун быйан айт,"деп,",,"бош jок учун быйан айт», – деп,"
16805,1,1,ине,ине,"деп, угулар-угулбас айды-",,"ине – деп, угулар-угулбас айды-"
16805,1,2,"из-за напасти алкоголя»,",изза напасти алкоголя,будет,,"из-за напасти алкоголя», – будет"
16908,1,1,адазына уйат (Посл.) Ленивый человек,адазына уйат посл ленивый человек,на-,,адазына уйат (Посл.) Ленивый человек – на-
16908,1,2,"роду позор, ленивый мальчик",роду позор ленивый мальчик,отцу позор,,"роду позор, ленивый мальчик – отцу позор"
16956,1,1,"«Фу, это разве что?»",фу это разве что,так умничал Айбычы;,,"«Фу, это разве что?» – так умничал Айбычы;"
17298,2,1,жы полёты мечтаний; бу jедим,жы полёты мечтаний бу jедим,оныҥ про-,,жы полёты мечтаний; бу jедим – оныҥ про-
17298,2,2,фессионал учужы это достижение,фессионал учужы это достижение,его про-,,фессионал учужы это достижение – его про-
17329,2,1,ся (о детях,ся о детях,при виде незнакомого человека);,,ся (о детях – при виде незнакомого человека);
17334,1,1,"медий ле, тӱӱле берер ле",медий ле тӱӱле берер ле,ӱзези ле јӱдек,,"медий ле, тӱӱле берер ле – ӱзези ле јӱдек"
17334,1,2,скрючиваются,скрючиваются,все плохие,,скрючиваются – все плохие
17371,1,1,ев) Женщина,ев женщина,эта целая Вселенная; Нениҥ,,ев) Женщина – эта целая Вселенная; Нениҥ
17378,1,1,узда и удила; Ӱйген-сулук,узда и удила ӱйгенсулук,шыҥкырт-,,узда и удила; Ӱйген-сулук – шыҥкырт-
17426,1,1,«Канайып бисте?»,канайып бисте,"деп, Ощепков ичкери",,"«Канайып бисте?» – деп, Ощепков ичкери"
17426,1,2,нас?»,нас,Ощепков дёрнулся вперёд,,нас?» – Ощепков дёрнулся вперёд
17428,2,1,бердиҥ!»,бердиҥ,"деп, ӱкӱстеген аайлу айтты",,"бердиҥ!» – деп, ӱкӱстеген аайлу айтты"
17430,1,1,най нениҥ јакшызы?»,най нениҥ јакшызы,"деп, Асканак чо-",,"най нениҥ јакшызы?» – деп, Асканак чо-"
17430,1,2,хорошего?»,хорошего,"сказав, Асканак дрогнул, как",,"хорошего?» – сказав, Асканак дрогнул, как"
17435,1,1,"лап јӱрген кыстарды айга, чечекке",лап јӱрген кыстарды айга чечекке,неге,,"лап јӱрген кыстарды айга, чечекке – неге"
17435,1,2,"вушек с луной, с цветами",вушек с луной с цветами,с чем только не,,"вушек с луной, с цветами – с чем только не"
17446,1,1,выкройка,выкройка,"один отрез, нет выкройки – тыся-",,"выкройка – один отрез, нет выкройки – тыся-"
17459,1,1,кижи,кижи,"фуражир, ӧлӧҥ ӱлеечи, учётчик",,"кижи – фуражир, ӧлӧҥ ӱлеечи, учётчик"
17459,1,2,кижи (К. Телесов) Управляющий,кижи к телесов управляющий,это че-,,кижи (К. Телесов) Управляющий – это че-
17481,1,1,ӱлӱм»,ӱлӱм,"деди (А. Адаров) Бабраш, вытащив",,"ӱлӱм» – деди (А. Адаров) Бабраш, вытащив"
17484,1,1,алган болзо,алган болзо,болгоны ол (Д. Каинчин),,алган болзо – болгоны ол (Д. Каинчин)
17519,1,1,всегда; Ташта бичигени,всегда ташта бичигени,"ӱргӱлjиге, ӱйе-",,"всегда; Ташта бичигени – ӱргӱлjиге, ӱйе-"
17545,2,1,ол мениҥ ӱредӱчим он,ол мениҥ ӱредӱчим он,мой наставник,,ол мениҥ ӱредӱчим он – мой наставник
17555,1,1,"плодам, а человек",плодам а человек,по делам; Албатыныҥ,,"плодам, а человек – по делам; Албатыныҥ"
17574,1,1,са; Айкан,са айкан,тӧртинчи класстыҥ ӱренчиги,,са; Айкан – тӧртинчи класстыҥ ӱренчиги
17574,1,2,(Т. Шинжин) Айкан,т шинжин айкан,ученик четвёртого,,(Т. Шинжин) Айкан – ученик четвёртого
17580,2,1,луп јат?»,луп јат,"деп, Сура ӱречиркеди (Ш. Ша-",,"луп јат?» – деп, Сура ӱречиркеди (Ш. Ша-"
17580,2,2,тинов) «Что это происходит?»,тинов что это происходит,умничала,,тинов) «Что это происходит?» – умничала
17611,1,1,кто ребёнка вырастил,кто ребёнка вырастил,у того душа добрая,,кто ребёнка вырастил – у того душа добрая
17667,1,1,номерлӱ ат,номерлӱ ат,фаворит на скачках конь под,,номерлӱ ат – фаворит на скачках конь под
17681,1,1,номером 2,номером 2,фаворит,,номером 2 – фаворит
17689,1,1,фанады я,фанады я,фанат команды «Зенит»,,фанады я – фанат команды «Зенит»
17766,1,1,да,да,"люди с добрым сердцем, патриотическим",,"да – люди с добрым сердцем, патриотическим"
17963,3,1,мяса; «А кайда салган эдеер?»,мяса а кайда салган эдеер,ту-,,мяса; «А кайда салган эдеер?» — ту-
17963,3,2,«А куда вы положили?»,а куда вы положили,спросил [стояв-,,«А куда вы положили?» — спросил [стояв-
18020,4,1,"дезем, јас эмес",дезем јас эмес,Јажыл музыка чайбузы,,"дезем, јас эмес — Јажыл музыка чайбузы"
18032,2,1,ган,ган,"ичееним бар, кире берерим», — деп,",,"ган — ичееним бар, кире берерим», — деп,"
18033,1,1,от лисы,от лисы,"есть нора моя, заберусь [в неё]»,",,"от лисы — есть нора моя, заберусь [в неё]»,"
18077,1,1,"иштеген, је аракыга јалданбаган»",иштеген је аракыга јалданбаган,"деп,",,"иштеген, је аракыга јалданбаган» — деп,"
18077,1,2,"нимался»,",нимался,под конец [Майну] ужалил его,,"нимался», — под конец [Майну] ужалил его"
18096,1,1,руками и ногами; «Бӱтпегер!»,руками и ногами бӱтпегер,"деп, Каал-",,"руками и ногами; «Бӱтпегер!» — деп, Каал-"
18096,1,2,«Не верьте!»,не верьте,"Каалга, сердясь, машет",,"«Не верьте!» — Каалга, сердясь, машет"
18145,2,1,"ка, я сказал, Санаа»,",ка я сказал санаа,Чакылдай начал тара-,,"ка, я сказал, Санаа», — Чакылдай начал тара-"
18178,1,1,«Мен,мен,"масулман!» — дезеҥ, масулман ка-",,"«Мен — масулман!» — дезеҥ, масулман ка-"
18178,1,2,«Я,я,"масулман!», масулманским народом",,"«Я — масулман!», масулманским народом"
18179,1,1,"рили, что мужик Дьумур",рили что мужик дьумур,"человек, очень",,"рили, что мужик Дьумур — человек, очень"
18231,1,1,"кайткан, бу неге чамчылды не?»",кайткан бу неге чамчылды не,деп,,"кайткан, бу неге чамчылды не?» — деп"
18231,1,2,разгневался?»,разгневался,подумал он;,,разгневался?» — подумал он;
18257,1,1,[в сани],в сани,со скрипом увезёт,,[в сани] — со скрипом увезёт
18288,1,1,на карачкы,на карачкы,деревянного кольца в верхней,,на карачкы — деревянного кольца в верхней
18300,2,1,"говорит. «Айасту подтверждает»,",говорит айасту подтверждает,говорит,,"говорит. «Айасту подтверждает», — говорит"
18325,1,1,нӧкӧрим нени айдарга сананган,нӧкӧрим нени айдарга сананган,учына,,нӧкӧрим нени айдарга сананган — учына
18409,1,1,летен!»,летен,"деп, чатпак, кыска сынду тӧс",,"летен!» — деп, чатпак, кыска сынду тӧс"
18409,1,2,«Пятая команда к старту готовься!»,пятая команда к старту готовься,по-,,«Пятая команда к старту готовься!» — по-
18420,2,1,кайда?»,кайда,"деп, чатылдаак Чарак эҥирде",,"кайда?» — деп, чатылдаак Чарак эҥирде"
18473,1,1,jаан jакшы,jаан jакшы,ол камык акча чеберле-,,jаан jакшы — ол камык акча чеберле-
18473,1,2,не будет просить. Но самое хорошее,не будет просить но самое хорошее,те,,не будет просить. Но самое хорошее — те
18542,1,1,jадык,jадык,тайкак. Оны кырлаарга тийиҥ,,jадык — тайкак. Оны кырлаарга тийиҥ
18560,2,1,туругар»,туругар,"деп, Каалга кыртыштанды.",,"туругар» — деп, Каалга кыртыштанды."
18561,1,1,"ды (Д. Каинчин) «Сами видите»,",ды д каинчин сами видите,пришёл,,"ды (Д. Каинчин) «Сами видите», — пришёл"
18583,2,1,токтодор керек»,токтодор керек,"деп, кемизи де кириш-",,"токтодор керек» — деп, кемизи де кириш-"
18583,2,2,"щать»,",щать,вмешался кто-то из них,,"щать», — вмешался кто-то из них"
18684,1,1,веру в меня,веру в меня,она меня заставляет цвести!,,веру в меня — она меня заставляет цвести!
18695,1,1,тойорыҥ!»,тойорыҥ,jарлу чечеркек Jееренчи,,тойорыҥ!» — jарлу чечеркек Jееренчи
18695,1,2,лучишь!»,лучишь,ответил известный острослов,,лучишь!» — ответил известный острослов
18699,1,1,"черкешпей, эмеш базып jӱректер»",черкешпей эмеш базып jӱректер,"деп,",,"черкешпей, эмеш базып jӱректер» — деп,"
18744,2,1,"оорулу, а баштапкызы",оорулу а баштапкызы,јӱк ле чийик,,"оорулу, а баштапкызы — јӱк ле чийик"
18744,2,2,"но болят, а [от] первой [пули]",но болят а от первой пули,только,,"но болят, а [от] первой [пули] — только"
18775,3,1,но; «Кар jаар!»,но кар jаар,"деп, Эмил эҥирде кандый",,"но; «Кар jаар!» — деп, Эмил эҥирде кандый"
18775,3,2,чике айткан (А. Саруева) «Снег будет!»,чике айткан а саруева снег будет,как,,чике айткан (А. Саруева) «Снег будет!» — как
18778,1,1,меряй точно,меряй точно,В жизни ты никогда,,меряй точно — В жизни ты никогда
18778,2,1,кон (Н. Ялатов) Кичю-Баай,кон н ялатов кичюбаай,"человек,",,"кон (Н. Ялатов) Кичю-Баай — человек,"
18818,1,1,гам да»,гам да,"деп, Jашбала кӧстӧрин тӱрген-",,"гам да» — деп, Jашбала кӧстӧрин тӱрген-"
18823,1,1,те-; «Јаҥыскан чиребе дейдим!»,те јаҥыскан чиребе дейдим,"деп,",,"те-; «Јаҥыскан чиребе дейдим!» — деп,"
18824,1,1,"«Говорю, один не тяни!»",говорю один не тяни,послышался крик,,"«Говорю, один не тяни!» — послышался крик"
18827,1,1,"чиректебегер»,",чиректебегер,каргандар каткырыжар,,"чиректебегер», — каргандар каткырыжар"
18827,1,2,"не тяните нас за руки»,",не тяните нас за руки,смеются старики;,,"не тяните нас за руки», — смеются старики;"
18831,1,1,"ставили Токшо, вторую",ставили токшо вторую,Тибирену,,"ставили Токшо, вторую — Тибирену"
18838,1,1,"и сгниёшь»,",и сгниёшь,говорит он;,,"и сгниёшь», — говорит он;"
18849,5,1,катап кычырып берген болзоҥ?»,катап кычырып берген болзоҥ,"деп,",,"катап кычырып берген болзоҥ?» — деп,"
18850,1,1,"для людей»,",для людей,жеманничала Дьалакай,,"для людей», — жеманничала Дьалакай"
18851,1,1,ким носом; Бирӱзи,ким носом бирӱзи,"jаан jалбак, экинчизи",,"ким носом; Бирӱзи — jаан jалбак, экинчизи"
18875,1,1,чогулганаар?»,чогулганаар,кенерте взводный шыр-,,чогулганаар?» — кенерте взводный шыр-
18875,1,2,деев) «Чего сгрудились?»,деев чего сгрудились,зашипел вдруг,,деев) «Чего сгрудились?» — зашипел вдруг
18887,1,1,слерди тыҥ чогырган!»,слерди тыҥ чогырган,"деп, [Тӱлкӱ]",,"слерди тыҥ чогырган!» — деп, [Тӱлкӱ]"
18887,1,2,вас сильно покарал!»,вас сильно покарал,[Лисичка] сама про,,вас сильно покарал!» — [Лисичка] сама про
18903,2,1,2) чугунная гиря; Оныҥ jурчызы,2 чугунная гиря оныҥ jурчызы,спор-,,2) чугунная гиря; Оныҥ jурчызы — спор-
18964,2,1,чокпок 1; «Слерде jӱс jок!»,чокпок 1 слерде jӱс jок,"деп, доцент",,"чокпок 1; «Слерде jӱс jок!» — деп, доцент"
18964,2,2,нет совести!»,нет совести,"сказав так, доцент, вытащив",,"нет совести!» — сказав так, доцент, вытащив"
18979,1,1,дыгар?»,дыгар,"деп, бригадир Jирбейдиҥ",,"дыгар?» — деп, бригадир Jирбейдиҥ"
18979,1,2,перестали ли вы верить?»,перестали ли вы верить,кивнул головой,,перестали ли вы верить?» — кивнул головой
18984,1,1,"молоб и т.п.); «Эйе, чын айдадыҥ!»",мо лоб и тп эйе чын айдадыҥ,ӧбӧӧн,,"молоб и т.п.); «Эйе, чын айдадыҥ!» — ӧбӧӧн"
18984,1,2,"ков) «Да, правду говоришь!»",ков да правду говоришь,"мужик, со-",,"ков) «Да, правду говоришь!» — мужик, со-"
19029,1,1,тулана берзе,тулана берзе,балдарына курсак эдер,,тулана берзе — балдарына курсак эдер
19048,1,1,ры,ры,о коже); тере эдимди отко чондырып,,ры — о коже); тере эдимди отко чондырып
19051,1,1,бодоп ло чончыба!»,бодоп ло чончыба,"деп, Мӧҥкӱш айда-",,"бодоп ло чончыба!» — деп, Мӧҥкӱш айда-"
19051,1,2,шенная в огонь!»,шенная в огонь,"сказав так, Мёнкюш,",,"шенная в огонь!» — сказав так, Мёнкюш,"
19057,1,1,ствием высокой температуры,ствием высокой температуры,"о коже,",,"ствием высокой температуры — о коже,"
19058,1,1,ствием высокой температуры,ствием высокой температуры,"о коже,",,"ствием высокой температуры — о коже,"
19085,1,1,богон»,богон,"деп, Рая jылу ноокыдаҥ эткен",,"богон» — деп, Рая jылу ноокыдаҥ эткен"
19085,1,2,"«Ничего не случилось»,",ничего не случилось,"ответила Рая,",,"«Ничего не случилось», — ответила Рая,"
19131,1,1,"«А-а, билдим!»",аа билдим,"дейле, борсыгаш чотпос",,"«А-а, билдим!» — дейле, борсыгаш чотпос"
19131,1,2,нял!»,нял,"сказав так, барсучок, быстро покач-",,"нял!» — сказав так, барсучок, быстро покач-"
19140,2,1,генис»,генис,"деп, Мундузак jалтаныш jоктоҥ",,"генис» — деп, Мундузак jалтаныш jоктоҥ"
19140,2,2,"чтобы сосчитаться с вами»,",чтобы сосчитаться с вами,"без боязни,",,"чтобы сосчитаться с вами», — без боязни,"
19146,1,1,зар...»,зар,"деп, Чоднаков чотылдада куучын-",,"зар...» — деп, Чоднаков чотылдада куучын-"
19147,1,1,ответил: «Гора же стоит,ответил гора же стоит,"вот стоит,",,"ответил: «Гора же стоит — вот стоит,"
19163,1,1,"туруҥ? Бого коно бер»,",туруҥ бого коно бер,Керек-Jок чала,,"туруҥ? Бого коно бер», — Керек-Jок чала"
19163,1,2,"чешь пойти? Переночуй здесь»,",чешь пойти переночуй здесь,сказал,,"чешь пойти? Переночуй здесь», — сказал"
19178,1,1,эмеш анча-мынча ыраагында,эмеш анчамынча ыраагында,кичи-,,эмеш анча-мынча ыраагында — кичи-
19178,1,2,поодаль от стоянки,поодаль от стоянки,маленький продолго-,,поодаль от стоянки — маленький продолго-
19251,1,1,тузы мумиё,тузы мумиё,лекарство Алтая,,тузы мумиё — лекарство Алтая
19307,1,1,"коркызын деп, адына «Чу-чу!»",коркызын деп адына чучу,"дейле,",,"коркызын деп, адына «Чу-чу!» — дейле,"
19307,1,2,«Но-но!»,ноно,заворчал,,«Но-но!» — заворчал
19327,1,1,"кийип алгаҥ ба, уул?»",кийип алгаҥ ба уул,"деп, Сер-",,"кийип алгаҥ ба, уул?» — деп, Сер-"
19327,1,2,"надел мою тельняшку, парень?»",надел мою тельняшку парень,гне-,,"надел мою тельняшку, парень?» — гне-"
19334,2,1,jаан ӧӧркӧп барды»,jаан ӧӧркӧп барды,"деп, [Cыргаш] эки",,"jаан ӧӧркӧп барды» — деп, [Cыргаш] эки"
19345,1,1,бу!»,бу,"деп, Чӧӧчӧйӧк чукуругын кӧргӱсти",,"бу!» — деп, Чӧӧчӧйӧк чукуругын кӧргӱсти"
19345,1,2,"(К. Телесов) «Нате, вот вам, двоим!»",к телесов нате вот вам двоим,Чёё-,,"(К. Телесов) «Нате, вот вам, двоим!» — Чёё-"
19365,5,1,ле сырай чулу туруҥ»,ле сырай чулу туруҥ,"деп, Кымыскай",,"ле сырай чулу туруҥ» — деп, Кымыскай"
19365,5,2,"денный»,",денный,Кымыскай задела старшего сына,,"денный», — Кымыскай задела старшего сына"
19383,1,1,сӱӱнди»,сӱӱнди,"деп, айдала, jаказын чупчыды",,"сӱӱнди» — деп, айдала, jаказын чупчыды"
19383,1,2,"ников, душа обрадовалась»,",ников душа обрадовалась,"сказав так, он",,"ников, душа обрадовалась», — сказав так, он"
19481,1,1,кӧрӱмјиги,кӧрӱмјиги,ӱзеҥилери (Д. Каинчин) Но,,кӧрӱмјиги — ӱзеҥилери (Д. Каинчин) Но
19481,1,2,самое видное [в нём],самое видное в нём,стремена,,самое видное [в нём] — стремена
19493,1,1,"лап, jыдыркабас, чӱм-чам jок",лап jыдыркабас чӱмчам jок,тӱжӱп,,"лап, jыдыркабас, чӱм-чам jок — тӱжӱп"
19493,1,2,"чать, неприхотливый",чать неприхотливый,попадётся,,"чать, неприхотливый — попадётся"
19528,1,1,ра oopy jаткан эмей»,ра oopy jаткан эмей,"деп, Тарык бойын-",,"ра oopy jаткан эмей» — деп, Тарык бойын-"
19564,1,1,койлоры чыгым jок кыштаган»,койлоры чыгым jок кыштаган,"деп,",,"койлоры чыгым jок кыштаган» — деп,"
19565,1,1,"лей зимовали без потерь»,",лей зимовали без потерь,сказала Дьалаа;,,"лей зимовали без потерь», — сказала Дьалаа;"
19581,2,1,тер,тер,Томос ончобыска ачык-jарык ӱндӱ,,тер — Томос ончобыска ачык-jарык ӱндӱ
19581,2,2,"вала, давайте немного отдохнём",вала давайте немного отдохнём,отчётли-,,"вала, давайте немного отдохнём — отчётли-"
19585,1,1,канайып кӧрӱп чыдаар»,канайып кӧрӱп чыдаар,"деп, Шура",,"канайып кӧрӱп чыдаар» — деп, Шура"
19585,1,2,"выдержать»,",выдержать,подумала Шура;,,"выдержать», — подумала Шура;"
19612,1,1,даш!»,даш,"дейт (С. Манитов) Сунар, сев рядом",,"даш!» — дейт (С. Манитов) Сунар, сев рядом"
19659,1,1,"— jажык, терези тере болбос",jажык терези тере болбос,"чыйык,",,"— jажык, терези тере болбос — чыйык,"
19659,1,2,дет,дет,"хрупкая, непрочная...",,"дет — хрупкая, непрочная..."
19666,1,1,откройте настежь!»,откройте настежь,дверь совсем настежь,,откройте настежь!» — дверь совсем настежь
19666,18,1,болбой»,болбой,"деп, Умсуур, чочый бергендий,",,"болбой» — деп, Умсуур, чочый бергендий,"
19666,18,2,"ное, скоро произойдёт потоп»,",ное скоро произойдёт потоп,"сказав так,",,"ное, скоро произойдёт потоп», — сказав так,"
19668,19,1,онызы быжу болор»,онызы быжу болор,деген санаа келген,,онызы быжу болор» — деген санаа келген
19670,1,1,"получится, если жарить",получится если жарить,сало не получится,,"получится, если жарить — сало не получится"
19681,1,1,ичер кирезинеҥ бергин?»,ичер кирезинеҥ бергин,деп [карган-,,ичер кирезинеҥ бергин?» — деп [карган-
19681,1,2,лажняя чаем)?»,лажняя чаем,[старики] просят,,лажняя чаем)?» — [старики] просят
19703,2,1,ып айрылайын?»,ып айрылайын,деп келин ыйламзы-,,ып айрылайын?» — деп келин ыйламзы-
19728,2,1,чылбак»,чылбак,деген (А. Адаров) …Шофёр тол-,,чылбак» — деген (А. Адаров) …Шофёр тол-
19732,3,1,jедер...»,jедер,"деп, чабдарды чылбырлаарга",,"jедер...» — деп, чабдарды чылбырлаарга"
19763,1,1,ка барып jаткан болбой кайтсын»,ка барып jаткан болбой кайтсын,"деп,",,"ка барып jаткан болбой кайтсын» — деп,"
19765,1,1,"ние»,",ние,подумал Эрел Миронович с щемя-,,"ние», — подумал Эрел Миронович с щемя-"
19797,1,1,"каан, таҥма!»",каан таҥма,деди. «Ойнодыҥ ба?,,"каан, таҥма!» — деди. «Ойнодыҥ ба?"
19798,1,1,лец!»,лец,сказал он. «Пошутил? Правду ска-,,лец!» — сказал он. «Пошутил? Правду ска-
19805,1,1,"слердеҥ сурадым ба, уулдар?»",слердеҥ сурадым ба уулдар,"деп, Сура",,"слердеҥ сурадым ба, уулдар?» — деп, Сура"
19805,1,2,"у вас спрашивала, мальчики?»",у вас спрашивала мальчики,через,,"у вас спрашивала, мальчики?» — через"
19826,1,1,"приготовить припасы еды»,",приготовить припасы еды,велел Анчы-,,"приготовить припасы еды», — велел Анчы-"
19859,1,1,ралова ла jууныҥ инвалиди,ралова ла jууныҥ инвалиди,МТФ-ныҥ,,ралова ла jууныҥ инвалиди — МТФ-ныҥ
19859,1,2,йны,йны,"заведующий МТФ, одноногий, с бод-",,"йны — заведующий МТФ, одноногий, с бод-"
19905,1,1,берди (Б. Укачин) «Как не играть!»,берди б укачин как не играть,без,,берди (Б. Укачин) «Как не играть!» — без
19963,2,1,"«Айда-ар! Ке-ел, балам! Сӱт и-ич!»",айдаар кеел балам сӱт иич,деп,,"«Айда-ар! Ке-ел, балам! Сӱт и-ич!» – деп"
19986,1,1,"у щиколотки, на голени",у щиколотки на голени,кровь,,"у щиколотки, на голени – кровь"
20012,1,1,не болотон?»,не болотон,"деп сананарга да јетпей,",,"не болотон?» - деп сананарга да јетпей,"
20030,1,1,ондо нени шакылдадып туру?,ондо нени шакылдадып туру,деп,,ондо нени шакылдадып туру? – деп
20030,1,2,– Чем там мой старший брат стучит?,чем там мой старший брат стучит,инте-,,– Чем там мой старший брат стучит? – инте-
20187,1,1,чыдып турган неме,чыдып турган неме,ол амбардагы jети,,чыдып турган неме – ол амбардагы jети
20187,1,2,сердце,сердце,это семь пудов ячменя в амбаре,,сердце – это семь пудов ячменя в амбаре
20291,1,1,"господин»,",господин,подумал [хан Галдан] про себя,,"господин», – подумал [хан Галдан] про себя"
20294,1,1,особенно парни,особенно парни,"шофёры и механизаторы,",,"особенно парни - шофёры и механизаторы,"
20328,1,1,кость,кость,Шабырак даже не успел крикнуть,,кость – Шабырак даже не успел крикнуть
20331,1,1,"мус ла кижи сен, Бошпок!»",мус ла кижи сен бошпок,"дейле, [ӧгӧӧн]",,"мус ла кижи сен, Бошпок!» – дейле, [ӧгӧӧн]"
20331,1,2,"человек, Бошпок!»",человек бошпок,"сказав так, [мужчина]",,"человек, Бошпок!» – сказав так, [мужчина]"
20333,1,1,сын; Мениҥ здоровьем оору,сын мениҥ здоровьем оору,"деп, болчок",,"сын; Мениҥ здоровьем оору – деп, болчок"
20333,1,2,бӧрӱктӱзи шулурады.,бӧрӱктӱзи шулурады,Кӧрӱнетен мында,,бӧрӱктӱзи шулурады. – Кӧрӱнетен мында
20333,1,3,плохое,плохое,пролепетала та в круглой шапке. –,,плохое – пролепетала та в круглой шапке. –
20369,1,1,кӱндер,кӱндер,олор јут-јулакай болгон ло шуур-,,кӱндер – олор јут-јулакай болгон ло шуур-
20369,1,2,когда не работали,когда не работали,это была непогода и бу-,,когда не работали – это была непогода и бу-
20404,1,1,шӱӱреген,шӱӱреген,ас болуп турган (Д. Каинчин),,шӱӱреген – ас болуп турган (Д. Каинчин)
20405,1,1,"гвардейцев, беглецов",гвардейцев беглецов,и всё было мало,,"гвардейцев, беглецов – и всё было мало"
20415,1,1,тӱжине ле эткен немези,тӱжине ле эткен немези,сууга таш шы-,,тӱжине ле эткен немези – сууга таш шы-
20454,1,1,"јакшы-ы дезегер, балдарым»",јакшыы дезегер балдарым,"деп, Мызыл",,"јакшы-ы дезегер, балдарым» – деп, Мызыл"
20454,1,2,"чин) «Пешком хорошо-о, да, дети мои»,",чин пешком хорошоо да дети мои,за-,,"чин) «Пешком хорошо-о, да, дети мои», – за-"
20501,1,1,бош кабина келишти,бош кабина келишти,ол Jыбанапты эске,,бош кабина келишти – ол Jыбанапты эске
20501,1,2,свободная кабина,свободная кабина,вспомнила о Дьыбанап –,,свободная кабина – вспомнила о Дьыбанап –
20508,1,1,"– А сен не, шылучы ба?",а сен не шылучы ба,"деп, Шура удура",,"– А сен не, шылучы ба? – деп, Шура удура"
20508,1,2,сурады (Л. Кокышев),сурады л кокышев,"А ты что, дознава-",,"сурады (Л. Кокышев) – А ты что, дознава-"
20508,1,3,тель?,тель,спросила Шура в ответ,,тель? – спросила Шура в ответ
20536,1,1,јӱрбезиҥ!»,јӱрбезиҥ,деген шымырт угулганчыла-,,јӱрбезиҥ!» – деген шымырт угулганчыла-
20576,1,1,"башты кылыш кеспес, балам»",башты кылыш кеспес балам,"деп, адазы",,"башты кылыш кеспес, балам» – деп, адазы"
20576,1,2,"меч не отрубит, дитя моё»,",меч не отрубит дитя моё,наговаривал про,,"меч не отрубит, дитя моё», – наговаривал про"
20588,1,1,салгам…»,салгам,ол [Лајын] таҥбаган шыркалу,,салгам…» – ол [Лајын] таҥбаган шыркалу
20614,1,1,"мӧжи бар…»,",мӧжи бар,"деп, карган Кӱjей айтканы",,"мӧжи бар…», – деп, карган Кӱjей айтканы"
20623,1,1,"де, торт ызырынып ийген",де торт ызырынып ийген,кыймыктанбас,,"де, торт ызырынып ийген – кыймыктанбас"
20629,1,1,ыйламзырабай,ыйламзырабай,энези база ла арбанып,,ыйламзырабай – энези база ла арбанып
20629,1,2,"слёзы»,",слёзы,опять заругалась мать,,"слёзы», – опять заругалась мать"
20641,1,1,каждого рода,каждого рода,священная гора,,каждого рода – священная гора
20696,1,1,јудруктай берген.,јудруктай берген,Ач! Ылтам чык! Эмезе,,јудруктай берген. – Ач! Ылтам чык! Эмезе
20756,2,1,эттиртеер?»,эттиртеер,Адазынаҥ сурап турды…,,эттиртеер?» – Адазынаҥ сурап турды…
20756,2,2,"отнять, Быстро что сделать?»",отнять быстро что сделать,Спрашивал у,,"отнять, Быстро что сделать?» – Спрашивал у"
20762,1,1,случилось; Тооргы,случилось тооргы,"кара аҥ, толынтылу,",,"случилось; Тооргы – кара аҥ, толынтылу,"
20762,1,2,ыралу (АД) Кабарга,ыралу ад кабарга,"нечистое животное,",,"ыралу (АД) Кабарга – нечистое животное,"
20794,1,1,ырматту келгенигер?»,ырматту келгенигер,деп сурады,,ырматту келгенигер?» – деп сурады
20795,1,1,намерением пришли?»,намерением пришли,спросил,,намерением пришли?» – спросил
20807,1,1,jаштyлаp,jаштyлаp,jажыт эмес – jазымы jогынаҥ,,jаштyлаp – jажыт эмес – jазымы jогынаҥ
20846,1,1,"агаштар да, эбире турган кырлар да",агаштар да эбире турган кырлар да,он-,,"агаштар да, эбире турган кырлар да – он-"
20846,1,2,стоящие кругом,стоящие кругом,всё это радует человека,,стоящие кругом – всё это радует человека
20902,1,1,"проказники, быстро идите домой»,",проказники быстро идите домой,позвала,,"проказники, быстро идите домой», – позвала"
20972,1,1,"не привёз шёлковый платок, дочери",не привёз шёлковый платок дочери,весен-,,"не привёз шёлковый платок, дочери – весен-"
20975,1,1,шыра экелер,шыра экелер,"билбезим, экем (К. Телесов)",,"шыра экелер – билбезим, экем (К. Телесов)"
20976,1,1,"несёт счастье, то ли страдание",несёт счастье то ли страдание,"не знаю, дитя",,"несёт счастье, то ли страдание – не знаю, дитя"
21011,1,1,экспедитора,экспедитора,это снабжение нужными пред-,,экспедитора – это снабжение нужными пред-
21018,1,1,таныштырары (АЧ) Цель экспозиции,таныштырары ач цель экспозиции,оз-,,таныштырары (АЧ) Цель экспозиции – оз-
21074,1,1,"ла мени электеп отурды»,",ла мени электеп отурды,деп ичимде са-,,"ла мени электеп отурды», – деп ичимде са-"
21074,1,2,"насмехается надо мной»,",насмехается надо мной,подумал я про,,"насмехается надо мной», – подумал я про"
21082,1,1,эҥ јеҥил частица электрон,эҥ јеҥил частица электрон,самая лёгкая,,эҥ јеҥил частица электрон – самая лёгкая
21094,1,1,"сӱрбей јадым»,",сӱрбей јадым,"деп кыс айдала, кандый",,"сӱрбей јадым», – деп кыс айдала, кандый"
21094,1,2,"сты (Б. Укачин) «Я вас не прогоняю»,",сты б укачин я вас не прогоняю,ска-,,"сты (Б. Укачин) «Я вас не прогоняю», – ска-"
21138,1,1,ко городов нет,ко городов нет,всё можно услышать; эмди,,ко городов нет – всё можно услышать; эмди
21165,1,1,кижиниҥ каретазы белен!»,кижиниҥ каретазы белен,"деп, Иван",,"кижиниҥ каретазы белен!» – деп, Иван"
21166,1,1,рета эмигранта готова!»,рета эмигранта готова,пошутил Иван Фи-,,рета эмигранта готова!» – пошутил Иван Фи-
21270,1,1,"а бӱгӱн јортып келеделе кӧрзӧм, бу",а бӱгӱн јортып келеделе кӧрзӧм бу,тен,,"а бӱгӱн јортып келеделе кӧрзӧм, бу – тен"
21270,1,2,"на коне, посмотрел",на коне посмотрел,всё поле перепахано;,,"на коне, посмотрел – всё поле перепахано;"
21281,1,1,"лейбус, автобус",лейбус автобус,мында кандый эп-аргалар,,"лейбус, автобус – мында кандый эп-аргалар"
21281,1,2,"тро, троллейбус, автобус",тро троллейбус автобус,каких только воз-,,"тро, троллейбус, автобус – каких только воз-"
21324,2,1,айылдыҥ оҥ јаны,айылдыҥ оҥ јаны,эпши јаны правая сто-,,айылдыҥ оҥ јаны – эпши јаны правая сто-
21324,2,2,рона дома,рона дома,женская,,рона дома – женская
21336,1,1,"ал, ол сӧӧл",ал ол сӧӧл,јеткердиҥ темдеги.,,"ал, ол сӧӧл – јеткердиҥ темдеги."
21337,1,1,чин) Знай,чин знай,эта бородавка признак беды. Она,,чин) Знай – эта бородавка признак беды. Она
21338,1,1,ще; Самарканд,ще самарканд,ислам јаҥду телекейдиҥ,,ще; Самарканд – ислам јаҥду телекейдиҥ
21357,1,1,"эремжиген, ат ӧлтӱрип",эремжиген ат ӧлтӱрип,амтажыган,АБ,"эремжиген, ат ӧлтӱрип – амтажыган (АБ)"
21365,1,1,мен слерле кожо кайдаар баратам?»,мен слерле кожо кайдаар баратам,ол,,мен слерле кожо кайдаар баратам?» – ол
21365,1,2,"нет, куда я с вами пойду?»",нет куда я с вами пойду,снова он засо-,,"нет, куда я с вами пойду?» – снова он засо-"
21410,1,1,келгеҥ,келгеҥ,"бар, ӱрен, шиҥде. Бу ла – ӧскӧ",,"келгеҥ – бар, ӱрен, шиҥде. Бу ла – ӧскӧ"
21410,1,2,зачем пришёл,зачем пришёл,"иди, учись, исследуй. Всё –",,"зачем пришёл – иди, учись, исследуй. Всё –"
21410,2,1,2) речь; « Бистиҥ ВУЗ,2 речь бистиҥ вуз,творческий,,2) речь; « Бистиҥ ВУЗ – творческий
21412,1,1,чин) «Наш ВУЗ,чин наш вуз,творческий ВУЗ... Этого не,,чин) «Наш ВУЗ – творческий ВУЗ... Этого не
21427,1,1,ла кожо отурбазым»,ла кожо отурбазым,"деп, Бокулдай шӱӱди",,"ла кожо отурбазым» – деп, Бокулдай шӱӱди"
21427,1,2,"ним сидеть»,",ним сидеть,решил Бокулдай,,"ним сидеть», – решил Бокулдай"
21465,1,1,эскиндеш,эскиндеш,кӱч иш встряхивание руками яч-,,эскиндеш – кӱч иш встряхивание руками яч-
21465,1,2,мень,мень,тяжёлая работа,,мень – тяжёлая работа
21480,1,1,эстеш,эстеш,ооруныҥ темдеги постоянная зевота,,эстеш – ооруныҥ темдеги постоянная зевота
21507,1,1,"бутер, туристтер",бу тер туристтер,Кӧкӧрӱдеги музейдиҥ,,"бутер, туристтер – Кӧкӧрӱдеги музейдиҥ"
21507,1,2,сты,сты,постоянные гости музея в селе Кокоря,,сты – постоянные гости музея в селе Кокоря
21529,1,1,данган ак быйаны,данган ак быйаны,"сары-чоокыр ак јабаа,",,"данган ак быйаны – сары-чоокыр ак јабаа,"
21532,1,1,(Погов.) Одинокий человек,погов одинокий человек,"просящий, Че-",,"(Погов.) Одинокий человек – просящий, Че-"
21532,1,2,ловек в паре,ловек в паре,ловкий; Элде-јондо не јараш?,,ловек в паре – ловкий; Элде-јондо не јараш?
21547,1,1,"ся в земле в стороне, смотрит",ся в земле в стороне смотрит,красный язык,,"ся в земле в стороне, смотрит – красный язык"
21629,1,1,лер,лер,ас тоолу калык юкагиры – малочис-,,лер – ас тоолу калык юкагиры – малочис-
