entry_id,phrase_id,phrase_alt_raw,phrase_alt_norm,phrase_ru,labels,raw_block
41,1,бир (јаҥыс) аай 1) одновременно,бир јаҥыс аай 1 одновременно,,,"бир (јаҥыс) аай 1) одновременно; 2) в один ряд, по порядку; 3) заодно; аайына чыгар 1) выяснять, разбираться; 2) решать"
41,2,"2) в один ряд, по порядку",2 в один ряд по порядку,,,"бир (јаҥыс) аай 1) одновременно; 2) в один ряд, по порядку; 3) заодно; аайына чыгар 1) выяснять, разбираться; 2) решать"
41,3,3) заодно,3 заодно,,,"бир (јаҥыс) аай 1) одновременно; 2) в один ряд, по порядку; 3) заодно; аайына чыгар 1) выяснять, разбираться; 2) решать"
41,4,аайына,аайына,,,"бир (јаҥыс) аай 1) одновременно; 2) в один ряд, по порядку; 3) заодно; аайына чыгар 1) выяснять, разбираться; 2) решать"
41,5,"чыгар 1) выяснять, разбираться",чыгар 1 выяснять разбираться,,,"бир (јаҥыс) аай 1) одновременно; 2) в один ряд, по порядку; 3) заодно; аайына чыгар 1) выяснять, разбираться; 2) решать"
41,6,2) решать,2 решать,,,"бир (јаҥыс) аай 1) одновременно; 2) в один ряд, по порядку; 3) заодно; аайына чыгар 1) выяснять, разбираться; 2) решать"
44,1,аайы,аайы,,,"аайы jок неизвестно, неясно; не де аайы jок очень сильно"
44,2,"jок неизвестно, неясно",jок неизвестно неясно,,,"аайы jок неизвестно, неясно; не де аайы jок очень сильно"
44,3,не де аайы jок очень,не де аайы jок очень,,,"аайы jок неизвестно, неясно; не де аайы jок очень сильно"
44,4,сильно,сильно,,,"аайы jок неизвестно, неясно; не де аайы jок очень сильно"
54,1,"аайлап салар 1) покончить, разо-",аайлап салар 1 покончить разо,,,"аайлап салар 1) покончить, разобраться с кем-л., чем-л.; 2) убить кого-л."
54,2,"браться с кем-л., чем-л.",браться с кемл чемл,,,"аайлап салар 1) покончить, разобраться с кем-л., чем-л.; 2) убить кого-л."
54,3,2) убить кого-л.,2 убить когол,,,"аайлап салар 1) покончить, разобраться с кем-л., чем-л.; 2) убить кого-л."
64,1,не аайлу,не аайлу,,,не аайлу 1) как сильно; 2) как много
64,2,1) как сильно,1 как сильно,,,не аайлу 1) как сильно; 2) как много
64,3,2) как много,2 как много,,,не аайлу 1) как сильно; 2) как много
83,1,Аамайдыҥ сӧзи кезем (Посл.) Речь глупца,аамайдыҥ сӧзи кезем посл речь глупца,,,Аамайдыҥ сӧзи кезем (Посл.) Речь глупца резка
83,2,резка,резка,,,Аамайдыҥ сӧзи кезем (Посл.) Речь глупца резка
182,1,"Агару сӧс алкышту, албатыга быйанду",агару сӧс алкышту албатыга быйанду,,,"Агару сӧс алкышту, албатыга быйанду (Посл.) Священное слово благословенно, народа благодатно"
182,2,"(Посл.) Священное слово благословенно,",посл священное слово благословенно,,,"Агару сӧс алкышту, албатыга быйанду (Посл.) Священное слово благословенно, народа благодатно"
182,3,народа благодатно,народа благодатно,,,"Агару сӧс алкышту, албатыга быйанду (Посл.) Священное слово благословенно, народа благодатно"
188,1,карчый агаш крест,карчый агаш крест,,,"карчый агаш крест; Агаш тазылы jер ӧдӧр, кижи тазылы эл ӧдӧр (Посл.) Корни дерева сквозь землю прорастают, корни человека сквозь народ прорастают"
188,2,Агаш,агаш,,,"карчый агаш крест; Агаш тазылы jер ӧдӧр, кижи тазылы эл ӧдӧр (Посл.) Корни дерева сквозь землю прорастают, корни человека сквозь народ прорастают"
188,3,"тазылы jер ӧдӧр, кижи тазылы эл ӧдӧр",тазылы jер ӧдӧр кижи тазылы эл ӧдӧр,,,"карчый агаш крест; Агаш тазылы jер ӧдӧр, кижи тазылы эл ӧдӧр (Посл.) Корни дерева сквозь землю прорастают, корни человека сквозь народ прорастают"
188,4,(Посл.) Корни дерева сквозь землю прораста-,посл корни дерева сквозь землю прораста,,,"карчый агаш крест; Агаш тазылы jер ӧдӧр, кижи тазылы эл ӧдӧр (Посл.) Корни дерева сквозь землю прорастают, корни человека сквозь народ прорастают"
188,5,"ют, корни человека сквозь народ прорастают",ют корни человека сквозь народ прорастают,,,"карчый агаш крест; Агаш тазылы jер ӧдӧр, кижи тазылы эл ӧдӧр (Посл.) Корни дерева сквозь землю прорастают, корни человека сквозь народ прорастают"
208,1,Агын су-,агын су,,,"Агын сууда балык бар, албатыда арга бар (Погов.)"
208,2,"уда балык бар, албатыда арга бар (Погов.)",уда балык бар албатыда арга бар погов,,,"Агын сууда балык бар, албатыда арга бар (Погов.)"
227,1,Аданыҥ айтканы,аданыҥ айтканы,,,Аданыҥ айтканы баалу (Посл.) Сказанное отцом золота; Адазыныҥ адаанын бала- -
227,2,баалу (Посл.) Сказанное отцом,баалу посл сказанное отцом,,,Аданыҥ айтканы баалу (Посл.) Сказанное отцом золота; Адазыныҥ адаанын бала- -
227,3,золота,золота,,,Аданыҥ айтканы баалу (Посл.) Сказанное отцом золота; Адазыныҥ адаанын бала- -
227,4,Адазыныҥ адаанын бала-,адазыныҥ адаанын бала,,,Аданыҥ айтканы баалу (Посл.) Сказанное отцом золота; Адазыныҥ адаанын бала- -
227,5,-,-,,,Аданыҥ айтканы баалу (Посл.) Сказанное отцом золота; Адазыныҥ адаанын бала- -
246,1,адакы сӧс послес-,адакы сӧс послес,,,адакы сӧс послесловие
246,2,ловие,ловие,,,адакы сӧс послесловие
284,1,jер адару шмель,jер адару шмель,,,jер адару шмель; сары адару оса
284,2,сары адару оса,сары адару оса,,,jер адару шмель; сары адару оса
288,1,Ада-,ада,,,Ада-
297,1,"Адучыныҥ огы jаспас,",адучыныҥ огы jаспас,,,"Адучыныҥ огы jаспас, аjарыҥкайдыҥ jолы бузулбас (Погов.) У меткого пуля не промахнётся, внимательный с дороги не собьётся"
297,2,аjарыҥкайдыҥ jолы бузулбас (Погов.) У,аjарыҥкайдыҥ jолы бузулбас погов у,,,"Адучыныҥ огы jаспас, аjарыҥкайдыҥ jолы бузулбас (Погов.) У меткого пуля не промахнётся, внимательный с дороги не собьётся"
297,3,"меткого пуля не промахнётся, внимательный",меткого пуля не промахнётся внимательный,,,"Адучыныҥ огы jаспас, аjарыҥкайдыҥ jолы бузулбас (Погов.) У меткого пуля не промахнётся, внимательный с дороги не собьётся"
297,4,с дороги не собьётся,с дороги не собьётся,,,"Адучыныҥ огы jаспас, аjарыҥкайдыҥ jолы бузулбас (Погов.) У меткого пуля не промахнётся, внимательный с дороги не собьётся"
324,1,адырманду,адырманду,,,адырманду мешке бот. мухомор щетинистый
324,2,мешке бот. мухомор щетинистый,мешке бот мухомор щетинистый,,,адырманду мешке бот. мухомор щетинистый
344,1,Аjыктаза,аjыктаза,туу да кыймыктаар (Погов.),,Аjыктаза — туу да кыймыктаар (Погов.)
385,1,"ӧйинеҥ ажынар быть чрезмерным,",ӧйинеҥ ажынар быть чрезмерным,,,"ӧйинеҥ ажынар быть чрезмерным, перебарщивать"
385,2,перебарщивать,перебарщивать,,,"ӧйинеҥ ажынар быть чрезмерным, перебарщивать"
414,1,азу тиш клык,азу тиш клык,,,азу тиш клык
415,1,Jакшы кижиниҥ алдына,jакшы кижиниҥ алдына,,,"Jакшы кижиниҥ алдына азулу казан турар, jаман кижи алдына айры талку jадар (Посл.) Перед хорошим человеком казан с готовой едой будет стоять, перед плохим человеком раздвоенная мялка будет лежать"
415,2,"азулу казан турар, jаман кижи алдына",азулу казан турар jаман кижи алдына,,,"Jакшы кижиниҥ алдына азулу казан турар, jаман кижи алдына айры талку jадар (Посл.) Перед хорошим человеком казан с готовой едой будет стоять, перед плохим человеком раздвоенная мялка будет лежать"
415,3,айры талку jадар (Посл.) Перед хорошим,айры талку jадар посл перед хорошим,,,"Jакшы кижиниҥ алдына азулу казан турар, jаман кижи алдына айры талку jадар (Посл.) Перед хорошим человеком казан с готовой едой будет стоять, перед плохим человеком раздвоенная мялка будет лежать"
415,4,"человеком казан с готовой едой будет стоять,",человеком казан с готовой едой будет стоять,,,"Jакшы кижиниҥ алдына азулу казан турар, jаман кижи алдына айры талку jадар (Посл.) Перед хорошим человеком казан с готовой едой будет стоять, перед плохим человеком раздвоенная мялка будет лежать"
415,5,перед плохим человеком раздвоенная мялка,перед плохим человеком раздвоенная мялка,,,"Jакшы кижиниҥ алдына азулу казан турар, jаман кижи алдына айры талку jадар (Посл.) Перед хорошим человеком казан с готовой едой будет стоять, перед плохим человеком раздвоенная мялка будет лежать"
415,6,будет лежать,будет лежать,,,"Jакшы кижиниҥ алдына азулу казан турар, jаман кижи алдына айры талку jадар (Посл.) Перед хорошим человеком казан с готовой едой будет стоять, перед плохим человеком раздвоенная мялка будет лежать"
449,1,Ай карыкса,ай карыкса,,,"Ай карыкса коркымчылу, албаты карыкса — jеткерлӱ (Погов.) Если будет затмение луны — страшно, если будет затмение народа — опасно"
449,2,"коркымчылу, албаты карыкса",коркымчылу албаты карыкса,jеткерлӱ,,"Ай карыкса коркымчылу, албаты карыкса — jеткерлӱ (Погов.) Если будет затмение луны — страшно, если будет затмение народа — опасно"
449,3,(Погов.) Если будет затмение луны,погов если будет затмение луны,страш-,,"Ай карыкса коркымчылу, албаты карыкса — jеткерлӱ (Погов.) Если будет затмение луны — страшно, если будет затмение народа — опасно"
449,4,"но, если будет затмение народа",но если будет затмение народа,опасно,,"Ай карыкса коркымчылу, албаты карыкса — jеткерлӱ (Погов.) Если будет затмение луны — страшно, если будет затмение народа — опасно"
453,1,"Бӧрӱ алды айа болор, бӧкӧ алды тайкак",бӧрӱ алды айа болор бӧкӧ алды тайкак,,,"Бӧрӱ алды айа болор, бӧкӧ алды тайкак болор (Погов.) На пути волка ставится ловушка-самострел, под силачом земля бывает скользкой"
453,2,болор (Погов.) На пути волка ставится ло-,болор погов на пути волка ставится ло,,,"Бӧрӱ алды айа болор, бӧкӧ алды тайкак болор (Погов.) На пути волка ставится ловушка-самострел, под силачом земля бывает скользкой"
453,3,"вушка-самострел, под силачом земля бывает",вушкасамострел под силачом земля бывает,,,"Бӧрӱ алды айа болор, бӧкӧ алды тайкак болор (Погов.) На пути волка ставится ловушка-самострел, под силачом земля бывает скользкой"
453,4,скользкой,скользкой,,,"Бӧрӱ алды айа болор, бӧкӧ алды тайкак болор (Погов.) На пути волка ставится ловушка-самострел, под силачом земля бывает скользкой"
457,1,айадаҥ (арайдаҥ) калар еле спа-,айадаҥ арайдаҥ калар еле спа,,,"айадаҥ (арайдаҥ) калар еле спастись, еле избежать беды"
457,2,"стись, еле избежать беды",стись еле избежать беды,,,"айадаҥ (арайдаҥ) калар еле спастись, еле избежать беды"
461,1,Айакка урган аш качан,айакка урган аш качан,,,"Айакка урган аш качан да jаман болбойтон (Посл.) Еда, налитая чашку, никогда плохой не бывает"
461,2,"да jаман болбойтон (Посл.) Еда, налитая",да jаман болбойтон посл еда налитая,,,"Айакка урган аш качан да jаман болбойтон (Посл.) Еда, налитая чашку, никогда плохой не бывает"
461,3,"чашку, никогда плохой не бывает",чашку никогда плохой не бывает,,,"Айакка урган аш качан да jаман болбойтон (Посл.) Еда, налитая чашку, никогда плохой не бывает"
464,1,jеҥил айак,jеҥил айак,,,jеҥил айак (айак jеҥил) кижи лёгкий на подъём человек; айак берижип уйуктаар спать валетом
464,2,(айак jеҥил) кижи лёгкий на подъём чело-,айак jеҥил кижи лёгкий на подъём чело,,,jеҥил айак (айак jеҥил) кижи лёгкий на подъём человек; айак берижип уйуктаар спать валетом
464,3,век,век,,,jеҥил айак (айак jеҥил) кижи лёгкий на подъём человек; айак берижип уйуктаар спать валетом
464,4,айак берижип уйуктаар спать валетом,айак берижип уйуктаар спать валетом,,,jеҥил айак (айак jеҥил) кижи лёгкий на подъём человек; айак берижип уйуктаар спать валетом
475,1,айаҥ,айаҥ,,,айаҥ кӧл круглое озеро в горах
475,2,кӧл круглое озеро в горах,кӧл круглое озеро в горах,,,айаҥ кӧл круглое озеро в горах
495,1,"Боро ийтти айбыга ийзеҥ,",боро ийтти айбыга ийзеҥ,,,"Боро ийтти айбыга ийзеҥ, ол бойыныҥ куйругын айбылаар (Погов.)"
495,2,ол бойыныҥ куйругын айбылаар (Погов.),ол бойыныҥ куйругын айбылаар погов,,,"Боро ийтти айбыга ийзеҥ, ол бойыныҥ куйругын айбылаар (Погов.)"
499,1,Ийт куйругын айбыланар,ийт куйругын айбыланар,,,Ийт куйругын айбыланар (Погов.) Собака просит свой хвост (о ленивом (при человеке)
499,2,(Погов.) Собака просит свой хвост (о ленивом,погов собака просит свой хвост о ленивом,,,Ийт куйругын айбыланар (Погов.) Собака просит свой хвост (о ленивом (при человеке)
499,3,(при,при,,,Ийт куйругын айбыланар (Погов.) Собака просит свой хвост (о ленивом (при человеке)
499,4,человеке),человеке,,,Ийт куйругын айбыланар (Погов.) Собака просит свой хвост (о ленивом (при человеке)
510,1,бир айгыр,бир айгыр,,,бир айгыр мал табун лошадей при одном жеребце
510,2,мал табун лошадей при одном жеребце,мал табун лошадей при одном жеребце,,,бир айгыр мал табун лошадей при одном жеребце
531,1,Агаш jымжагын,агаш jымжагын,,,"Агаш jымжагын курт базар, айдынып болбосты сӧс базар (Посл.) Мягкое дерево червь точит, не умеющего высказаться слово давит"
531,2,"курт базар, айдынып болбосты сӧс базар",курт базар айдынып болбосты сӧс базар,,,"Агаш jымжагын курт базар, айдынып болбосты сӧс базар (Посл.) Мягкое дерево червь точит, не умеющего высказаться слово давит"
531,3,"(Посл.) Мягкое дерево червь точит, не умею-",посл мягкое дерево червь точит не умею,,,"Агаш jымжагын курт базар, айдынып болбосты сӧс базар (Посл.) Мягкое дерево червь точит, не умеющего высказаться слово давит"
531,4,щего высказаться слово давит,щего высказаться слово давит,,,"Агаш jымжагын курт базар, айдынып болбосты сӧс базар (Посл.) Мягкое дерево червь точит, не умеющего высказаться слово давит"
553,1,ай-кулакка амыр бербес ушам покоя,айкулакка амыр бербес ушам покоя,,,ай-кулакка амыр бербес ушам покоя не давать; ай-кулактаҥ айрылбас ушам коя не давать
553,2,не давать,не давать,,,ай-кулакка амыр бербес ушам покоя не давать; ай-кулактаҥ айрылбас ушам коя не давать
553,3,ай-кулактаҥ айрылбас ушам,айкулактаҥ айрылбас ушам,,,ай-кулакка амыр бербес ушам покоя не давать; ай-кулактаҥ айрылбас ушам коя не давать
553,4,коя не давать,коя не давать,,,ай-кулакка амыр бербес ушам покоя не давать; ай-кулактаҥ айрылбас ушам коя не давать
562,1,ай-,ай,,,"айлана берер сгинуть; Ат казыкты айланар, о казык атты айланбайтан (Посл.) Конь воего круг кола будет кружиться, кол вокруг коня кружиться не будет"
562,2,лана берер сгинуть,лана берер сгинуть,,,"айлана берер сгинуть; Ат казыкты айланар, о казык атты айланбайтан (Посл.) Конь воего круг кола будет кружиться, кол вокруг коня кружиться не будет"
562,3,"Ат казыкты айланар,",ат казыкты айланар,,,"айлана берер сгинуть; Ат казыкты айланар, о казык атты айланбайтан (Посл.) Конь воего круг кола будет кружиться, кол вокруг коня кружиться не будет"
562,4,о,о,,,"айлана берер сгинуть; Ат казыкты айланар, о казык атты айланбайтан (Посл.) Конь воего круг кола будет кружиться, кол вокруг коня кружиться не будет"
562,5,казык атты айланбайтан (Посл.) Конь во-,казык атты айланбайтан посл конь во,,,"айлана берер сгинуть; Ат казыкты айланар, о казык атты айланбайтан (Посл.) Конь воего круг кола будет кружиться, кол вокруг коня кружиться не будет"
562,6,его,его,,,"айлана берер сгинуть; Ат казыкты айланар, о казык атты айланбайтан (Посл.) Конь воего круг кола будет кружиться, кол вокруг коня кружиться не будет"
562,7,"круг кола будет кружиться, кол вокруг коня",круг кола будет кружиться кол вокруг коня,,,"айлана берер сгинуть; Ат казыкты айланар, о казык атты айланбайтан (Посл.) Конь воего круг кола будет кружиться, кол вокруг коня кружиться не будет"
562,8,кружиться не будет,кружиться не будет,,,"айлана берер сгинуть; Ат казыкты айланар, о казык атты айланбайтан (Посл.) Конь воего круг кола будет кружиться, кол вокруг коня кружиться не будет"
564,1,бажын айландырар вскру-,бажын айландырар вскру,,,бажын айландырар вскружить голову кому-л.
564,2,жить голову кому-л.,жить голову комул,,,бажын айландырар вскружить голову кому-л.
631,1,айруушка кӧдӱрер крити-,айруушка кӧдӱрер крити,,,айруушка кӧдӱрер критиковать
631,2,ковать,ковать,,,айруушка кӧдӱрер критиковать
641,1,айры бутту двуногий (о человеке),айры бутту двуногий о человеке,,,айры бутту двуногий (о человеке); айры колыла иш этпес (айры колына иш пас) лентяй
641,2,айры,айры,,,айры бутту двуногий (о человеке); айры колыла иш этпес (айры колына иш пас) лентяй
641,3,колыла иш этпес (айры колына иш,колыла иш этпес айры колына иш,,,айры бутту двуногий (о человеке); айры колыла иш этпес (айры колына иш пас) лентяй
641,4,пас) лентяй,пас лентяй,,,айры бутту двуногий (о человеке); айры колыла иш этпес (айры колына иш пас) лентяй
646,1,колынаҥ айрылар ускользнуть из рук,колынаҥ айрылар ускользнуть из рук,,,колынаҥ айрылар ускользнуть из рук
659,1,айры-тейри куучындар сплетни,айрытейри куучындар сплетни,,,айры-тейри куучындар сплетни
665,1,айса болзо вводн.,айса болзо вводн,,,"айса болзо вводн. сл. возможно, может быть"
665,2,"сл. возможно, может быть",сл возможно может быть,,,"айса болзо вводн. сл. возможно, может быть"
668,1,"Айдардаҥ озо санан, могордоҥ",айдардаҥ озо санан могордоҥ,,,"Айдардаҥ озо санан, могордоҥ озо чоттон (Посл.) Прежде чем сказать, думай, прежде чем решиться, рассчитай;"
668,2,"озо чоттон (Посл.) Прежде чем сказать,",озо чоттон посл прежде чем сказать,,,"Айдардаҥ озо санан, могордоҥ озо чоттон (Посл.) Прежде чем сказать, думай, прежде чем решиться, рассчитай;"
668,3,"думай, прежде чем решиться, рассчитай",думай прежде чем решиться рассчитай,,,"Айдардаҥ озо санан, могордоҥ озо чоттон (Посл.) Прежде чем сказать, думай, прежде чем решиться, рассчитай;"
694,1,Ат болзо,ат болзо,,,"Ат болзо — ӱйгендӱ болор, айыл болзо — ээлӱ болор уда- (Погов.) Если конь, то с уздой должен быть, если дом, то с хозяином должен быть"
694,2,"— ӱйгендӱ болор, айыл болзо",ӱйгендӱ болор айыл болзо,ээлӱ болор,,"Ат болзо — ӱйгендӱ болор, айыл болзо — ээлӱ болор уда- (Погов.) Если конь, то с уздой должен быть, если дом, то с хозяином должен быть"
694,3,"уда- (Погов.) Если конь, то с уздой должен быть,",уда погов если конь то с уздой должен быть,,,"Ат болзо — ӱйгендӱ болор, айыл болзо — ээлӱ болор уда- (Погов.) Если конь, то с уздой должен быть, если дом, то с хозяином должен быть"
694,4,"если дом, то с хозяином должен быть",если дом то с хозяином должен быть,,,"Ат болзо — ӱйгендӱ болор, айыл болзо — ээлӱ болор уда- (Погов.) Если конь, то с уздой должен быть, если дом, то с хозяином должен быть"
697,1,"Айлы-jуртыҥ ару тут, ачка-jутка",айлыjуртыҥ ару тут ачкаjутка,,,"Айлы-jуртыҥ ару тут, ачка-jутка табартпазыҥ (Посл.) Дом свой в чистоте держи, мор и голод обойдут"
697,2,табартпазыҥ (Посл.) Дом свой в чистоте,табартпазыҥ посл дом свой в чистоте,,,"Айлы-jуртыҥ ару тут, ачка-jутка табартпазыҥ (Посл.) Дом свой в чистоте держи, мор и голод обойдут"
697,3,"держи, мор и голод обойдут",держи мор и голод обойдут,,,"Айлы-jуртыҥ ару тут, ачка-jутка табартпазыҥ (Посл.) Дом свой в чистоте держи, мор и голод обойдут"
703,1,Ийтке ле балага болушсаҥ,ийтке ле балага болушсаҥ,,,Ийтке ле балага болушсаҥ — айылдаш болбос (Посл.) Если будешь собаку и ребёнка защищать — соседа не будет;
703,2,— айылдаш болбос (Посл.) Если будешь со-,айылдаш болбос посл если будешь со,,,Ийтке ле балага болушсаҥ — айылдаш болбос (Посл.) Если будешь собаку и ребёнка защищать — соседа не будет;
703,3,баку и ребёнка защищать,баку и ребёнка защищать,соседа не будет,,Ийтке ле балага болушсаҥ — айылдаш болбос (Посл.) Если будешь собаку и ребёнка защищать — соседа не будет;
708,1,Jалку кижи айылзак (Погов.) Ле-,jалку кижи айылзак погов ле,,,Jалку кижи айылзак (Погов.) Ленивый человек — любитель бывать в гостях
708,2,нивый человек,нивый человек,любитель бывать в гостях,,Jалку кижи айылзак (Погов.) Ленивый человек — любитель бывать в гостях
711,1,Jакшы айылчы келгенде,jакшы айылчы келгенде,,,"Jакшы айылчы келгенде — ээзи тойор (Погов.) Когда приходит хороший гость, хозяин досыта наедается"
711,2,— ээзи тойор (Погов.) Когда приходит хоро-,ээзи тойор погов когда приходит хоро,,,"Jакшы айылчы келгенде — ээзи тойор (Погов.) Когда приходит хороший гость, хозяин досыта наедается"
711,3,"ший гость, хозяин досыта наедается",ший гость хозяин досыта наедается,,,"Jакшы айылчы келгенде — ээзи тойор (Погов.) Когда приходит хороший гость, хозяин досыта наедается"
722,1,"ак сагышту (ак санаалу) добрый,",ак сагышту ак санаалу добрый,,,"ак сагышту (ак санаалу) добрый, доброжелательный, отзывчивый; ак jӱректӱ добрый, добросердечный, добродушный, отзывчивый; актыҥ агы самый честный; ак мешке эт жирное мясо (с белым салом); Ак сагышты карартып болбозыҥ, кара сагышты агартып болбозыҥ (Погов.) Добрую мысль очернить не сможешь, злую мысль обелить не сможешь"
722,2,"доброжелательный, отзывчивый",доброжелательный отзывчивый,,,"ак сагышту (ак санаалу) добрый, доброжелательный, отзывчивый; ак jӱректӱ добрый, добросердечный, добродушный, отзывчивый; актыҥ агы самый честный; ак мешке эт жирное мясо (с белым салом); Ак сагышты карартып болбозыҥ, кара сагышты агартып болбозыҥ (Погов.) Добрую мысль очернить не сможешь, злую мысль обелить не сможешь"
722,3,ак jӱректӱ,ак jӱректӱ,,,"ак сагышту (ак санаалу) добрый, доброжелательный, отзывчивый; ак jӱректӱ добрый, добросердечный, добродушный, отзывчивый; актыҥ агы самый честный; ак мешке эт жирное мясо (с белым салом); Ак сагышты карартып болбозыҥ, кара сагышты агартып болбозыҥ (Погов.) Добрую мысль очернить не сможешь, злую мысль обелить не сможешь"
722,4,"добрый, добросердечный, добродушный,",добрый добросердечный добродушный,,,"ак сагышту (ак санаалу) добрый, доброжелательный, отзывчивый; ак jӱректӱ добрый, добросердечный, добродушный, отзывчивый; актыҥ агы самый честный; ак мешке эт жирное мясо (с белым салом); Ак сагышты карартып болбозыҥ, кара сагышты агартып болбозыҥ (Погов.) Добрую мысль очернить не сможешь, злую мысль обелить не сможешь"
722,5,отзывчивый,отзывчивый,,,"ак сагышту (ак санаалу) добрый, доброжелательный, отзывчивый; ак jӱректӱ добрый, добросердечный, добродушный, отзывчивый; актыҥ агы самый честный; ак мешке эт жирное мясо (с белым салом); Ак сагышты карартып болбозыҥ, кара сагышты агартып болбозыҥ (Погов.) Добрую мысль очернить не сможешь, злую мысль обелить не сможешь"
722,6,актыҥ агы самый честный,актыҥ агы самый честный,,,"ак сагышту (ак санаалу) добрый, доброжелательный, отзывчивый; ак jӱректӱ добрый, добросердечный, добродушный, отзывчивый; актыҥ агы самый честный; ак мешке эт жирное мясо (с белым салом); Ак сагышты карартып болбозыҥ, кара сагышты агартып болбозыҥ (Погов.) Добрую мысль очернить не сможешь, злую мысль обелить не сможешь"
722,7,ак,ак,,,"ак сагышту (ак санаалу) добрый, доброжелательный, отзывчивый; ак jӱректӱ добрый, добросердечный, добродушный, отзывчивый; актыҥ агы самый честный; ак мешке эт жирное мясо (с белым салом); Ак сагышты карартып болбозыҥ, кара сагышты агартып болбозыҥ (Погов.) Добрую мысль очернить не сможешь, злую мысль обелить не сможешь"
722,8,мешке эт жирное мясо (с белым салом),мешке эт жирное мясо с белым салом,,,"ак сагышту (ак санаалу) добрый, доброжелательный, отзывчивый; ак jӱректӱ добрый, добросердечный, добродушный, отзывчивый; актыҥ агы самый честный; ак мешке эт жирное мясо (с белым салом); Ак сагышты карартып болбозыҥ, кара сагышты агартып болбозыҥ (Погов.) Добрую мысль очернить не сможешь, злую мысль обелить не сможешь"
722,9,Ак,ак,,,"ак сагышту (ак санаалу) добрый, доброжелательный, отзывчивый; ак jӱректӱ добрый, добросердечный, добродушный, отзывчивый; актыҥ агы самый честный; ак мешке эт жирное мясо (с белым салом); Ак сагышты карартып болбозыҥ, кара сагышты агартып болбозыҥ (Погов.) Добрую мысль очернить не сможешь, злую мысль обелить не сможешь"
722,10,"сагышты карартып болбозыҥ, кара са-",сагышты карартып болбозыҥ кара са,,,"ак сагышту (ак санаалу) добрый, доброжелательный, отзывчивый; ак jӱректӱ добрый, добросердечный, добродушный, отзывчивый; актыҥ агы самый честный; ак мешке эт жирное мясо (с белым салом); Ак сагышты карартып болбозыҥ, кара сагышты агартып болбозыҥ (Погов.) Добрую мысль очернить не сможешь, злую мысль обелить не сможешь"
722,11,гышты агартып болбозыҥ (Погов.) Добрую,гышты агартып болбозыҥ погов добрую,,,"ак сагышту (ак санаалу) добрый, доброжелательный, отзывчивый; ак jӱректӱ добрый, добросердечный, добродушный, отзывчивый; актыҥ агы самый честный; ак мешке эт жирное мясо (с белым салом); Ак сагышты карартып болбозыҥ, кара сагышты агартып болбозыҥ (Погов.) Добрую мысль очернить не сможешь, злую мысль обелить не сможешь"
722,12,"мысль очернить не сможешь, злую мысль",мысль очернить не сможешь злую мысль,,,"ак сагышту (ак санаалу) добрый, доброжелательный, отзывчивый; ак jӱректӱ добрый, добросердечный, добродушный, отзывчивый; актыҥ агы самый честный; ак мешке эт жирное мясо (с белым салом); Ак сагышты карартып болбозыҥ, кара сагышты агартып болбозыҥ (Погов.) Добрую мысль очернить не сможешь, злую мысль обелить не сможешь"
722,13,обелить не сможешь,обелить не сможешь,,,"ак сагышту (ак санаалу) добрый, доброжелательный, отзывчивый; ак jӱректӱ добрый, добросердечный, добродушный, отзывчивый; актыҥ агы самый честный; ак мешке эт жирное мясо (с белым салом); Ак сагышты карартып болбозыҥ, кара сагышты агартып болбозыҥ (Погов.) Добрую мысль очернить не сможешь, злую мысль обелить не сможешь"
723,1,ак-jарыкка чыгар,акjарыкка чыгар,,,ак-jарыкка чыгар выйти в свет (быть изданным)
723,2,выйти в свет (быть изданным),выйти в свет быть изданным,,,ак-jарыкка чыгар выйти в свет (быть изданным)
725,1,ака jайзаҥ (ага jайзаҥ) глав-,ака jайзаҥ ага jайзаҥ глав,,,"ака jайзаҥ (ага jайзаҥ) главный зайсан (глава зайсанов); Аказы бардыҥ jаказы бар (Посл.) У кого брат есть, у того воротник есть"
725,2,ный зайсан (глава зайсанов),ный зайсан глава зайсанов,,,"ака jайзаҥ (ага jайзаҥ) главный зайсан (глава зайсанов); Аказы бардыҥ jаказы бар (Посл.) У кого брат есть, у того воротник есть"
725,3,Аказы бардыҥ,аказы бардыҥ,,,"ака jайзаҥ (ага jайзаҥ) главный зайсан (глава зайсанов); Аказы бардыҥ jаказы бар (Посл.) У кого брат есть, у того воротник есть"
725,4,"jаказы бар (Посл.) У кого брат есть, у того",jаказы бар посл у кого брат есть у того,,,"ака jайзаҥ (ага jайзаҥ) главный зайсан (глава зайсанов); Аказы бардыҥ jаказы бар (Посл.) У кого брат есть, у того воротник есть"
725,5,воротник есть,воротник есть,,,"ака jайзаҥ (ага jайзаҥ) главный зайсан (глава зайсанов); Аказы бардыҥ jаказы бар (Посл.) У кого брат есть, у того воротник есть"
735,1,акар тон овчиная шуба,акар тон овчиная шуба,,,акар тон овчиная шуба коротким густым мехом (обычно из осенней шкуры ягнёнка)
735,2,коротким густым мехом (обычно из осенней,коротким густым мехом обычно из осенней,,,акар тон овчиная шуба коротким густым мехом (обычно из осенней шкуры ягнёнка)
735,3,шкуры ягнёнка),шкуры ягнёнка,,,акар тон овчиная шуба коротким густым мехом (обычно из осенней шкуры ягнёнка)
778,1,"Бурулуны актаба, актуны ка-",бурулуны актаба актуны ка,,,"Бурулуны актаба, актуны каралаба (Посл.) Виновного не оправдывай, невиновного не черни"
778,2,"ралаба (Посл.) Виновного не оправдывай,",ралаба посл виновного не оправдывай,,,"Бурулуны актаба, актуны каралаба (Посл.) Виновного не оправдывай, невиновного не черни"
778,3,невиновного не черни,невиновного не черни,,,"Бурулуны актаба, актуны каралаба (Посл.) Виновного не оправдывай, невиновного не черни"
797,1,акту,акту,,,акту jӱректеҥ от чистого сердца; акту кӱӱннеҥ 1) из чистых побуждений; 2) от чистого сердца; Акту сӧс ундылбас (Погов.) Честное слово не забудется
797,2,jӱректеҥ от чистого сердца,jӱректеҥ от чистого сердца,,,акту jӱректеҥ от чистого сердца; акту кӱӱннеҥ 1) из чистых побуждений; 2) от чистого сердца; Акту сӧс ундылбас (Погов.) Честное слово не забудется
797,3,акту кӱӱннеҥ,акту кӱӱннеҥ,,,акту jӱректеҥ от чистого сердца; акту кӱӱннеҥ 1) из чистых побуждений; 2) от чистого сердца; Акту сӧс ундылбас (Погов.) Честное слово не забудется
797,4,1) из чистых побуждений,1 из чистых побуждений,,,акту jӱректеҥ от чистого сердца; акту кӱӱннеҥ 1) из чистых побуждений; 2) от чистого сердца; Акту сӧс ундылбас (Погов.) Честное слово не забудется
797,5,2) от чистого серд-,2 от чистого серд,,,акту jӱректеҥ от чистого сердца; акту кӱӱннеҥ 1) из чистых побуждений; 2) от чистого сердца; Акту сӧс ундылбас (Погов.) Честное слово не забудется
797,6,ца,ца,,,акту jӱректеҥ от чистого сердца; акту кӱӱннеҥ 1) из чистых побуждений; 2) от чистого сердца; Акту сӧс ундылбас (Погов.) Честное слово не забудется
797,7,Акту сӧс ундылбас (Погов.) Честное сло-,акту сӧс ундылбас погов честное сло,,,акту jӱректеҥ от чистого сердца; акту кӱӱннеҥ 1) из чистых побуждений; 2) от чистого сердца; Акту сӧс ундылбас (Погов.) Честное слово не забудется
797,8,во не забудется,во не забудется,,,акту jӱректеҥ от чистого сердца; акту кӱӱннеҥ 1) из чистых побуждений; 2) от чистого сердца; Акту сӧс ундылбас (Погов.) Честное слово не забудется
800,1,акчаныҥ,акчаныҥ,,,акчаныҥ кабы транжира
800,2,кабы транжира,кабы транжира,,,акчаныҥ кабы транжира
824,1,сӧс алар брать слово,сӧс алар брать слово,,,сӧс алар брать слово; тынын алар спасаться; колго алар взять в руки; ӧчин алар мстить; кижи алар жениться; кӱн алар проводить время; јыт алар чуять запах; ис алар брать след; кӧс албас не отрывать глаз; алар неме jок брать нечего; Аларын меҥдебе — тӱбин шӱӱ (Посл.) Брать не спеши — о последствиях подумай
824,2,тынын алар спа-,тынын алар спа,,,сӧс алар брать слово; тынын алар спасаться; колго алар взять в руки; ӧчин алар мстить; кижи алар жениться; кӱн алар проводить время; јыт алар чуять запах; ис алар брать след; кӧс албас не отрывать глаз; алар неме jок брать нечего; Аларын меҥдебе — тӱбин шӱӱ (Посл.) Брать не спеши — о последствиях подумай
824,3,саться,саться,,,сӧс алар брать слово; тынын алар спасаться; колго алар взять в руки; ӧчин алар мстить; кижи алар жениться; кӱн алар проводить время; јыт алар чуять запах; ис алар брать след; кӧс албас не отрывать глаз; алар неме jок брать нечего; Аларын меҥдебе — тӱбин шӱӱ (Посл.) Брать не спеши — о последствиях подумай
824,4,колго алар взять в руки,колго алар взять в руки,,,сӧс алар брать слово; тынын алар спасаться; колго алар взять в руки; ӧчин алар мстить; кижи алар жениться; кӱн алар проводить время; јыт алар чуять запах; ис алар брать след; кӧс албас не отрывать глаз; алар неме jок брать нечего; Аларын меҥдебе — тӱбин шӱӱ (Посл.) Брать не спеши — о последствиях подумай
824,5,ӧчин алар,ӧчин алар,,,сӧс алар брать слово; тынын алар спасаться; колго алар взять в руки; ӧчин алар мстить; кижи алар жениться; кӱн алар проводить время; јыт алар чуять запах; ис алар брать след; кӧс албас не отрывать глаз; алар неме jок брать нечего; Аларын меҥдебе — тӱбин шӱӱ (Посл.) Брать не спеши — о последствиях подумай
824,6,мстить,мстить,,,сӧс алар брать слово; тынын алар спасаться; колго алар взять в руки; ӧчин алар мстить; кижи алар жениться; кӱн алар проводить время; јыт алар чуять запах; ис алар брать след; кӧс албас не отрывать глаз; алар неме jок брать нечего; Аларын меҥдебе — тӱбин шӱӱ (Посл.) Брать не спеши — о последствиях подумай
824,7,кижи алар жениться,кижи алар жениться,,,сӧс алар брать слово; тынын алар спасаться; колго алар взять в руки; ӧчин алар мстить; кижи алар жениться; кӱн алар проводить время; јыт алар чуять запах; ис алар брать след; кӧс албас не отрывать глаз; алар неме jок брать нечего; Аларын меҥдебе — тӱбин шӱӱ (Посл.) Брать не спеши — о последствиях подумай
824,8,кӱн алар про-,кӱн алар про,,,сӧс алар брать слово; тынын алар спасаться; колго алар взять в руки; ӧчин алар мстить; кижи алар жениться; кӱн алар проводить время; јыт алар чуять запах; ис алар брать след; кӧс албас не отрывать глаз; алар неме jок брать нечего; Аларын меҥдебе — тӱбин шӱӱ (Посл.) Брать не спеши — о последствиях подумай
824,9,водить время,водить время,,,сӧс алар брать слово; тынын алар спасаться; колго алар взять в руки; ӧчин алар мстить; кижи алар жениться; кӱн алар проводить время; јыт алар чуять запах; ис алар брать след; кӧс албас не отрывать глаз; алар неме jок брать нечего; Аларын меҥдебе — тӱбин шӱӱ (Посл.) Брать не спеши — о последствиях подумай
824,10,јыт алар чуять запах,јыт алар чуять запах,,,сӧс алар брать слово; тынын алар спасаться; колго алар взять в руки; ӧчин алар мстить; кижи алар жениться; кӱн алар проводить время; јыт алар чуять запах; ис алар брать след; кӧс албас не отрывать глаз; алар неме jок брать нечего; Аларын меҥдебе — тӱбин шӱӱ (Посл.) Брать не спеши — о последствиях подумай
824,11,ис алар,ис алар,,,сӧс алар брать слово; тынын алар спасаться; колго алар взять в руки; ӧчин алар мстить; кижи алар жениться; кӱн алар проводить время; јыт алар чуять запах; ис алар брать след; кӧс албас не отрывать глаз; алар неме jок брать нечего; Аларын меҥдебе — тӱбин шӱӱ (Посл.) Брать не спеши — о последствиях подумай
824,12,брать след,брать след,,,сӧс алар брать слово; тынын алар спасаться; колго алар взять в руки; ӧчин алар мстить; кижи алар жениться; кӱн алар проводить время; јыт алар чуять запах; ис алар брать след; кӧс албас не отрывать глаз; алар неме jок брать нечего; Аларын меҥдебе — тӱбин шӱӱ (Посл.) Брать не спеши — о последствиях подумай
824,13,кӧс албас не отрывать глаз,кӧс албас не отрывать глаз,,,сӧс алар брать слово; тынын алар спасаться; колго алар взять в руки; ӧчин алар мстить; кижи алар жениться; кӱн алар проводить время; јыт алар чуять запах; ис алар брать след; кӧс албас не отрывать глаз; алар неме jок брать нечего; Аларын меҥдебе — тӱбин шӱӱ (Посл.) Брать не спеши — о последствиях подумай
824,14,алар,алар,,,сӧс алар брать слово; тынын алар спасаться; колго алар взять в руки; ӧчин алар мстить; кижи алар жениться; кӱн алар проводить время; јыт алар чуять запах; ис алар брать след; кӧс албас не отрывать глаз; алар неме jок брать нечего; Аларын меҥдебе — тӱбин шӱӱ (Посл.) Брать не спеши — о последствиях подумай
824,15,неме jок брать нечего,неме jок брать нечего,,,сӧс алар брать слово; тынын алар спасаться; колго алар взять в руки; ӧчин алар мстить; кижи алар жениться; кӱн алар проводить время; јыт алар чуять запах; ис алар брать след; кӧс албас не отрывать глаз; алар неме jок брать нечего; Аларын меҥдебе — тӱбин шӱӱ (Посл.) Брать не спеши — о последствиях подумай
824,16,Аларын меҥдебе —,аларын меҥдебе,,,сӧс алар брать слово; тынын алар спасаться; колго алар взять в руки; ӧчин алар мстить; кижи алар жениться; кӱн алар проводить время; јыт алар чуять запах; ис алар брать след; кӧс албас не отрывать глаз; алар неме jок брать нечего; Аларын меҥдебе — тӱбин шӱӱ (Посл.) Брать не спеши — о последствиях подумай
824,17,тӱбин шӱӱ (Посл.) Брать не спеши,тӱбин шӱӱ посл брать не спеши,о по-,,сӧс алар брать слово; тынын алар спасаться; колго алар взять в руки; ӧчин алар мстить; кижи алар жениться; кӱн алар проводить время; јыт алар чуять запах; ис алар брать след; кӧс албас не отрывать глаз; алар неме jок брать нечего; Аларын меҥдебе — тӱбин шӱӱ (Посл.) Брать не спеши — о последствиях подумай
824,18,следствиях подумай,следствиях подумай,,,сӧс алар брать слово; тынын алар спасаться; колго алар взять в руки; ӧчин алар мстить; кижи алар жениться; кӱн алар проводить время; јыт алар чуять запах; ис алар брать след; кӧс албас не отрывать глаз; алар неме jок брать нечего; Аларын меҥдебе — тӱбин шӱӱ (Посл.) Брать не спеши — о последствиях подумай
826,1,ала кӧс выпученные глаза,ала кӧс выпученные глаза,,,ала кӧс выпученные глаза
828,1,jаказынаҥ ала эдегине jетире сверху до-,jаказынаҥ ала эдегине jетире сверху до,,,jаказынаҥ ала эдегине jетире сверху донизу (букв. с воротника до подола)
828,2,низу (букв. с воротника до подола),низу букв с воротника до подола,,,jаказынаҥ ала эдегине jетире сверху донизу (букв. с воротника до подола)
890,1,Аланчыктаҥ тудунба,аланчыктаҥ тудунба,,,"Аланчыктаҥ тудунба айыл бузулар, аамай-тенек jӱрбе — албаты айдар (Посл.) За остов юрты не держись юрта рухнет, не будь дураком — народ ославит"
890,2,"айыл бузулар, аамай-тенек jӱрбе",айыл бузулар аамайтенек jӱрбе,албаты,,"Аланчыктаҥ тудунба айыл бузулар, аамай-тенек jӱрбе — албаты айдар (Посл.) За остов юрты не держись юрта рухнет, не будь дураком — народ ославит"
890,3,айдар (Посл.) За остов юрты не держись,айдар посл за остов юрты не держись,,,"Аланчыктаҥ тудунба айыл бузулар, аамай-тенек jӱрбе — албаты айдар (Посл.) За остов юрты не держись юрта рухнет, не будь дураком — народ ославит"
890,4,"юрта рухнет, не будь дураком",юрта рухнет не будь дураком,народ осла-,,"Аланчыктаҥ тудунба айыл бузулар, аамай-тенек jӱрбе — албаты айдар (Посл.) За остов юрты не держись юрта рухнет, не будь дураком — народ ославит"
890,5,вит,вит,,,"Аланчыктаҥ тудунба айыл бузулар, аамай-тенек jӱрбе — албаты айдар (Посл.) За остов юрты не держись юрта рухнет, не будь дураком — народ ославит"
891,1,алаҥ болор недоумевать,алаҥ болор недоумевать,,,алаҥ болор недоумевать
900,1,Алаҥзыҥкайдыҥ алары ас (Посл.) Склон-,алаҥзыҥкайдыҥ алары ас посл склон,,,Алаҥзыҥкайдыҥ алары ас (Посл.) Склонному к сомнениям мало достаётся
900,2,ному к сомнениям мало достаётся,ному к сомнениям мало достаётся,,,Алаҥзыҥкайдыҥ алары ас (Посл.) Склонному к сомнениям мало достаётся
942,1,албан залог грам. понудительный,албан залог грам понудительный,,,албан залог грам. понудительный залог
942,2,залог,залог,,,албан залог грам. понудительный залог
945,1,кӧк албанла насильно,кӧк албанла насильно,,,кӧк албанла насильно
955,1,алгас кӧс близорукий,алгас кӧс близорукий,,,алгас кӧс близорукий ср.
955,2,ср.,ср,,,алгас кӧс близорукий ср.
971,1,јер,јер,,,"јер алды подземный мир; Алдынаҥ алкаар, арказынаҥ айдар (Погов.) В лицо благословляет, в спину ругает"
971,2,алды подземный мир,алды подземный мир,,,"јер алды подземный мир; Алдынаҥ алкаар, арказынаҥ айдар (Погов.) В лицо благословляет, в спину ругает"
971,3,"Алдынаҥ алкаар,",алдынаҥ алкаар,,,"јер алды подземный мир; Алдынаҥ алкаар, арказынаҥ айдар (Погов.) В лицо благословляет, в спину ругает"
971,4,арказынаҥ айдар (Погов.) В лицо благо-,арказынаҥ айдар погов в лицо благо,,,"јер алды подземный мир; Алдынаҥ алкаар, арказынаҥ айдар (Погов.) В лицо благословляет, в спину ругает"
971,5,"словляет, в спину ругает",словляет в спину ругает,,,"јер алды подземный мир; Алдынаҥ алкаар, арказынаҥ айдар (Погов.) В лицо благословляет, в спину ругает"
986,1,алды-кийнинеҥ jӱгӱрер (базар),алдыкийнинеҥ jӱгӱрер базар,,,"алды-кийнинеҥ jӱгӱрер (базар) ухаживать за кем-л., опекать кого-л.; алдыкийнин тоолоор (чоттоор) 1) предъявлять счёт; 2) ругать, поносить"
986,2,"ухаживать за кем-л., опекать кого-л.",ухаживать за кемл опекать когол,,,"алды-кийнинеҥ jӱгӱрер (базар) ухаживать за кем-л., опекать кого-л.; алдыкийнин тоолоор (чоттоор) 1) предъявлять счёт; 2) ругать, поносить"
986,3,алды-,алды,,,"алды-кийнинеҥ jӱгӱрер (базар) ухаживать за кем-л., опекать кого-л.; алдыкийнин тоолоор (чоттоор) 1) предъявлять счёт; 2) ругать, поносить"
986,4,кийнин тоолоор (чоттоор) 1) предъявлять,кийнин тоолоор чоттоор 1 предъявлять,,,"алды-кийнинеҥ jӱгӱрер (базар) ухаживать за кем-л., опекать кого-л.; алдыкийнин тоолоор (чоттоор) 1) предъявлять счёт; 2) ругать, поносить"
986,5,счёт,счёт,,,"алды-кийнинеҥ jӱгӱрер (базар) ухаживать за кем-л., опекать кого-л.; алдыкийнин тоолоор (чоттоор) 1) предъявлять счёт; 2) ругать, поносить"
986,6,"2) ругать, поносить",2 ругать поносить,,,"алды-кийнинеҥ jӱгӱрер (базар) ухаживать за кем-л., опекать кого-л.; алдыкийнин тоолоор (чоттоор) 1) предъявлять счёт; 2) ругать, поносить"
1006,1,Jергелешкен улус,jергелешкен улус,,,"Jергелешкен улус jеҥдиртпес, адаркашкан улус алдырышсопас (Посл.) Рядом идущие люди не проиграют, подражающие друг другу люди не пострадают"
1006,2,"jеҥдиртпес, адаркашкан улус алдырыш-",jеҥдиртпес адаркашкан улус алдырыш,,,"Jергелешкен улус jеҥдиртпес, адаркашкан улус алдырышсопас (Посл.) Рядом идущие люди не проиграют, подражающие друг другу люди не пострадают"
1006,3,сопас (Посл.) Рядом идущие люди не проигра-,со пас посл рядом идущие люди не проигра,,,"Jергелешкен улус jеҥдиртпес, адаркашкан улус алдырышсопас (Посл.) Рядом идущие люди не проиграют, подражающие друг другу люди не пострадают"
1006,4,"ют, подражающие друг другу люди не по-",ют подражающие друг другу люди не по,,,"Jергелешкен улус jеҥдиртпес, адаркашкан улус алдырышсопас (Посл.) Рядом идущие люди не проиграют, подражающие друг другу люди не пострадают"
1006,5,страдают,страдают,,,"Jергелешкен улус jеҥдиртпес, адаркашкан улус алдырышсопас (Посл.) Рядом идущие люди не проиграют, подражающие друг другу люди не пострадают"
1010,1,алды-ӱстин тоолоор,алдыӱстин тоолоор,,,"алды-ӱстин тоолоор (чоттоор) 1) предъявить счёт; 2) ругать, поносить"
1010,2,(чоттоор) 1) предъявить счёт,чоттоор 1 предъявить счёт,,,"алды-ӱстин тоолоор (чоттоор) 1) предъявить счёт; 2) ругать, поносить"
1010,3,"2) ругать, по-",2 ругать по,,,"алды-ӱстин тоолоор (чоттоор) 1) предъявить счёт; 2) ругать, поносить"
1010,4,носить,носить,,,"алды-ӱстин тоолоор (чоттоор) 1) предъявить счёт; 2) ругать, поносить"
1012,1,Алдынаҥ,алдынаҥ,,,"Алдынаҥ алкаар, арказынаҥ айдар (Погов.) В лицо благославляет, за спиной ругает; Алкап болбозоҥ — албаданба, атпас болзоҥ, ӱркитпе (Посл.) Не умеешь благославлять не старайся, не будешь стрелять — зверя пугай"
1012,2,"алкаар, арказынаҥ айдар (Погов.) В лицо",алкаар арказынаҥ айдар погов в лицо,,,"Алдынаҥ алкаар, арказынаҥ айдар (Погов.) В лицо благославляет, за спиной ругает; Алкап болбозоҥ — албаданба, атпас болзоҥ, ӱркитпе (Посл.) Не умеешь благославлять не старайся, не будешь стрелять — зверя пугай"
1012,3,"благославляет, за спиной ругает",благославляет за спиной ругает,,,"Алдынаҥ алкаар, арказынаҥ айдар (Погов.) В лицо благославляет, за спиной ругает; Алкап болбозоҥ — албаданба, атпас болзоҥ, ӱркитпе (Посл.) Не умеешь благославлять не старайся, не будешь стрелять — зверя пугай"
1012,4,Алкап,алкап,,,"Алдынаҥ алкаар, арказынаҥ айдар (Погов.) В лицо благославляет, за спиной ругает; Алкап болбозоҥ — албаданба, атпас болзоҥ, ӱркитпе (Посл.) Не умеешь благославлять не старайся, не будешь стрелять — зверя пугай"
1012,5,болбозоҥ,болбозоҥ,"албаданба, атпас болзоҥ,",,"Алдынаҥ алкаар, арказынаҥ айдар (Погов.) В лицо благославляет, за спиной ругает; Алкап болбозоҥ — албаданба, атпас болзоҥ, ӱркитпе (Посл.) Не умеешь благославлять не старайся, не будешь стрелять — зверя пугай"
1012,6,ӱркитпе (Посл.) Не умеешь благославлять,ӱркитпе посл не умеешь благославлять,,,"Алдынаҥ алкаар, арказынаҥ айдар (Погов.) В лицо благославляет, за спиной ругает; Алкап болбозоҥ — албаданба, атпас болзоҥ, ӱркитпе (Посл.) Не умеешь благославлять не старайся, не будешь стрелять — зверя пугай"
1012,7,"не старайся, не будешь стрелять",не старайся не будешь стрелять,зверя,,"Алдынаҥ алкаар, арказынаҥ айдар (Погов.) В лицо благославляет, за спиной ругает; Алкап болбозоҥ — албаданба, атпас болзоҥ, ӱркитпе (Посл.) Не умеешь благославлять не старайся, не будешь стрелять — зверя пугай"
1012,8,пугай,пугай,,,"Алдынаҥ алкаар, арказынаҥ айдар (Погов.) В лицо благославляет, за спиной ругает; Алкап болбозоҥ — албаданба, атпас болзоҥ, ӱркитпе (Посл.) Не умеешь благославлять не старайся, не будешь стрелять — зверя пугай"
1019,1,алкы,алкы,,,"алкы и бойы лично сам, самолично"
1019,2,и,и,,,"алкы и бойы лично сам, самолично"
1019,3,"бойы лично сам, самолично",бойы лично сам самолично,,,"алкы и бойы лично сам, самолично"
1023,1,Айыл алкы-jӧӧжӧзиле бай,айыл алкыjӧӧжӧзиле бай,,,"Айыл алкы-jӧӧжӧзиле бай эмес, аш-тузыла бай (Посл.) Дом не имуществом богат, а угощением богат"
1023,2,"эмес, аш-тузыла бай (Посл.) Дом не имуще-",эмес аштузыла бай посл дом не имуще,,,"Айыл алкы-jӧӧжӧзиле бай эмес, аш-тузыла бай (Посл.) Дом не имуществом богат, а угощением богат"
1023,3,"ством богат, а угощением богат",ством богат а угощением богат,,,"Айыл алкы-jӧӧжӧзиле бай эмес, аш-тузыла бай (Посл.) Дом не имуществом богат, а угощением богат"
1026,1,алкыжын jетирер благодарить,алкыжын jетирер благодарить,,,алкыжын jетирер благодарить
1045,1,ал-,ал,,,"алсагышка тӱжер сильно печалиться, переживать; ал-сагыжы чыгар душа в пятки ушла"
1045,2,"сагышка тӱжер сильно печалиться, пережи-",сагышка тӱжер сильно печалиться пережи,,,"алсагышка тӱжер сильно печалиться, переживать; ал-сагыжы чыгар душа в пятки ушла"
1045,3,вать,вать,,,"алсагышка тӱжер сильно печалиться, переживать; ал-сагыжы чыгар душа в пятки ушла"
1045,4,ал-сагыжы чыгар душа в пятки ушла,алсагыжы чыгар душа в пятки ушла,,,"алсагышка тӱжер сильно печалиться, переживать; ал-сагыжы чыгар душа в пятки ушла"
1050,1,Алтай кӧдӱрер,алтай кӧдӱрер,,,"Алтай кӧдӱрер кыыр) обряд поклонения Алтаю; Алтайыҥ кичее — алкышту, jериҥ кичее — jедимдӱ (Посл.) Береги свой Алтай — он благословенен, береги свою землю — она благодатна"
1050,2,кыыр) обряд поклонения Алтаю,кыыр обряд поклонения алтаю,,,"Алтай кӧдӱрер кыыр) обряд поклонения Алтаю; Алтайыҥ кичее — алкышту, jериҥ кичее — jедимдӱ (Посл.) Береги свой Алтай — он благословенен, береги свою землю — она благодатна"
1050,3,Алтайыҥ,алтайыҥ,,,"Алтай кӧдӱрер кыыр) обряд поклонения Алтаю; Алтайыҥ кичее — алкышту, jериҥ кичее — jедимдӱ (Посл.) Береги свой Алтай — он благословенен, береги свою землю — она благодатна"
1050,4,кичее,кичее,"алкышту, jериҥ кичее — jедимдӱ",,"Алтай кӧдӱрер кыыр) обряд поклонения Алтаю; Алтайыҥ кичее — алкышту, jериҥ кичее — jедимдӱ (Посл.) Береги свой Алтай — он благословенен, береги свою землю — она благодатна"
1050,5,(Посл.) Береги свой Алтай,посл береги свой алтай,он благослове-,,"Алтай кӧдӱрер кыыр) обряд поклонения Алтаю; Алтайыҥ кичее — алкышту, jериҥ кичее — jедимдӱ (Посл.) Береги свой Алтай — он благословенен, береги свою землю — она благодатна"
1050,6,"нен, береги свою землю",нен береги свою землю,она благодатна,,"Алтай кӧдӱрер кыыр) обряд поклонения Алтаю; Алтайыҥ кичее — алкышту, jериҥ кичее — jедимдӱ (Посл.) Береги свой Алтай — он благословенен, береги свою землю — она благодатна"
1051,1,алтай укту,алтай укту,,,алтай укту овца алтайской породы
1051,2,овца алтайской породы,овца алтайской породы,,,алтай укту овца алтайской породы
1069,1,алтыгы ороон подземное,алтыгы ороон подземное,,,алтыгы ороон подземное царство
1069,2,царство,царство,,,алтыгы ороон подземное царство
1072,1,Алтын-Кӧл геогр. Телецкое озеро (Золотое,алтынкӧл геогр телецкое озеро золотое,,,Алтын-Кӧл геогр. Телецкое озеро (Золотое озеро); Алтын казык Полярная звезда; тын колду с золотыми руками (о человеке);
1072,2,озеро),озеро,,,Алтын-Кӧл геогр. Телецкое озеро (Золотое озеро); Алтын казык Полярная звезда; тын колду с золотыми руками (о человеке);
1072,3,Алтын казык Полярная звезда,алтын казык полярная звезда,,,Алтын-Кӧл геогр. Телецкое озеро (Золотое озеро); Алтын казык Полярная звезда; тын колду с золотыми руками (о человеке);
1072,4,тын колду с золотыми руками (о человеке),тын колду с золотыми руками о человеке,,,Алтын-Кӧл геогр. Телецкое озеро (Золотое озеро); Алтын казык Полярная звезда; тын колду с золотыми руками (о человеке);
1132,1,санаа (са-,санаа са,,,санаа (сагыш) алынар опомниться; эске (сагышка) алынар вспоминать; кӱч алынар набираться сил; тыныш алынар переводить дыхание; бойына алынар воспринимать на свой счёт; кей алынар простывать на сквозняке (о женщине после родов)
1132,2,гыш) алынар опомниться,гыш алынар опомниться,,,санаа (сагыш) алынар опомниться; эске (сагышка) алынар вспоминать; кӱч алынар набираться сил; тыныш алынар переводить дыхание; бойына алынар воспринимать на свой счёт; кей алынар простывать на сквозняке (о женщине после родов)
1132,3,эске (сагышка),эске сагышка,,,санаа (сагыш) алынар опомниться; эске (сагышка) алынар вспоминать; кӱч алынар набираться сил; тыныш алынар переводить дыхание; бойына алынар воспринимать на свой счёт; кей алынар простывать на сквозняке (о женщине после родов)
1132,4,алынар вспоминать,алынар вспоминать,,,санаа (сагыш) алынар опомниться; эске (сагышка) алынар вспоминать; кӱч алынар набираться сил; тыныш алынар переводить дыхание; бойына алынар воспринимать на свой счёт; кей алынар простывать на сквозняке (о женщине после родов)
1132,5,кӱч алынар набирать-,кӱч алынар набирать,,,санаа (сагыш) алынар опомниться; эске (сагышка) алынар вспоминать; кӱч алынар набираться сил; тыныш алынар переводить дыхание; бойына алынар воспринимать на свой счёт; кей алынар простывать на сквозняке (о женщине после родов)
1132,6,ся сил,ся сил,,,санаа (сагыш) алынар опомниться; эске (сагышка) алынар вспоминать; кӱч алынар набираться сил; тыныш алынар переводить дыхание; бойына алынар воспринимать на свой счёт; кей алынар простывать на сквозняке (о женщине после родов)
1132,7,тыныш алынар переводить дыхание,тыныш алынар переводить дыхание,,,санаа (сагыш) алынар опомниться; эске (сагышка) алынар вспоминать; кӱч алынар набираться сил; тыныш алынар переводить дыхание; бойына алынар воспринимать на свой счёт; кей алынар простывать на сквозняке (о женщине после родов)
1132,8,бойына алынар воспринимать на свой счёт,бойына алынар воспринимать на свой счёт,,,санаа (сагыш) алынар опомниться; эске (сагышка) алынар вспоминать; кӱч алынар набираться сил; тыныш алынар переводить дыхание; бойына алынар воспринимать на свой счёт; кей алынар простывать на сквозняке (о женщине после родов)
1132,9,кей алынар простывать на сквозняке (о жен-,кей алынар простывать на сквозняке о жен,,,санаа (сагыш) алынар опомниться; эске (сагышка) алынар вспоминать; кӱч алынар набираться сил; тыныш алынар переводить дыхание; бойына алынар воспринимать на свой счёт; кей алынар простывать на сквозняке (о женщине после родов)
1132,10,щине после родов),щине после родов,,,санаа (сагыш) алынар опомниться; эске (сагышка) алынар вспоминать; кӱч алынар набираться сил; тыныш алынар переводить дыхание; бойына алынар воспринимать на свой счёт; кей алынар простывать на сквозняке (о женщине после родов)
1133,1,алын,алын,,,алын тиш анат. резец; алын кып приёмная
1133,2,тиш анат. резец,тиш анат резец,,,алын тиш анат. резец; алын кып приёмная
1133,3,алын кып приёмная,алын кып приёмная,,,алын тиш анат. резец; алын кып приёмная
1134,1,санаа (сагыш),санаа сагыш,,,санаа (сагыш) алындырар вразумлять; эске (сагышка) алындырар заставлять вспомнить
1134,2,алындырар вразумлять,алындырар вразумлять,,,санаа (сагыш) алындырар вразумлять; эске (сагышка) алындырар заставлять вспомнить
1134,3,эске (сагышка),эске сагышка,,,санаа (сагыш) алындырар вразумлять; эске (сагышка) алындырар заставлять вспомнить
1134,4,алындырар заставлять вспомнить,алындырар заставлять вспомнить,,,санаа (сагыш) алындырар вразумлять; эске (сагышка) алындырар заставлять вспомнить
1136,1,эске алыныш,эске алыныш,,,эске алыныш воспоминание
1136,2,воспоминание,воспоминание,,,эске алыныш воспоминание
1137,1,Алып та,алып та,,,"Алып та болзо, адазынаҥ айап jӱрер (Посл.) И богатырь отца боится"
1137,2,"болзо, адазынаҥ айап jӱрер (Посл.) И бога-",болзо адазынаҥ айап jӱрер посл и бога,,,"Алып та болзо, адазынаҥ айап jӱрер (Посл.) И богатырь отца боится"
1137,3,тырь отца боится,тырь отца боится,,,"Алып та болзо, адазынаҥ айап jӱрер (Посл.) И богатырь отца боится"
1157,1,алыс јер преис-,алыс јер преис,,,алыс јер преисподняя
1157,2,подняя,подняя,,,алыс јер преисподняя
1163,1,алыстап кар јаады местами,алыстап кар јаады местами,,,алыстап кар јаады местами выпал снег
1163,2,выпал снег,выпал снег,,,алыстап кар јаады местами выпал снег
1169,1,алышкандар мн.,алышкандар мн,,,"алышкандар мн. брачные, молодожёны; алышпас этн. брака внутри рода; от алыжар 1) разгораться; 2) взрываться; от алышпас давать осечку;"
1169,2,"брачные, молодожёны",брачные молодожёны,,,"алышкандар мн. брачные, молодожёны; алышпас этн. брака внутри рода; от алыжар 1) разгораться; 2) взрываться; от алышпас давать осечку;"
1169,3,алышпас этн.,алышпас этн,,,"алышкандар мн. брачные, молодожёны; алышпас этн. брака внутри рода; от алыжар 1) разгораться; 2) взрываться; от алышпас давать осечку;"
1169,4,брака внутри рода,брака внутри рода,,,"алышкандар мн. брачные, молодожёны; алышпас этн. брака внутри рода; от алыжар 1) разгораться; 2) взрываться; от алышпас давать осечку;"
1169,5,от алыжар 1) разгорать-,от алыжар 1 разгорать,,,"алышкандар мн. брачные, молодожёны; алышпас этн. брака внутри рода; от алыжар 1) разгораться; 2) взрываться; от алышпас давать осечку;"
1169,6,ся,ся,,,"алышкандар мн. брачные, молодожёны; алышпас этн. брака внутри рода; от алыжар 1) разгораться; 2) взрываться; от алышпас давать осечку;"
1169,7,2) взрываться,2 взрываться,,,"алышкандар мн. брачные, молодожёны; алышпас этн. брака внутри рода; от алыжар 1) разгораться; 2) взрываться; от алышпас давать осечку;"
1169,8,от алышпас давать осечку,от алышпас давать осечку,,,"алышкандар мн. брачные, молодожёны; алышпас этн. брака внутри рода; от алыжар 1) разгораться; 2) взрываться; от алышпас давать осечку;"
1171,1,алыш женитьба,алыш женитьба,,,алыш женитьба; алыш та jок и брать
1171,2,алыш та jок и брать,алыш та jок и брать,,,алыш женитьба; алыш та jок и брать
1184,1,Амадузы jокко тӧргӧ дӧ jетпезиҥ (Посл.),амадузы jокко тӧргӧ дӧ jетпезиҥ посл,,,Амадузы jокко тӧргӧ дӧ jетпезиҥ (Посл.) алыш
1184,2,алыш,алыш,,,Амадузы jокко тӧргӧ дӧ jетпезиҥ (Посл.) алыш
1189,1,Ӱркиген,ӱркиген,,,"Ӱркиген аҥ ыраак маҥтаар, амадулу кижи бийик барар (Посл.) Испуганный зверь далеко убежит, целеустремлённый человек далеко пойдёт"
1189,2,"аҥ ыраак маҥтаар, амадулу кижи бийик",аҥ ыраак маҥтаар амадулу кижи бийик,,,"Ӱркиген аҥ ыраак маҥтаар, амадулу кижи бийик барар (Посл.) Испуганный зверь далеко убежит, целеустремлённый человек далеко пойдёт"
1189,3,барар (Посл.) Испуганный зверь далеко убе-,барар посл испуганный зверь далеко убе,,,"Ӱркиген аҥ ыраак маҥтаар, амадулу кижи бийик барар (Посл.) Испуганный зверь далеко убежит, целеустремлённый человек далеко пойдёт"
1189,4,"жит, целеустремлённый человек далеко пой-",жит целеустремлённый человек далеко пой,,,"Ӱркиген аҥ ыраак маҥтаар, амадулу кижи бийик барар (Посл.) Испуганный зверь далеко убежит, целеустремлённый человек далеко пойдёт"
1189,5,дёт,дёт,,,"Ӱркиген аҥ ыраак маҥтаар, амадулу кижи бийик барар (Посл.) Испуганный зверь далеко убежит, целеустремлённый человек далеко пойдёт"
1197,1,Учкашканда,учкашканда,"jорго,",,"Учкашканда — jорго, амзашканда — тату (Посл.) Когда вдвоём коня садятся, то конь — иноходец, когда вдвоём угощаются, то еда — сладкая"
1197,2,амзашканда,амзашканда,тату (Посл.) Когда вдвоём,,"Учкашканда — jорго, амзашканда — тату (Посл.) Когда вдвоём коня садятся, то конь — иноходец, когда вдвоём угощаются, то еда — сладкая"
1197,3,"коня садятся, то конь",коня садятся то конь,"иноходец, когда вдво-",,"Учкашканда — jорго, амзашканда — тату (Посл.) Когда вдвоём коня садятся, то конь — иноходец, когда вдвоём угощаются, то еда — сладкая"
1197,4,"ём угощаются, то еда",ём угощаются то еда,сладкая,,"Учкашканда — jорго, амзашканда — тату (Посл.) Когда вдвоём коня садятся, то конь — иноходец, когда вдвоём угощаются, то еда — сладкая"
1202,1,Амтажыган бӧрӱ алтыны jиир (Погов.),амтажыган бӧрӱ алтыны jиир погов,,,Амтажыган бӧрӱ алтыны jиир (Погов.)
1214,1,"амыр јок беспокойный, неугомонный",амыр јок беспокойный неугомонный,,,"амыр јок беспокойный, неугомонный"
1216,1,амыраар ӧй 1) время отдыха,амыраар ӧй 1 время отдыха,,,амыраар ӧй 1) время отдыха; 2) обеденный перерыв; амыраар кӱн выходной
1216,2,2) обеденный перерыв,2 обеденный перерыв,,,амыраар ӧй 1) время отдыха; 2) обеденный перерыв; амыраар кӱн выходной
1216,3,амыраар кӱн выход-,амыраар кӱн выход,,,амыраар ӧй 1) время отдыха; 2) обеденный перерыв; амыраар кӱн выходной
1216,4,ной,ной,,,амыраар ӧй 1) время отдыха; 2) обеденный перерыв; амыраар кӱн выходной
1278,1,анча кире столько,анча кире столько,,,анча кире столько по-
1278,2,по-,по,,,анча кире столько по-
1285,1,чоокыр аҥ,чоокыр аҥ,,,"чоокыр аҥ олень пятнистый; Аҥныҥ мойнын ок кезер, эрдиҥ мойнын jок кезер (Погов.) Шею зверя пуля косит, шею мужчины нищета (букв. отсутствие) косит"
1285,2,олень пятнистый,олень пятнистый,,,"чоокыр аҥ олень пятнистый; Аҥныҥ мойнын ок кезер, эрдиҥ мойнын jок кезер (Погов.) Шею зверя пуля косит, шею мужчины нищета (букв. отсутствие) косит"
1285,3,"Аҥныҥ мойнын ок кезер,",аҥныҥ мойнын ок кезер,,,"чоокыр аҥ олень пятнистый; Аҥныҥ мойнын ок кезер, эрдиҥ мойнын jок кезер (Погов.) Шею зверя пуля косит, шею мужчины нищета (букв. отсутствие) косит"
1285,4,эрдиҥ мойнын jок кезер (Погов.) Шею зверя,эрдиҥ мойнын jок кезер погов шею зверя,,,"чоокыр аҥ олень пятнистый; Аҥныҥ мойнын ок кезер, эрдиҥ мойнын jок кезер (Погов.) Шею зверя пуля косит, шею мужчины нищета (букв. отсутствие) косит"
1285,5,"пуля косит, шею мужчины нищета (букв. от-",пуля косит шею мужчины нищета букв от,,,"чоокыр аҥ олень пятнистый; Аҥныҥ мойнын ок кезер, эрдиҥ мойнын jок кезер (Погов.) Шею зверя пуля косит, шею мужчины нищета (букв. отсутствие) косит"
1285,6,сутствие) косит,сутствие косит,,,"чоокыр аҥ олень пятнистый; Аҥныҥ мойнын ок кезер, эрдиҥ мойнын jок кезер (Погов.) Шею зверя пуля косит, шею мужчины нищета (букв. отсутствие) косит"
1288,1,Аҥдаарга,аҥдаарга,"аҥаа, чаазынга",,"Аҥдаарга — аҥаа, чаазынга — чалаҥ (Погов.) Для того, чтобы охотиться — рассеянный, для того, чтобы писать (букв. для бумаги) — небрежный"
1288,2,"— чалаҥ (Погов.) Для того, чтобы охотиться",чалаҥ погов для того чтобы охотиться,,,"Аҥдаарга — аҥаа, чаазынга — чалаҥ (Погов.) Для того, чтобы охотиться — рассеянный, для того, чтобы писать (букв. для бумаги) — небрежный"
1288,3,"— рассеянный, для того, чтобы писать (букв.",рассеянный для того чтобы писать букв,,,"Аҥдаарга — аҥаа, чаазынга — чалаҥ (Погов.) Для того, чтобы охотиться — рассеянный, для того, чтобы писать (букв. для бумаги) — небрежный"
1288,4,для бумаги),для бумаги,небрежный,,"Аҥдаарга — аҥаа, чаазынга — чалаҥ (Погов.) Для того, чтобы охотиться — рассеянный, для того, чтобы писать (букв. для бумаги) — небрежный"
1291,1,"Аҥдап барзаҥ,",аҥдап барзаҥ,,,"Аҥдап барзаҥ, акча алба, аҥдаар алдында ийт азыраба (Посл.) Собираясь на охоту денег не бери, перед охотой собаку не корми"
1291,2,"акча алба, аҥдаар алдында ийт азыраба",акча алба аҥдаар алдында ийт азыраба,,,"Аҥдап барзаҥ, акча алба, аҥдаар алдында ийт азыраба (Посл.) Собираясь на охоту денег не бери, перед охотой собаку не корми"
1291,3,"(Посл.) Собираясь на охоту денег не бери,",посл собираясь на охоту денег не бери,,,"Аҥдап барзаҥ, акча алба, аҥдаар алдында ийт азыраба (Посл.) Собираясь на охоту денег не бери, перед охотой собаку не корми"
1291,4,перед охотой собаку не корми,перед охотой собаку не корми,,,"Аҥдап барзаҥ, акча алба, аҥдаар алдында ийт азыраба (Посл.) Собираясь на охоту денег не бери, перед охотой собаку не корми"
1396,1,айдыҥ аразы фаза луны перед новолунием,айдыҥ аразы фаза луны перед новолунием,,,айдыҥ аразы фаза луны перед новолунием
1399,1,"јӱк арай еле-еле, кое-как",јӱк арай елееле коекак,,,"јӱк арай еле-еле, кое-как; арайкерейдеҥ кое-как"
1399,2,арай-,арай,,,"јӱк арай еле-еле, кое-как; арайкерейдеҥ кое-как"
1399,3,керейдеҥ кое-как,керейдеҥ коекак,,,"јӱк арай еле-еле, кое-как; арайкерейдеҥ кое-как"
1400,1,"јӱк арайдаҥ еле-еле, кое-как",јӱк арайдаҥ елееле коекак,,,"јӱк арайдаҥ еле-еле, кое-как; арайдаҥ лар еле спастись, еле избежать чего-либо"
1400,2,арайдаҥ,арайдаҥ,,,"јӱк арайдаҥ еле-еле, кое-как; арайдаҥ лар еле спастись, еле избежать чего-либо"
1400,3,"лар еле спастись, еле избежать чего-либо",лар еле спастись еле избежать чеголибо,,,"јӱк арайдаҥ еле-еле, кое-как; арайдаҥ лар еле спастись, еле избежать чего-либо"
1440,1,арбаш јиир выслушивать ругань (букв.,арбаш јиир выслушивать ругань букв,,,арбаш јиир выслушивать ругань (букв. есть ругань)
1440,2,есть ругань),есть ругань,,,арбаш јиир выслушивать ругань (букв. есть ругань)
1456,1,арга-кӱчи jок улус люди без,аргакӱчи jок улус люди без,,,арга-кӱчи jок улус люди без возможностей и средств
1456,2,возможностей и средств,возможностей и средств,,,арга-кӱчи jок улус люди без возможностей и средств
1461,1,арга-чагы jок без воз-,аргачагы jок без воз,,,арга-чагы jок без возможностей и силы
1461,2,можностей и силы,можностей и силы,,,арга-чагы jок без возможностей и силы
1600,1,"кийнинеҥ ары вслед, за",кийнинеҥ ары вслед за,,,"кийнинеҥ ары вслед, за; ароноҥ ары дальше, далее; ары учында в том конце"
1600,2,"ароноҥ ары дальше, далее",ар оноҥ ары дальше далее,,,"кийнинеҥ ары вслед, за; ароноҥ ары дальше, далее; ары учында в том конце"
1600,3,ары учында в том,ары учында в том,,,"кийнинеҥ ары вслед, за; ароноҥ ары дальше, далее; ары учында в том конце"
1600,4,конце,конце,,,"кийнинеҥ ары вслед, за; ароноҥ ары дальше, далее; ары учында в том конце"
1664,1,"Кижи болзо, атту болор, кийик болзо,",кижи болзо атту болор кийик болзо,,,"Кижи болзо, атту болор, кийик болзо, jерлӱ болор (Погов.) Если человек, то должен быть с именем, если зверь, то должен быть с местом обитания (букв. с землёй)"
1664,2,"jерлӱ болор (Погов.) Если человек, то дол-",jерлӱ болор погов если человек то дол,,,"Кижи болзо, атту болор, кийик болзо, jерлӱ болор (Погов.) Если человек, то должен быть с именем, если зверь, то должен быть с местом обитания (букв. с землёй)"
1664,3,"жен быть с именем, если зверь, то должен",жен быть с именем если зверь то должен,,,"Кижи болзо, атту болор, кийик болзо, jерлӱ болор (Погов.) Если человек, то должен быть с именем, если зверь, то должен быть с местом обитания (букв. с землёй)"
1664,4,быть с местом обитания (букв. с землёй),быть с местом обитания букв с землёй,,,"Кижи болзо, атту болор, кийик болзо, jерлӱ болор (Погов.) Если человек, то должен быть с именем, если зверь, то должен быть с местом обитания (букв. с землёй)"
1669,1,Ат јыл Год Лошади,ат јыл год лошади,,,Ат јыл Год Лошади
1732,1,ач кӧс ненасытные,ач кӧс ненасытные,,,ач кӧс ненасытные глаза
1732,2,глаза,глаза,,,ач кӧс ненасытные глаза
1753,1,ачу аш алкоголь,ачу аш алкоголь,,,ачу аш алкоголь; ачузы тудар становиться злым
1753,2,ачузы тудар становиться,ачузы тудар становиться,,,ачу аш алкоголь; ачузы тудар становиться злым
1753,3,злым,злым,,,ачу аш алкоголь; ачузы тудар становиться злым
1811,1,ӧйинеҥ,ӧйинеҥ,,,ӧйинеҥ ажар переходить границы дозволенного
1811,2,ажар переходить границы дозволенного,ажар переходить границы дозволенного,,,ӧйинеҥ ажар переходить границы дозволенного
1871,1,баш базылар быть,баш базылар быть,,,баш базылар быть тым (букв. голова будет придавлена); кепке базылар быть напечатанным
1871,2,тым (букв. голова будет придавлена),тым букв голова будет придавлена,,,баш базылар быть тым (букв. голова будет придавлена); кепке базылар быть напечатанным
1871,3,кепке,кепке,,,баш базылар быть тым (букв. голова будет придавлена); кепке базылар быть напечатанным
1871,4,базылар быть напечатанным,базылар быть напечатанным,,,баш базылар быть тым (букв. голова будет придавлена); кепке базылар быть напечатанным
1889,1,"jок бесцеремонный, беззастенчивый",jок бесцеремонный беззастенчивый,,,"jок бесцеремонный, беззастенчивый"
1937,1,уул бала маль-,уул бала маль,,,"уул бала мальчик, сын; кыс бала девочка, дочь; бала табар рожать ребёнка; бала качырар красть невестку (букв. угнать ребёнка)"
1937,2,"чик, сын",чик сын,,,"уул бала мальчик, сын; кыс бала девочка, дочь; бала табар рожать ребёнка; бала качырар красть невестку (букв. угнать ребёнка)"
1937,3,"кыс бала девочка, дочь",кыс бала девочка дочь,,,"уул бала мальчик, сын; кыс бала девочка, дочь; бала табар рожать ребёнка; бала качырар красть невестку (букв. угнать ребёнка)"
1937,4,бала та-,бала та,,,"уул бала мальчик, сын; кыс бала девочка, дочь; бала табар рожать ребёнка; бала качырар красть невестку (букв. угнать ребёнка)"
1937,5,бар рожать ребёнка,бар рожать ребёнка,,,"уул бала мальчик, сын; кыс бала девочка, дочь; бала табар рожать ребёнка; бала качырар красть невестку (букв. угнать ребёнка)"
1937,6,бала качырар красть,бала качырар красть,,,"уул бала мальчик, сын; кыс бала девочка, дочь; бала табар рожать ребёнка; бала качырар красть невестку (букв. угнать ребёнка)"
1937,7,невестку (букв. угнать ребёнка),невестку букв угнать ребёнка,,,"уул бала мальчик, сын; кыс бала девочка, дочь; бала табар рожать ребёнка; бала качырар красть невестку (букв. угнать ребёнка)"
1962,1,тeктe,тeктe,,,тeктe балтырган пушистый дягиль; айу-балтырган медвежий дягиль
1962,2,балтырган пушистый дягиль,балтырган пушистый дягиль,,,тeктe балтырган пушистый дягиль; айу-балтырган медвежий дягиль
1962,3,айу-балтыр-,айубалтыр,,,тeктe балтырган пушистый дягиль; айу-балтырган медвежий дягиль
1962,4,ган медвежий дягиль,ган медвежий дягиль,,,тeктe балтырган пушистый дягиль; айу-балтырган медвежий дягиль
2004,1,бала-барка дети,балабарка дети,,,бала-барка дети барар (проБАРКЫ I подарок (дяди по матери племяннику); ср. тӧрки jат
2004,2,барар,барар,,,бала-барка дети барар (проБАРКЫ I подарок (дяди по матери племяннику); ср. тӧрки jат
2004,3,(проБАРКЫ I подарок (дяди по матери пле-,про баркы i подарок дяди по матери пле,,,бала-барка дети барар (проБАРКЫ I подарок (дяди по матери племяннику); ср. тӧрки jат
2004,4,мяннику),мяннику,,,бала-барка дети барар (проБАРКЫ I подарок (дяди по матери племяннику); ср. тӧрки jат
2004,5,ср. тӧрки,ср тӧрки,,,бала-барка дети барар (проБАРКЫ I подарок (дяди по матери племяннику); ср. тӧрки jат
2004,6,jат,jат,,,бала-барка дети барар (проБАРКЫ I подарок (дяди по матери племяннику); ср. тӧрки jат
2046,1,санааларга бастырар быть подавленным,санааларга бастырар быть подавленным,,,"санааларга бастырар быть подавленным думами; каранга бастырар испытывать во сне удушье, увидев страшный сон"
2046,2,думами,думами,,,"санааларга бастырар быть подавленным думами; каранга бастырар испытывать во сне удушье, увидев страшный сон"
2046,3,каранга бастырар испытывать во,каранга бастырар испытывать во,,,"санааларга бастырар быть подавленным думами; каранга бастырар испытывать во сне удушье, увидев страшный сон"
2046,4,"сне удушье, увидев страшный сон",сне удушье увидев страшный сон,,,"санааларга бастырар быть подавленным думами; каранга бастырар испытывать во сне удушье, увидев страшный сон"
2047,1,бастыра jӱрегинеҥ от всего сердца,бастыра jӱрегинеҥ от всего сердца,,,бастыра jӱрегинеҥ от всего сердца
2055,1,"бажы бадар сгинуть, исчезнуть",бажы бадар сгинуть исчезнуть,,,"бажы бадар сгинуть, исчезнуть"
2064,1,батка-,батка,,,"батказы кайнайт испытывает злость, ненависть"
2064,2,"зы кайнайт испытывает злость, ненависть",зы кайнайт испытывает злость ненависть,,,"батказы кайнайт испытывает злость, ненависть"
2076,1,бажы бадар погибать,бажы бадар погибать,,,бажы бадар погибать; бажы куру глупый; бажынаҥ кату умственно отсталый; бажында салкын легкомысленный; бажын айландырар морочить голову; башка чыгар ударить в голову (о спиртных напитках); баш jазар опохмеляться
2076,2,бажы куру глупый,бажы куру глупый,,,бажы бадар погибать; бажы куру глупый; бажынаҥ кату умственно отсталый; бажында салкын легкомысленный; бажын айландырар морочить голову; башка чыгар ударить в голову (о спиртных напитках); баш jазар опохмеляться
2076,3,бажынаҥ кату умственно отсталый,бажынаҥ кату умственно отсталый,,,бажы бадар погибать; бажы куру глупый; бажынаҥ кату умственно отсталый; бажында салкын легкомысленный; бажын айландырар морочить голову; башка чыгар ударить в голову (о спиртных напитках); баш jазар опохмеляться
2076,4,бажын-,бажын,,,бажы бадар погибать; бажы куру глупый; бажынаҥ кату умственно отсталый; бажында салкын легкомысленный; бажын айландырар морочить голову; башка чыгар ударить в голову (о спиртных напитках); баш jазар опохмеляться
2076,5,да салкын легкомысленный,да салкын легкомысленный,,,бажы бадар погибать; бажы куру глупый; бажынаҥ кату умственно отсталый; бажында салкын легкомысленный; бажын айландырар морочить голову; башка чыгар ударить в голову (о спиртных напитках); баш jазар опохмеляться
2076,6,бажын айлан-,бажын айлан,,,бажы бадар погибать; бажы куру глупый; бажынаҥ кату умственно отсталый; бажында салкын легкомысленный; бажын айландырар морочить голову; башка чыгар ударить в голову (о спиртных напитках); баш jазар опохмеляться
2076,7,дырар морочить голову,дырар морочить голову,,,бажы бадар погибать; бажы куру глупый; бажынаҥ кату умственно отсталый; бажында салкын легкомысленный; бажын айландырар морочить голову; башка чыгар ударить в голову (о спиртных напитках); баш jазар опохмеляться
2076,8,башка чыгар уда-,башка чыгар уда,,,бажы бадар погибать; бажы куру глупый; бажынаҥ кату умственно отсталый; бажында салкын легкомысленный; бажын айландырар морочить голову; башка чыгар ударить в голову (о спиртных напитках); баш jазар опохмеляться
2076,9,рить в голову (о спиртных напитках),рить в голову о спиртных напитках,,,бажы бадар погибать; бажы куру глупый; бажынаҥ кату умственно отсталый; бажында салкын легкомысленный; бажын айландырар морочить голову; башка чыгар ударить в голову (о спиртных напитках); баш jазар опохмеляться
2076,10,баш,баш,,,бажы бадар погибать; бажы куру глупый; бажынаҥ кату умственно отсталый; бажында салкын легкомысленный; бажын айландырар морочить голову; башка чыгар ударить в голову (о спиртных напитках); баш jазар опохмеляться
2076,11,jазар опохмеляться,jазар опохмеляться,,,бажы бадар погибать; бажы куру глупый; бажынаҥ кату умственно отсталый; бажында салкын легкомысленный; бажын айландырар морочить голову; башка чыгар ударить в голову (о спиртных напитках); баш jазар опохмеляться
2106,1,башкы јыл позапрошлый год,башкы јыл позапрошлый год,,,башкы јыл позапрошлый год
2111,1,кӱӱктиҥ башмагы бот.,кӱӱктиҥ башмагы бот,,,кӱӱктиҥ башмагы бот. башмачок настоящий
2111,2,башмачок настоящий,башмачок настоящий,,,кӱӱктиҥ башмагы бот. башмачок настоящий
2117,1,"Адазы jокто, уул баштак, энези jокто,",адазы jокто уул баштак энези jокто,,,"Адазы jокто, уул баштак, энези jокто, кыс баштак (Погов.) Без отца сын – шалун, без матери дочь – шалунья; Баштактыҥ бажы jарык У шаловливого голова разбитая ( Погов.) -"
2117,2,кыс баштак (Погов.) Без отца сын,кыс баштак погов без отца сын,"шалун,",,"Адазы jокто, уул баштак, энези jокто, кыс баштак (Погов.) Без отца сын – шалун, без матери дочь – шалунья; Баштактыҥ бажы jарык У шаловливого голова разбитая ( Погов.) -"
2117,3,без матери дочь,без матери дочь,шалунья,,"Адазы jокто, уул баштак, энези jокто, кыс баштак (Погов.) Без отца сын – шалун, без матери дочь – шалунья; Баштактыҥ бажы jарык У шаловливого голова разбитая ( Погов.) -"
2117,4,Баштактыҥ,баштактыҥ,,,"Адазы jокто, уул баштак, энези jокто, кыс баштак (Погов.) Без отца сын – шалун, без матери дочь – шалунья; Баштактыҥ бажы jарык У шаловливого голова разбитая ( Погов.) -"
2117,5,бажы jарык У шаловливого голова разбитая,бажы jарык у шаловливого голова разбитая,,,"Адазы jокто, уул баштак, энези jокто, кыс баштак (Погов.) Без отца сын – шалун, без матери дочь – шалунья; Баштактыҥ бажы jарык У шаловливого голова разбитая ( Погов.) -"
2117,6,( Погов.),погов,,,"Адазы jокто, уул баштак, энези jокто, кыс баштак (Погов.) Без отца сын – шалун, без матери дочь – шалунья; Баштактыҥ бажы jарык У шаловливого голова разбитая ( Погов.) -"
2117,7,-,-,,,"Адазы jокто, уул баштак, энези jокто, кыс баштак (Погов.) Без отца сын – шалун, без матери дочь – шалунья; Баштактыҥ бажы jарык У шаловливого голова разбитая ( Погов.) -"
2146,1,баштык,баштык,,,баштык бот. башмачок крупноцветковый
2146,2,бот. башмачок крупноцветковый,бот башмачок крупноцветковый,,,баштык бот. башмачок крупноцветковый
2179,1,белди,белди,,,"белди тӱзетпей без отдыха, без перерыва, долго и напряженно (работать)"
2179,2,"тӱзетпей без отдыха, без перерыва, долго и",тӱзетпей без отдыха без перерыва долго и,,,"белди тӱзетпей без отдыха, без перерыва, долго и напряженно (работать)"
2179,3,напряженно (работать),напряженно работать,,,"белди тӱзетпей без отдыха, без перерыва, долго и напряженно (работать)"
2194,1,белек jаш пять-,белек jаш пять,,,белек jаш пятьдесят лет
2194,2,десят лет,десят лет,,,белек jаш пятьдесят лет
2195,1,беленге караар зариться на,беленге караар зариться на,,,беленге караар зариться на готовое
2195,2,готовое,готовое,,,беленге караар зариться на готовое
2270,1,Эрлик-Бий миф. госпо-,эрликбий миф госпо,,,"Эрлик-Бий миф. господин, владыка подземного мира"
2270,2,"дин, владыка подземного мира",дин владыка подземного мира,,,"Эрлик-Бий миф. господин, владыка подземного мира"
2290,1,бийди де кычыбас безразлично,бийди де кычыбас безразлично,,,бийди де кычыбас безразлично (букв. и вошь не будет чесаться)
2290,2,(букв. и вошь не будет чесаться),букв и вошь не будет чесаться,,,бийди де кычыбас безразлично (букв. и вошь не будет чесаться)
2299,1,билдирер-бил-,билдирербил,,,"билдирер-билдирбес 1) еле видно, почти незаметно (букв. заметно-незаметно); 2) еле видный, почти незаметный"
2299,2,"дирбес 1) еле видно, почти незаметно (букв.",дирбес 1 еле видно почти незаметно букв,,,"билдирер-билдирбес 1) еле видно, почти незаметно (букв. заметно-незаметно); 2) еле видный, почти незаметный"
2299,3,заметно-незаметно),заметнонезаметно,,,"билдирер-билдирбес 1) еле видно, почти незаметно (букв. заметно-незаметно); 2) еле видный, почти незаметный"
2299,4,"2) еле видный, почти не-",2 еле видный почти не,,,"билдирер-билдирбес 1) еле видно, почти незаметно (букв. заметно-незаметно); 2) еле видный, почти незаметный"
2299,5,заметный,заметный,,,"билдирер-билдирбес 1) еле видно, почти незаметно (букв. заметно-незаметно); 2) еле видный, почти незаметный"
2328,1,качан бирде когда-нибудь,качан бирде когданибудь,,,качан бирде когда-нибудь; бирде … бирде союз то … то
2328,2,бир-,бир,,,качан бирде когда-нибудь; бирде … бирде союз то … то
2328,3,де … бирде союз то … то,де бирде союз то то,,,качан бирде когда-нибудь; бирде … бирде союз то … то
2348,1,ару бичиири чистописание,ару бичиири чистописание,,,ару бичиири чистописание
2351,1,судур бичик книга,судур бичик книга,,,судур бичик книга предсказаниями; кере бичик 1) свидетельство; 2) свидетельство о рождении
2351,2,предсказаниями,предсказаниями,,,судур бичик книга предсказаниями; кере бичик 1) свидетельство; 2) свидетельство о рождении
2351,3,кере бичик 1) свидетель-,кере бичик 1 свидетель,,,судур бичик книга предсказаниями; кере бичик 1) свидетельство; 2) свидетельство о рождении
2351,4,ство,ство,,,судур бичик книга предсказаниями; кере бичик 1) свидетельство; 2) свидетельство о рождении
2351,5,2) свидетельство о рождении,2 свидетельство о рождении,,,судур бичик книга предсказаниями; кере бичик 1) свидетельство; 2) свидетельство о рождении
2369,1,сӧс блаажар спорить,сӧс блаажар спорить,,,сӧс блаажар спорить
2377,1,богоно сӧӧктӱ,богоно сӧӧктӱ,,,"богоно сӧӧктӱ кижи низкорослый человек, карлик; богоно сӧӧги божоор (божой берер) слабеть"
2377,2,"кижи низкорослый человек, карлик",кижи низкорослый человек карлик,,,"богоно сӧӧктӱ кижи низкорослый человек, карлик; богоно сӧӧги божоор (божой берер) слабеть"
2377,3,богоно,богоно,,,"богоно сӧӧктӱ кижи низкорослый человек, карлик; богоно сӧӧги божоор (божой берер) слабеть"
2377,4,сӧӧги божоор (божой берер) слабеть,сӧӧги божоор божой берер слабеть,,,"богоно сӧӧктӱ кижи низкорослый человек, карлик; богоно сӧӧги божоор (божой берер) слабеть"
2378,1,керекке бо-,керекке бо,,,керекке бодобос ни во что не ставить
2378,2,добос ни во что не ставить,добос ни во что не ставить,,,керекке бодобос ни во что не ставить
2438,1,бок,бок,,,бок јок очень сильно испугаться
2438,2,јок очень сильно испугаться,јок очень сильно испугаться,,,бок јок очень сильно испугаться
2450,1,андый да бол-,андый да бол,,,"андый да болзо 1) хотя это и так, несмотря на это, однако; -"
2450,2,"зо 1) хотя это и так, несмотря на это, однако",зо 1 хотя это и так несмотря на это однако,,,"андый да болзо 1) хотя это и так, несмотря на это, однако; -"
2450,3,-,-,,,"андый да болзо 1) хотя это и так, несмотря на это, однако; -"
2473,1,болчок,болчок,,,болчок тура избушка
2473,2,тура избушка,тура избушка,,,болчок тура избушка
2572,1,бош оос,бош оос,,,бош оос болтливый
2572,2,болтливый,болтливый,,,бош оос болтливый
2577,1,бӧк болор,бӧк болор,,,бӧк болор быть защитой
2577,2,быть защитой,быть защитой,,,бӧк болор быть защитой
2645,1,куучын-эрмектиҥ бӧлӱги,куучынэрмектиҥ бӧлӱги,,,куучын-эрмектиҥ бӧлӱги часть речи
2645,2,часть речи,часть речи,,,куучын-эрмектиҥ бӧлӱги часть речи
2712,1,"кӱӱн булгалар тошнить,",кӱӱн булгалар тошнить,,,"кӱӱн булгалар тошнить, вызывать тошноту"
2712,2,вызывать тошноту,вызывать тошноту,,,"кӱӱн булгалар тошнить, вызывать тошноту"
2784,1,бут бажына стоя на ногах,бут бажына стоя на ногах,,,бут бажына стоя на ногах
2788,1,бууга салы-,бууга салы,,,"бууга салынар удавиться, повеситься"
2788,2,"нар удавиться, повеситься",нар удавиться повеситься,,,"бууга салынар удавиться, повеситься"
2796,1,jолы будактал-,jолы будактал,,,"jолы будакталган о человеке, испытывающем жизненные препятствия"
2796,2,"ган о человеке, испытывающем жизненные",ган о человеке испытывающем жизненные,,,"jолы будакталган о человеке, испытывающем жизненные препятствия"
2796,3,препятствия,препятствия,,,"jолы будакталган о человеке, испытывающем жизненные препятствия"
2836,1,бӱдӱн тоо целое число,бӱдӱн тоо целое число,,,бӱдӱн тоо целое число
2871,1,ийне бӱр хвоя,ийне бӱр хвоя,,,ийне бӱр хвоя; сары бӱр 1) середина осени; 2) осенний календарный праздник алтайцев
2871,2,сары бӱр 1) се-,сары бӱр 1 се,,,ийне бӱр хвоя; сары бӱр 1) середина осени; 2) осенний календарный праздник алтайцев
2871,3,редина осени,редина осени,,,ийне бӱр хвоя; сары бӱр 1) середина осени; 2) осенний календарный праздник алтайцев
2871,4,2) осенний календарный празд-,2 осенний календарный празд,,,ийне бӱр хвоя; сары бӱр 1) середина осени; 2) осенний календарный праздник алтайцев
2871,5,ник алтайцев,ник алтайцев,,,ийне бӱр хвоя; сары бӱр 1) середина осени; 2) осенний календарный праздник алтайцев
2937,1,быжым да этпес и,быжым да этпес и,,,быжым да этпес и не шелохнётся на-
2937,2,не шелохнётся,не шелохнётся,,,быжым да этпес и не шелохнётся на-
2937,3,на-,на,,,быжым да этпес и не шелохнётся на-
2948,1,«Быйанду эне» деп ат звание,быйанду эне деп ат звание,,,«Быйанду эне» деп ат звание «Почитаемая мать»; «Быйанду Ада» деп ат звание «Почитаемый Отец»
2948,2,«Почитаемая мать»,почитаемая мать,,,«Быйанду эне» деп ат звание «Почитаемая мать»; «Быйанду Ада» деп ат звание «Почитаемый Отец»
2948,3,«Быйанду Ада» деп ат,быйанду ада деп ат,,,«Быйанду эне» деп ат звание «Почитаемая мать»; «Быйанду Ада» деп ат звание «Почитаемый Отец»
2948,4,звание «Почитаемый Отец»,звание почитаемый отец,,,«Быйанду эне» деп ат звание «Почитаемая мать»; «Быйанду Ада» деп ат звание «Почитаемый Отец»
3234,1,герой-эне мать-героиня,геройэне матьгероиня,,,герой-эне мать-героиня
3305,1,Кӱндӱлӱ грамота,кӱндӱлӱ грамота,,,Кӱндӱлӱ грамота
3307,1,гран ары jаны заграница,гран ары jаны заграница,,,гран ары jаны заграница
3459,1,сахарный диабет сахар-,сахарный диабет сахар,,,сахарный диабет сахарный диабет
3459,2,ный диабет,ный диабет,,,сахарный диабет сахарный диабет
3537,1,Кӱндӱлӱ доско Почётная доска,кӱндӱлӱ доско почётная доска,,,Кӱндӱлӱ доско Почётная доска
3612,1,јаба ка-,јаба ка,,,"јаба карыш человек маленького роста, карлик"
3612,2,"рыш человек маленького роста, карлик",рыш человек маленького роста карлик,,,"јаба карыш человек маленького роста, карлик"
3630,1,јаба тудар воро-,јаба тудар воро,,,"јаба тудар воровать, красть; јаба туткыш воришка"
3630,2,"вать, красть",вать красть,,,"јаба тудар воровать, красть; јаба туткыш воришка"
3630,3,јаба туткыш воришка,јаба туткыш воришка,,,"јаба тудар воровать, красть; јаба туткыш воришка"
3663,1,јадагай колду,јадагай колду,,,"јадагай колду кижи человек, у которого в руках ничто не оседает"
3663,2,"кижи человек, у которого в руках ничто не",кижи человек у которого в руках ничто не,,,"јадагай колду кижи человек, у которого в руках ничто не оседает"
3663,3,оседает,оседает,,,"јадагай колду кижи человек, у которого в руках ничто не оседает"
3678,1,јадын оору тиф,јадын оору тиф,,,јадын оору тиф
3685,1,јалбагынаҥ јадыш лежание на боку,јалбагынаҥ јадыш лежание на боку,,,јалбагынаҥ јадыш лежание на боку
3736,1,јазым,јазым,,,"јазым јок точно, безошибочно, наверняка"
3736,2,"јок точно, безошибочно, наверняка",јок точно безошибочно наверняка,,,"јазым јок точно, безошибочно, наверняка"
3744,1,эмеен јай бабье лето,эмеен јай бабье лето,,,эмеен јай бабье лето
3764,1,Јаҥыс кижи јайкалчаҥ (Погов.) Один,јаҥыс кижи јайкалчаҥ погов один,,,Јаҥыс кижи јайкалчаҥ (Погов.) Один поле не воин
3764,2,поле не воин,поле не воин,,,Јаҥыс кижи јайкалчаҥ (Погов.) Один поле не воин
3807,1,јайпык,јайпык,,,"јайпык меелӱ о человеке, который рассуждает неумно, нелепо"
3807,2,"меелӱ о человеке, который рассуждает неум-",меелӱ о человеке который рассуждает неум,,,"јайпык меелӱ о человеке, который рассуждает неумно, нелепо"
3807,3,"но, нелепо",но нелепо,,,"јайпык меелӱ о человеке, который рассуждает неумно, нелепо"
3821,1,Јаманныҥ јолы,јаманныҥ јолы,,,Јаманныҥ јолы јайтак (Погов.) У нехорошего дорога скользкая
3821,2,јайтак (Погов.) У нехорошего дорога скользкая,јайтак погов у нехорошего дорога скользкая,,,Јаманныҥ јолы јайтак (Погов.) У нехорошего дорога скользкая
3827,1,јайылган эреҥис лингв. причастный,јайылган эреҥис лингв причастный,,,јайылган эреҥис лингв. причастный оборот; јайылган члендер лингв. распространённые члены
3827,2,оборот,оборот,,,јайылган эреҥис лингв. причастный оборот; јайылган члендер лингв. распространённые члены
3827,3,јайылган члендер лингв. распро-,јайылган члендер лингв распро,,,јайылган эреҥис лингв. причастный оборот; јайылган члендер лингв. распространённые члены
3827,4,странённые члены,странённые члены,,,јайылган эреҥис лингв. причастный оборот; јайылган члендер лингв. распространённые члены
3848,1,Јака Тӱндӱк Крайний Север,јака тӱндӱк крайний север,,,Јака Тӱндӱк Крайний Север
3869,1,јакшы сураар здороваться,јакшы сураар здороваться,,,јакшы сураар здороваться (букв. спрашивать о здравии)
3869,2,(букв. спрашивать о здравии),букв спрашивать о здравии,,,јакшы сураар здороваться (букв. спрашивать о здравии)
3884,1,грам. јакылта кебер пове-,грам јакылта кебер пове,,,грам. јакылта кебер повелительная форма
3884,2,лительная форма,лительная форма,,,грам. јакылта кебер повелительная форма
3890,1,јалы калыҥ мал упитанный,јалы калыҥ мал упитанный,,,"јалы калыҥ мал упитанный скот (букв. скотина с толстым подгривным жиром); Јалду болзо ― ат, јакалу болзо ― тон (Погов.) Если с гривой, то ― конь, если с воротником, то ― шуба"
3890,2,скот (букв. скотина с толстым подгривным,скот букв скотина с толстым подгривным,,,"јалы калыҥ мал упитанный скот (букв. скотина с толстым подгривным жиром); Јалду болзо ― ат, јакалу болзо ― тон (Погов.) Если с гривой, то ― конь, если с воротником, то ― шуба"
3890,3,жиром),жиром,,,"јалы калыҥ мал упитанный скот (букв. скотина с толстым подгривным жиром); Јалду болзо ― ат, јакалу болзо ― тон (Погов.) Если с гривой, то ― конь, если с воротником, то ― шуба"
3890,4,"Јалду болзо ― ат, јакалу болзо ―",јалду болзо ат јакалу болзо,,,"јалы калыҥ мал упитанный скот (букв. скотина с толстым подгривным жиром); Јалду болзо ― ат, јакалу болзо ― тон (Погов.) Если с гривой, то ― конь, если с воротником, то ― шуба"
3890,5,"тон (Погов.) Если с гривой, то ― конь, если с",тон погов если с гривой то конь если с,,,"јалы калыҥ мал упитанный скот (букв. скотина с толстым подгривным жиром); Јалду болзо ― ат, јакалу болзо ― тон (Погов.) Если с гривой, то ― конь, если с воротником, то ― шуба"
3890,6,"воротником, то ― шуба",воротником то шуба,,,"јалы калыҥ мал упитанный скот (букв. скотина с толстым подгривным жиром); Јалду болзо ― ат, јакалу болзо ― тон (Погов.) Если с гривой, то ― конь, если с воротником, то ― шуба"
3902,1,јалаҥ дӧӧн куучындаар го-,јалаҥ дӧӧн куучындаар го,,,"јалаҥ дӧӧн куучындаар го- - ворить совсем о другом, уводить разговор сторону"
3902,2,-,-,,,"јалаҥ дӧӧн куучындаар го- - ворить совсем о другом, уводить разговор сторону"
3902,3,"ворить совсем о другом, уводить разговор",ворить совсем о другом уводить разговор,,,"јалаҥ дӧӧн куучындаар го- - ворить совсем о другом, уводить разговор сторону"
3902,4,сторону,сторону,,,"јалаҥ дӧӧн куучындаар го- - ворить совсем о другом, уводить разговор сторону"
3908,1,јалбагынаҥ,јалбагынаҥ,,,"јалбагынаҥ јадар бездельничать, лежать на боку"
3908,2,"јадар бездельничать, лежать на боку",јадар бездельничать лежать на боку,,,"јалбагынаҥ јадар бездельничать, лежать на боку"
3933,1,јал-јӱректе амыр јок ис-,јалјӱректе амыр јок ис,,,"јал-јӱректе амыр јок испытывает душевное страдание, беспокойство"
3933,2,"пытывает душевное страдание, беспокойство",пытывает душевное страдание беспокойство,,,"јал-јӱректе амыр јок испытывает душевное страдание, беспокойство"
3940,1,кӧк,кӧк,,,"кӧк јалку очень ленивый, лодырь"
3940,2,"јалку очень ленивый, лодырь",јалку очень ленивый лодырь,,,"кӧк јалку очень ленивый, лодырь"
3945,1,Јаҥыс кижи jалкынчак,јаҥыс кижи jалкынчак,,,"Јаҥыс кижи jалкынчак (Посл.) Одинокий человек легко подвергается смирению (букв. легко усмирить, унизить одинокого человека)"
3945,2,(Посл.) Одинокий человек легко подвергает-,посл одинокий человек легко подвергает,,,"Јаҥыс кижи jалкынчак (Посл.) Одинокий человек легко подвергается смирению (букв. легко усмирить, унизить одинокого человека)"
3945,3,"ся смирению (букв. легко усмирить, унизить",ся смирению букв легко усмирить унизить,,,"Јаҥыс кижи jалкынчак (Посл.) Одинокий человек легко подвергается смирению (букв. легко усмирить, унизить одинокого человека)"
3945,4,одинокого человека),одинокого человека,,,"Јаҥыс кижи jалкынчак (Посл.) Одинокий человек легко подвергается смирению (букв. легко усмирить, унизить одинокого человека)"
3956,1,санаазы јалт эткен почувствовал об-,санаазы јалт эткен почувствовал об,,,"санаазы јалт эткен почувствовал облегчение, успокоился"
3956,2,"легчение, успокоился",легчение успокоился,,,"санаазы јалт эткен почувствовал облегчение, успокоился"
3983,1,јаман кӧстӱ с,јаман кӧстӱ с,,,"јаман кӧстӱ с дурным глазом; јаман кӧс болор быть изгоем; јаман кӧрӧр ненавидеть, плохо относиться; јаман ады чыгар опозориться; Јаманныҥ колына бергенче, јакшыныҥ јолына чач (Погов.) Чем отдать плохому [человеку] в руки, лучше бросить хорошему в ноги"
3983,2,дурным глазом,дурным глазом,,,"јаман кӧстӱ с дурным глазом; јаман кӧс болор быть изгоем; јаман кӧрӧр ненавидеть, плохо относиться; јаман ады чыгар опозориться; Јаманныҥ колына бергенче, јакшыныҥ јолына чач (Погов.) Чем отдать плохому [человеку] в руки, лучше бросить хорошему в ноги"
3983,3,јаман кӧс болор быть изгоем,јаман кӧс болор быть изгоем,,,"јаман кӧстӱ с дурным глазом; јаман кӧс болор быть изгоем; јаман кӧрӧр ненавидеть, плохо относиться; јаман ады чыгар опозориться; Јаманныҥ колына бергенче, јакшыныҥ јолына чач (Погов.) Чем отдать плохому [человеку] в руки, лучше бросить хорошему в ноги"
3983,4,"јаман кӧрӧр ненавидеть, плохо относиться",јаман кӧрӧр ненавидеть плохо относиться,,,"јаман кӧстӱ с дурным глазом; јаман кӧс болор быть изгоем; јаман кӧрӧр ненавидеть, плохо относиться; јаман ады чыгар опозориться; Јаманныҥ колына бергенче, јакшыныҥ јолына чач (Погов.) Чем отдать плохому [человеку] в руки, лучше бросить хорошему в ноги"
3983,5,јаман ады чыгар опозориться,јаман ады чыгар опозориться,,,"јаман кӧстӱ с дурным глазом; јаман кӧс болор быть изгоем; јаман кӧрӧр ненавидеть, плохо относиться; јаман ады чыгар опозориться; Јаманныҥ колына бергенче, јакшыныҥ јолына чач (Погов.) Чем отдать плохому [человеку] в руки, лучше бросить хорошему в ноги"
3983,6,Јаманныҥ,јаманныҥ,,,"јаман кӧстӱ с дурным глазом; јаман кӧс болор быть изгоем; јаман кӧрӧр ненавидеть, плохо относиться; јаман ады чыгар опозориться; Јаманныҥ колына бергенче, јакшыныҥ јолына чач (Погов.) Чем отдать плохому [человеку] в руки, лучше бросить хорошему в ноги"
3983,7,"колына бергенче, јакшыныҥ јолына чач",колына бергенче јакшыныҥ јолына чач,,,"јаман кӧстӱ с дурным глазом; јаман кӧс болор быть изгоем; јаман кӧрӧр ненавидеть, плохо относиться; јаман ады чыгар опозориться; Јаманныҥ колына бергенче, јакшыныҥ јолына чач (Погов.) Чем отдать плохому [человеку] в руки, лучше бросить хорошему в ноги"
3983,8,(Погов.) Чем отдать плохому [человеку] в,погов чем отдать плохому человеку в,,,"јаман кӧстӱ с дурным глазом; јаман кӧс болор быть изгоем; јаман кӧрӧр ненавидеть, плохо относиться; јаман ады чыгар опозориться; Јаманныҥ колына бергенче, јакшыныҥ јолына чач (Погов.) Чем отдать плохому [человеку] в руки, лучше бросить хорошему в ноги"
3983,9,"руки, лучше бросить хорошему в ноги",руки лучше бросить хорошему в ноги,,,"јаман кӧстӱ с дурным глазом; јаман кӧс болор быть изгоем; јаман кӧрӧр ненавидеть, плохо относиться; јаман ады чыгар опозориться; Јаманныҥ колына бергенче, јакшыныҥ јолына чач (Погов.) Чем отдать плохому [человеку] в руки, лучше бросить хорошему в ноги"
4006,1,кӱӱни јанар ра-,кӱӱни јанар ра,,,"кӱӱни јанар разочаровываться; јана базар отступать, отказываться; јана баспай отважно; јана баспас отважный, стойкий"
4006,2,зочаровываться,зочаровываться,,,"кӱӱни јанар разочаровываться; јана базар отступать, отказываться; јана баспай отважно; јана баспас отважный, стойкий"
4006,3,"јана базар отступать, отка-",јана базар отступать отка,,,"кӱӱни јанар разочаровываться; јана базар отступать, отказываться; јана баспай отважно; јана баспас отважный, стойкий"
4006,4,зываться,зываться,,,"кӱӱни јанар разочаровываться; јана базар отступать, отказываться; јана баспай отважно; јана баспас отважный, стойкий"
4006,5,јана баспай отважно,јана баспай отважно,,,"кӱӱни јанар разочаровываться; јана базар отступать, отказываться; јана баспай отважно; јана баспас отважный, стойкий"
4006,6,јана баспас,јана баспас,,,"кӱӱни јанар разочаровываться; јана базар отступать, отказываться; јана баспай отважно; јана баспас отважный, стойкий"
4006,7,"отважный, стойкий",отважный стойкий,,,"кӱӱни јанар разочаровываться; јана базар отступать, отказываться; јана баспай отважно; јана баспас отважный, стойкий"
4015,1,кӱӱнин јандырар разочаровы-,кӱӱнин јандырар разочаровы,,,"кӱӱнин јандырар разочаровывать, отбивать желание, охоту; улустыҥ бажын јандырар вразумлять людей"
4015,2,"вать, отбивать желание, охоту",вать отбивать желание охоту,,,"кӱӱнин јандырар разочаровывать, отбивать желание, охоту; улустыҥ бажын јандырар вразумлять людей"
4015,3,улустыҥ ба-,улустыҥ ба,,,"кӱӱнин јандырар разочаровывать, отбивать желание, охоту; улустыҥ бажын јандырар вразумлять людей"
4015,4,жын јандырар вразумлять людей,жын јандырар вразумлять людей,,,"кӱӱнин јандырар разочаровывать, отбивать желание, охоту; улустыҥ бажын јандырар вразумлять людей"
4029,1,Јаандардыҥ сӧзин јанчыкка сал (Погов.),јаандардыҥ сӧзин јанчыкка сал погов,,,Јаандардыҥ сӧзин јанчыкка сал (Погов.)
4087,1,јаҥыс иске бастырар заставлять ходить по,јаҥыс иске бастырар заставлять ходить по,,,јаҥыс иске бастырар заставлять ходить по струнке; сок јаныс один единственный
4087,2,струнке,струнке,,,јаҥыс иске бастырар заставлять ходить по струнке; сок јаныс один единственный
4087,3,сок јаныс один единственный,сок јаныс один единственный,,,јаҥыс иске бастырар заставлять ходить по струнке; сок јаныс один единственный
4172,1,јарма кар,јарма кар,,,јарма кар снежная крупа; јармак кулур мука крупного помола
4172,2,снежная крупа,снежная крупа,,,јарма кар снежная крупа; јармак кулур мука крупного помола
4172,3,јармак кулур мука крупного,јармак кулур мука крупного,,,јарма кар снежная крупа; јармак кулур мука крупного помола
4172,4,помола,помола,,,јарма кар снежная крупа; јармак кулур мука крупного помола
4174,1,јарт (јарты) јок 1. неопределён-,јарт јарты јок 1 неопределён,,,"јарт (јарты) јок 1. неопределённый, неясный; 2. нареч. неопределённо, неясно; јарты јок солума лингв. неопределённое местоимение"
4174,2,"ный, неясный",ный неясный,,,"јарт (јарты) јок 1. неопределённый, неясный; 2. нареч. неопределённо, неясно; јарты јок солума лингв. неопределённое местоимение"
4174,3,"2. нареч. неопределённо, неяс-",2 нареч неопределённо неяс,,,"јарт (јарты) јок 1. неопределённый, неясный; 2. нареч. неопределённо, неясно; јарты јок солума лингв. неопределённое местоимение"
4174,4,но,но,,,"јарт (јарты) јок 1. неопределённый, неясный; 2. нареч. неопределённо, неясно; јарты јок солума лингв. неопределённое местоимение"
4174,5,јарты јок солума лингв. неопределённое,јарты јок солума лингв неопределённое,,,"јарт (јарты) јок 1. неопределённый, неясный; 2. нареч. неопределённо, неясно; јарты јок солума лингв. неопределённое местоимение"
4174,6,местоимение,местоимение,,,"јарт (јарты) јок 1. неопределённый, неясный; 2. нареч. неопределённо, неясно; јарты јок солума лингв. неопределённое местоимение"
4176,1,јартап айтса точ-,јартап айтса точ,,,"јартап айтса точнее, если сказать точнее; јартын айтса если сказать правду"
4176,2,"нее, если сказать точнее",нее если сказать точнее,,,"јартап айтса точнее, если сказать точнее; јартын айтса если сказать правду"
4176,3,јартын айтса если,јартын айтса если,,,"јартап айтса точнее, если сказать точнее; јартын айтса если сказать правду"
4176,4,сказать правду,сказать правду,,,"јартап айтса точнее, если сказать точнее; јартын айтса если сказать правду"
4217,1,Јарындуга,јарындуга,,,"Јарындуга jыктырба, јаактуга айттырба (Посл.) Плечистому не дай себя повалить, языкастому не дай себя отругать"
4217,2,"jыктырба, јаактуга айттырба (Посл.) Пле-",jыктырба јаактуга айттырба посл пле,,,"Јарындуга jыктырба, јаактуга айттырба (Посл.) Плечистому не дай себя повалить, языкастому не дай себя отругать"
4217,3,"чистому не дай себя повалить, языкастому не",чистому не дай себя повалить языкастому не,,,"Јарындуга jыктырба, јаактуга айттырба (Посл.) Плечистому не дай себя повалить, языкастому не дай себя отругать"
4217,4,дай себя отругать,дай себя отругать,,,"Јарындуга jыктырба, јаактуга айттырба (Посл.) Плечистому не дай себя повалить, языкастому не дай себя отругать"
4224,1,"јарышканча келер прийти, перегоняя",јарышканча келер прийти перегоняя,,,"јарышканча келер прийти, перегоняя друг друга, прийти наперегонки"
4224,2,"друг друга, прийти наперегонки",друг друга прийти наперегонки,,,"јарышканча келер прийти, перегоняя друг друга, прийти наперегонки"
4253,1,јалбагынаҥ јадар,јалбагынаҥ јадар,,,"јалбагынаҥ јадар лодырничать, бездельничать -"
4253,2,"лодырничать, бездельничать",лодырничать бездельничать,,,"јалбагынаҥ јадар лодырничать, бездельничать -"
4253,3,-,-,,,"јалбагынаҥ јадар лодырничать, бездельничать -"
4263,1,jаш эт кижи роженица (недавно,jаш эт кижи роженица недавно,,,jаш эт кижи роженица (недавно родившая женщина)
4263,2,родившая женщина),родившая женщина,,,jаш эт кижи роженица (недавно родившая женщина)
4367,1,jеҥ jастанар погибнуть на полях сра-,jеҥ jастанар погибнуть на полях сра,,,jеҥ jастанар погибнуть на полях сражения
4367,2,жения,жения,,,jеҥ jастанар погибнуть на полях сражения
4375,1,таай-јеҥе жена родного дяди (родного,таайјеҥе жена родного дяди родного,,,таай-јеҥе жена родного дяди (родного брата матери)
4375,2,брата матери),брата матери,,,таай-јеҥе жена родного дяди (родного брата матери)
4407,1,jаан јер тюрьма,jаан јер тюрьма,,,jаан јер тюрьма
4443,1,Јети-Каан Большая Медведица (созвездие),јетикаан большая медведица созвездие,,,Јети-Каан Большая Медведица (созвездие)
4477,1,уй-,уй,,,уйјиилек бот. малина; кой-јиилек бот. клубника
4477,2,јиилек бот. малина,јиилек бот малина,,,уйјиилек бот. малина; кой-јиилек бот. клубника
4477,3,кой-јиилек бот. клуб-,койјиилек бот клуб,,,уйјиилек бот. малина; кой-јиилек бот. клубника
4477,4,ника,ника,,,уйјиилек бот. малина; кой-јиилек бот. клубника
4518,1,кӧк jитке ленивый,кӧк jитке ленивый,,,кӧк jитке ленивый
4581,1,Јондык Палата Обще-,јондык палата обще,,,Јондык Палата Общественная Палата
4581,2,ственная Палата,ственная палата,,,Јондык Палата Общественная Палата
4590,1,јоон мал крупный рогатый скот,јоон мал крупный рогатый скот,,,јоон мал крупный рогатый скот
4741,1,сӧӧк јуур хоронить,сӧӧк јуур хоронить,,,сӧӧк јуур хоронить (букв. собирать кости)
4741,2,(букв. собирать кости),букв собирать кости,,,сӧӧк јуур хоронить (букв. собирать кости)
4849,1,"Jӱс салковойлу болгончо, jӱс нӧкӧрлӱ бол",jӱс салковойлу болгончо jӱс нӧкӧрлӱ бол,,,"Jӱс салковойлу болгончо, jӱс нӧкӧрлӱ бол (Погов.) Чем иметь сто рублей, имей сто друзей"
4849,2,"(Погов.) Чем иметь сто рублей, имей сто дру-",погов чем иметь сто рублей имей сто дру,,,"Jӱс салковойлу болгончо, jӱс нӧкӧрлӱ бол (Погов.) Чем иметь сто рублей, имей сто друзей"
4849,3,зей,зей,,,"Jӱс салковойлу болгончо, jӱс нӧкӧрлӱ бол (Погов.) Чем иметь сто рублей, имей сто друзей"
4897,1,јыга,јыга,,,јыга тӧгӱндеп салар сильно обмануть; јыга айткылаар крепко ругать
4897,2,тӧгӱндеп салар сильно обмануть,тӧгӱндеп салар сильно обмануть,,,јыга тӧгӱндеп салар сильно обмануть; јыга айткылаар крепко ругать
4897,3,јыга айт-,јыга айт,,,јыга тӧгӱндеп салар сильно обмануть; јыга айткылаар крепко ругать
4897,4,кылаар крепко ругать,кылаар крепко ругать,,,јыга тӧгӱндеп салар сильно обмануть; јыга айткылаар крепко ругать
4911,1,Јылан jыл Год Змеи,јылан jыл год змеи,,,Јылан jыл Год Змеи
4912,1,кызыл јылаҥаш совершенно голый,кызыл јылаҥаш совершенно голый,,,кызыл јылаҥаш совершенно голый -
4912,2,-,-,,,кызыл јылаҥаш совершенно голый -
4984,1,jымжак темдек лингв. мягкий,jымжак темдек лингв мягкий,,,jымжак темдек лингв. мягкий знак
4984,2,знак,знак,,,jымжак темдек лингв. мягкий знак
4987,1,куйка-баш јымыраар,куйкабаш јымыраар,,,"куйка-баш јымыраар испытывать сильный страх, ужас"
4987,2,"испытывать сильный страх, ужас",испытывать сильный страх ужас,,,"куйка-баш јымыраар испытывать сильный страх, ужас"
4990,1,Jымырткадаҥ,jымырткадаҥ,,,Jымырткадаҥ кыр бедиреер (Погов.) Придираться (букв. искать грани на яйце)
4990,2,кыр бедиреер (Погов.) Придираться (букв.,кыр бедиреер погов придираться букв,,,Jымырткадаҥ кыр бедиреер (Погов.) Придираться (букв. искать грани на яйце)
4990,3,искать грани на яйце),искать грани на яйце,,,Jымырткадаҥ кыр бедиреер (Погов.) Придираться (букв. искать грани на яйце)
5011,1,jыраа-чай бот. иван-,jыраачай бот иван,,,jыраа-чай бот. иванчай
5011,2,чай,чай,,,jыраа-чай бот. иванчай
5129,1,иженер неме jок не на что (не,иженер неме jок не на что не,,,иженер неме jок не на что (не на кого) надеяться
5129,2,на кого) надеяться,на кого надеяться,,,иженер неме jок не на что (не на кого) надеяться
5138,1,бастыра бойы изий берер испытать,бастыра бойы изий берер испытать,,,бастыра бойы изий берер испытать чувство неловкости (букв. весь сам нагреется)
5138,2,чувство неловкости (букв. весь сам нагреется),чувство неловкости букв весь сам нагреется,,,бастыра бойы изий берер испытать чувство неловкости (букв. весь сам нагреется)
5147,1,изӱ оору мед. корь,изӱ оору мед корь,,,изӱ оору мед. корь
5216,1,Ийт јыл,ийт јыл,,,Ийт јыл
5265,1,кармакка илинер попасться на крючок,кармакка илинер попасться на крючок,,,кармакка илинер попасться на крючок
5317,1,ис кезер выслеживать кого-л.,ис кезер выслеживать когол,,,ис кезер выслеживать кого-л.; иске чыгар выйти на след
5317,2,иске чыгар,иске чыгар,,,ис кезер выслеживать кого-л.; иске чыгар выйти на след
5317,3,выйти на след,выйти на след,,,ис кезер выслеживать кого-л.; иске чыгар выйти на след
5333,1,ичинде сананар думать про себя,ичинде сананар думать про себя,,,ичинде сананар думать про себя; ичи ачыыр жалеть; ичи кӱйер завидовать; ичке кирер понравиться
5333,2,ичи,ичи,,,ичинде сананар думать про себя; ичи ачыыр жалеть; ичи кӱйер завидовать; ичке кирер понравиться
5333,3,ачыыр жалеть,ачыыр жалеть,,,ичинде сананар думать про себя; ичи ачыыр жалеть; ичи кӱйер завидовать; ичке кирер понравиться
5333,4,ичи кӱйер завидовать,ичи кӱйер завидовать,,,ичинде сананар думать про себя; ичи ачыыр жалеть; ичи кӱйер завидовать; ичке кирер понравиться
5333,5,ичке,ичке,,,ичинде сананар думать про себя; ичи ачыыр жалеть; ичи кӱйер завидовать; ичке кирер понравиться
5333,6,кирер понравиться,кирер понравиться,,,ичинде сананар думать про себя; ичи ачыыр жалеть; ичи кӱйер завидовать; ичке кирер понравиться
5378,1,"ижин берер разг. ругать, отчитывать,",ижин берер разг ругать отчитывать,,,"ижин берер разг. ругать, отчитывать, наказывать; Мӧш агаштаҥ jааш ӧтпӧс,"
5378,2,наказывать,наказывать,,,"ижин берер разг. ругать, отчитывать, наказывать; Мӧш агаштаҥ jааш ӧтпӧс,"
5378,3,"Мӧш агаштаҥ jааш ӧтпӧс,",мӧш агаштаҥ jааш ӧтпӧс,,,"ижин берер разг. ругать, отчитывать, наказывать; Мӧш агаштаҥ jааш ӧтпӧс,"
5394,1,"Иштеҥкейдеҥ иш коркыыр,",иштеҥкейдеҥ иш коркыыр,,,"Иштеҥкейдеҥ иш коркыыр,"
5415,1,торко-кадак шелка,торкокадак шелка,,,торко-кадак шелка; кадакту тажуур тажуур с привязанной к горловине белым шёлковым платком (подношение родителям невесты при сватовстве)
5415,2,кадакту тажуур тажуур с привязанной к гор-,кадакту тажуур тажуур с привязанной к гор,,,торко-кадак шелка; кадакту тажуур тажуур с привязанной к горловине белым шёлковым платком (подношение родителям невесты при сватовстве)
5415,3,ловине белым шёлковым платком (подноше-,ловине белым шёлковым платком подноше,,,торко-кадак шелка; кадакту тажуур тажуур с привязанной к горловине белым шёлковым платком (подношение родителям невесты при сватовстве)
5415,4,ние родителям невесты при сватовстве),ние родителям невесты при сватовстве,,,торко-кадак шелка; кадакту тажуур тажуур с привязанной к горловине белым шёлковым платком (подношение родителям невесты при сватовстве)
5450,1,эне каан царица,эне каан царица,,,эне каан царица; бала-каан царьдевица; кыс каан царевна; Jети Каан Большая Медведица; Алты-Каан Кассиопея
5450,2,бала-каан царь-,балакаан царь,,,эне каан царица; бала-каан царьдевица; кыс каан царевна; Jети Каан Большая Медведица; Алты-Каан Кассиопея
5450,3,девица,девица,,,эне каан царица; бала-каан царьдевица; кыс каан царевна; Jети Каан Большая Медведица; Алты-Каан Кассиопея
5450,4,кыс каан царевна,кыс каан царевна,,,эне каан царица; бала-каан царьдевица; кыс каан царевна; Jети Каан Большая Медведица; Алты-Каан Кассиопея
5450,5,Jети Каан Боль-,jети каан боль,,,эне каан царица; бала-каан царьдевица; кыс каан царевна; Jети Каан Большая Медведица; Алты-Каан Кассиопея
5450,6,шая Медведица,шая медведица,,,эне каан царица; бала-каан царьдевица; кыс каан царевна; Jети Каан Большая Медведица; Алты-Каан Кассиопея
5450,7,Алты-Каан Кассиопея,алтыкаан кассиопея,,,эне каан царица; бала-каан царьдевица; кыс каан царевна; Jети Каан Большая Медведица; Алты-Каан Кассиопея
5466,1,Каат кижиниҥ чачы,каат кижиниҥ чачы,,,"Каат кижиниҥ чачы узун, сагыжы кыска (Погов.) У женщины волосы длинные, ум короток"
5466,2,"узун, сагыжы кыска (Погов.) У женщины",узун сагыжы кыска погов у женщины,,,"Каат кижиниҥ чачы узун, сагыжы кыска (Погов.) У женщины волосы длинные, ум короток"
5466,3,"волосы длинные, ум короток",волосы длинные ум короток,,,"Каат кижиниҥ чачы узун, сагыжы кыска (Погов.) У женщины волосы длинные, ум короток"
5476,1,кабай,кабай,,,"кабай бала грудной ребёнок, младенец; кабайдаҥ айрыыр отучать от колыбели"
5476,2,"бала грудной ребёнок, младенец",бала грудной ребёнок младенец,,,"кабай бала грудной ребёнок, младенец; кабайдаҥ айрыыр отучать от колыбели"
5476,3,кабайдаҥ,кабайдаҥ,,,"кабай бала грудной ребёнок, младенец; кабайдаҥ айрыыр отучать от колыбели"
5476,4,айрыыр отучать от колыбели,айрыыр отучать от колыбели,,,"кабай бала грудной ребёнок, младенец; кабайдаҥ айрыыр отучать от колыбели"
5480,1,чийик кабак-,чийик кабак,,,"чийик кабактар рисованные, писаные брови (о тонких бровях); киш кара кабак соболинные чёрные брови (о бархатных, шелковистых, пушистых бровях); солоҥыдый кабактар брови, как радуга (об изогнутых бровях); кабак алдынаҥ кӧрӧр смотреть исподлобья; кабагын jемире кӧрӧр глядеть, насупившись, нахмурясь"
5480,2,"тар рисованные, писаные брови (о тонких",тар рисованные писаные брови о тонких,,,"чийик кабактар рисованные, писаные брови (о тонких бровях); киш кара кабак соболинные чёрные брови (о бархатных, шелковистых, пушистых бровях); солоҥыдый кабактар брови, как радуга (об изогнутых бровях); кабак алдынаҥ кӧрӧр смотреть исподлобья; кабагын jемире кӧрӧр глядеть, насупившись, нахмурясь"
5480,3,бровях),бровях,,,"чийик кабактар рисованные, писаные брови (о тонких бровях); киш кара кабак соболинные чёрные брови (о бархатных, шелковистых, пушистых бровях); солоҥыдый кабактар брови, как радуга (об изогнутых бровях); кабак алдынаҥ кӧрӧр смотреть исподлобья; кабагын jемире кӧрӧр глядеть, насупившись, нахмурясь"
5480,4,киш кара кабак соболинные чёр-,киш кара кабак соболинные чёр,,,"чийик кабактар рисованные, писаные брови (о тонких бровях); киш кара кабак соболинные чёрные брови (о бархатных, шелковистых, пушистых бровях); солоҥыдый кабактар брови, как радуга (об изогнутых бровях); кабак алдынаҥ кӧрӧр смотреть исподлобья; кабагын jемире кӧрӧр глядеть, насупившись, нахмурясь"
5480,5,"ные брови (о бархатных, шелковистых, пу-",ные брови о бархатных шелковистых пу,,,"чийик кабактар рисованные, писаные брови (о тонких бровях); киш кара кабак соболинные чёрные брови (о бархатных, шелковистых, пушистых бровях); солоҥыдый кабактар брови, как радуга (об изогнутых бровях); кабак алдынаҥ кӧрӧр смотреть исподлобья; кабагын jемире кӧрӧр глядеть, насупившись, нахмурясь"
5480,6,шистых бровях),шистых бровях,,,"чийик кабактар рисованные, писаные брови (о тонких бровях); киш кара кабак соболинные чёрные брови (о бархатных, шелковистых, пушистых бровях); солоҥыдый кабактар брови, как радуга (об изогнутых бровях); кабак алдынаҥ кӧрӧр смотреть исподлобья; кабагын jемире кӧрӧр глядеть, насупившись, нахмурясь"
5480,7,солоҥыдый кабактар бро-,солоҥыдый кабактар бро,,,"чийик кабактар рисованные, писаные брови (о тонких бровях); киш кара кабак соболинные чёрные брови (о бархатных, шелковистых, пушистых бровях); солоҥыдый кабактар брови, как радуга (об изогнутых бровях); кабак алдынаҥ кӧрӧр смотреть исподлобья; кабагын jемире кӧрӧр глядеть, насупившись, нахмурясь"
5480,8,"ви, как радуга (об изогнутых бровях)",ви как радуга об изогнутых бровях,,,"чийик кабактар рисованные, писаные брови (о тонких бровях); киш кара кабак соболинные чёрные брови (о бархатных, шелковистых, пушистых бровях); солоҥыдый кабактар брови, как радуга (об изогнутых бровях); кабак алдынаҥ кӧрӧр смотреть исподлобья; кабагын jемире кӧрӧр глядеть, насупившись, нахмурясь"
5480,9,кабак,кабак,,,"чийик кабактар рисованные, писаные брови (о тонких бровях); киш кара кабак соболинные чёрные брови (о бархатных, шелковистых, пушистых бровях); солоҥыдый кабактар брови, как радуга (об изогнутых бровях); кабак алдынаҥ кӧрӧр смотреть исподлобья; кабагын jемире кӧрӧр глядеть, насупившись, нахмурясь"
5480,10,алдынаҥ кӧрӧр смотреть исподлобья,алдынаҥ кӧрӧр смотреть исподлобья,,,"чийик кабактар рисованные, писаные брови (о тонких бровях); киш кара кабак соболинные чёрные брови (о бархатных, шелковистых, пушистых бровях); солоҥыдый кабактар брови, как радуга (об изогнутых бровях); кабак алдынаҥ кӧрӧр смотреть исподлобья; кабагын jемире кӧрӧр глядеть, насупившись, нахмурясь"
5480,11,каба-,каба,,,"чийик кабактар рисованные, писаные брови (о тонких бровях); киш кара кабак соболинные чёрные брови (о бархатных, шелковистых, пушистых бровях); солоҥыдый кабактар брови, как радуга (об изогнутых бровях); кабак алдынаҥ кӧрӧр смотреть исподлобья; кабагын jемире кӧрӧр глядеть, насупившись, нахмурясь"
5480,12,"гын jемире кӧрӧр глядеть, насупившись, на-",гын jемире кӧрӧр глядеть насупившись на,,,"чийик кабактар рисованные, писаные брови (о тонких бровях); киш кара кабак соболинные чёрные брови (о бархатных, шелковистых, пушистых бровях); солоҥыдый кабактар брови, как радуга (об изогнутых бровях); кабак алдынаҥ кӧрӧр смотреть исподлобья; кабагын jемире кӧрӧр глядеть, насупившись, нахмурясь"
5480,13,хмурясь,хмурясь,,,"чийик кабактар рисованные, писаные брови (о тонких бровях); киш кара кабак соболинные чёрные брови (о бархатных, шелковистых, пушистых бровях); солоҥыдый кабактар брови, как радуга (об изогнутых бровях); кабак алдынаҥ кӧрӧр смотреть исподлобья; кабагын jемире кӧрӧр глядеть, насупившись, нахмурясь"
5498,1,Муҥ кой кабырган Муҥулдай,муҥ кой кабырган муҥулдай,,,Муҥ кой кабырган Муҥулдай
5506,1,кабыргалу ат,кабыргалу ат,,,"кабыргалу ат лошадь с хорошо развитыми, сильными рёбрами"
5506,2,"лошадь с хорошо развитыми, сильными рё-",лошадь с хорошо развитыми сильными рё,,,"кабыргалу ат лошадь с хорошо развитыми, сильными рёбрами"
5506,3,брами,брами,,,"кабыргалу ат лошадь с хорошо развитыми, сильными рёбрами"
5514,1,кӧкси кабырылар сдавливать грудь,кӧкси кабырылар сдавливать грудь,,,кӧкси кабырылар сдавливать грудь
5519,1,"Сууга кирзе ― айрылыжар, суунаҥ чык-",сууга кирзе айрылыжар суунаҥ чык,,,"Сууга кирзе ― айрылыжар, суунаҥ чыкса ― кабыжар (Заг.) Если в воду войдёт ― расходятся, если из воды выйдут ― соединяются"
5519,2,са ― кабыжар (Заг.) Если в воду войдёт ―,са кабыжар заг если в воду войдёт,,,"Сууга кирзе ― айрылыжар, суунаҥ чыкса ― кабыжар (Заг.) Если в воду войдёт ― расходятся, если из воды выйдут ― соединяются"
5519,3,"расходятся, если из воды выйдут ― соединя-",расходятся если из воды выйдут соединя,,,"Сууга кирзе ― айрылыжар, суунаҥ чыкса ― кабыжар (Заг.) Если в воду войдёт ― расходятся, если из воды выйдут ― соединяются"
5519,4,ются,ются,,,"Сууга кирзе ― айрылыжар, суунаҥ чыкса ― кабыжар (Заг.) Если в воду войдёт ― расходятся, если из воды выйдут ― соединяются"
5529,1,"Саап ийзе, сӱт чыкпас,",саап ийзе сӱт чыкпас,,,"Саап ийзе, сӱт чыкпас, кадап ийзе, кан акпас (Погов.) Как от козла молока (букв. Если подоить ― молоко не выйдет, если уколоть ― кровь не потечёт)"
5529,2,"кадап ийзе, кан акпас (Погов.) Как от козла",кадап ийзе кан акпас погов как от козла,,,"Саап ийзе, сӱт чыкпас, кадап ийзе, кан акпас (Погов.) Как от козла молока (букв. Если подоить ― молоко не выйдет, если уколоть ― кровь не потечёт)"
5529,3,молока (букв. Если подоить ― молоко не вы-,молока букв если подоить молоко не вы,,,"Саап ийзе, сӱт чыкпас, кадап ийзе, кан акпас (Погов.) Как от козла молока (букв. Если подоить ― молоко не выйдет, если уколоть ― кровь не потечёт)"
5529,4,"йдет, если уколоть ― кровь не потечёт)",йдет если уколоть кровь не потечёт,,,"Саап ийзе, сӱт чыкпас, кадап ийзе, кан акпас (Погов.) Как от козла молока (букв. Если подоить ― молоко не выйдет, если уколоть ― кровь не потечёт)"
5570,1,"оозын кадырар заставить голодать, замо-",оозын кадырар заставить голодать замо,,,"оозын кадырар заставить голодать, заморить голодом"
5570,2,рить голодом,рить голодом,,,"оозын кадырар заставить голодать, заморить голодом"
5642,1,кажы тушта,кажы тушта,,,кажы тушта 1) где; 2) когда; 3) давно; кажы јерде 1) далеко; 2) давно
5642,2,1) где,1 где,,,кажы тушта 1) где; 2) когда; 3) давно; кажы јерде 1) далеко; 2) давно
5642,3,2) когда,2 когда,,,кажы тушта 1) где; 2) когда; 3) давно; кажы јерде 1) далеко; 2) давно
5642,4,3) давно,3 давно,,,кажы тушта 1) где; 2) когда; 3) давно; кажы јерде 1) далеко; 2) давно
5642,5,кажы јерде 1) дале-,кажы јерде 1 дале,,,кажы тушта 1) где; 2) когда; 3) давно; кажы јерде 1) далеко; 2) давно
5642,6,ко,ко,,,кажы тушта 1) где; 2) когда; 3) давно; кажы јерде 1) далеко; 2) давно
5642,7,2) давно,2 давно,,,кажы тушта 1) где; 2) когда; 3) давно; кажы јерде 1) далеко; 2) давно
5645,1,кажы бир неме что-нибудь,кажы бир неме чтонибудь,,,"кажы бир неме что-нибудь; кажы бирде когда-нибудь, иногда"
5645,2,кажы,кажы,,,"кажы бир неме что-нибудь; кажы бирде когда-нибудь, иногда"
5645,3,"бирде когда-нибудь, иногда",бирде когданибудь иногда,,,"кажы бир неме что-нибудь; кажы бирде когда-нибудь, иногда"
5665,1,"казан азар варить пищу, готовить пищу",казан азар варить пищу готовить пищу,,,"казан азар варить пищу, готовить пищу"
5676,1,Алтын-Казык астр. Полярная звезда,алтынказык астр полярная звезда,,,"Алтын-Казык астр. Полярная звезда; казык ажырган немедий словно кол проглотил; каккан казыктый турат стоит, словно вбитый кол"
5676,2,ка-,ка,,,"Алтын-Казык астр. Полярная звезда; казык ажырган немедий словно кол проглотил; каккан казыктый турат стоит, словно вбитый кол"
5676,3,зык ажырган немедий словно кол прогло-,зык ажырган немедий словно кол прогло,,,"Алтын-Казык астр. Полярная звезда; казык ажырган немедий словно кол проглотил; каккан казыктый турат стоит, словно вбитый кол"
5676,4,тил,тил,,,"Алтын-Казык астр. Полярная звезда; казык ажырган немедий словно кол проглотил; каккан казыктый турат стоит, словно вбитый кол"
5676,5,"каккан казыктый турат стоит, словно",каккан казыктый турат стоит словно,,,"Алтын-Казык астр. Полярная звезда; казык ажырган немедий словно кол проглотил; каккан казыктый турат стоит, словно вбитый кол"
5676,6,вбитый кол,вбитый кол,,,"Алтын-Казык астр. Полярная звезда; казык ажырган немедий словно кол проглотил; каккан казыктый турат стоит, словно вбитый кол"
5681,1,казынты суу колодезная,казынты суу колодезная,,,"казынты суу колодезная вода; 3) ископаемое; то, что выкопано; јердеҥ чыккан казынтылар то, что выкопано из земли; ♦ казынты суу колодезная вода"
5681,2,вода,вода,,,"казынты суу колодезная вода; 3) ископаемое; то, что выкопано; јердеҥ чыккан казынтылар то, что выкопано из земли; ♦ казынты суу колодезная вода"
5681,3,3) ископаемое,3 ископаемое,,,"казынты суу колодезная вода; 3) ископаемое; то, что выкопано; јердеҥ чыккан казынтылар то, что выкопано из земли; ♦ казынты суу колодезная вода"
5681,4,"то, что выкопано",то что выкопано,,,"казынты суу колодезная вода; 3) ископаемое; то, что выкопано; јердеҥ чыккан казынтылар то, что выкопано из земли; ♦ казынты суу колодезная вода"
5681,5,јердеҥ,јердеҥ,,,"казынты суу колодезная вода; 3) ископаемое; то, что выкопано; јердеҥ чыккан казынтылар то, что выкопано из земли; ♦ казынты суу колодезная вода"
5681,6,"чыккан казынтылар то, что выкопано из",чыккан казынтылар то что выкопано из,,,"казынты суу колодезная вода; 3) ископаемое; то, что выкопано; јердеҥ чыккан казынтылар то, что выкопано из земли; ♦ казынты суу колодезная вода"
5681,7,земли,земли,,,"казынты суу колодезная вода; 3) ископаемое; то, что выкопано; јердеҥ чыккан казынтылар то, что выкопано из земли; ♦ казынты суу колодезная вода"
5681,8,♦ казынты суу колодезная вода,казынты суу колодезная вода,,,"казынты суу колодезная вода; 3) ископаемое; то, что выкопано; јердеҥ чыккан казынтылар то, что выкопано из земли; ♦ казынты суу колодезная вода"
5703,1,"кайда база где уж, где там",кайда база где уж где там,,,"кайда база где уж, где там"
5707,1,кайдаар да болзо куда бы то ни было,кайдаар да болзо куда бы то ни было,,,кайдаар да болзо куда бы то ни было
5722,1,кайдаҥ,кайдаҥ,,,"кайдаҥ кӧрӧр, кайдаҥ билер как знать, разве узнаешь"
5722,2,"кӧрӧр, кайдаҥ билер как знать, разве узна-",кӧрӧр кайдаҥ билер как знать разве узна,,,"кайдаҥ кӧрӧр, кайдаҥ билер как знать, разве узнаешь"
5722,3,ешь,ешь,,,"кайдаҥ кӧрӧр, кайдаҥ билер как знать, разве узнаешь"
5725,1,кайдаҥ да болзо откуда бы,кайдаҥ да болзо откуда бы,,,кайдаҥ да болзо откуда бы то ни было
5725,2,то ни было,то ни было,,,кайдаҥ да болзо откуда бы то ни было
5733,1,кайдӧӧн-кайдӧӧн,кайдӧӧнкайдӧӧн,,,"кайдӧӧн-кайдӧӧн куда-нибудь, куда-либо"
5733,2,"куда-нибудь, куда-либо",куданибудь кудалибо,,,"кайдӧӧн-кайдӧӧн куда-нибудь, куда-либо"
5742,1,кижи кай-,кижи кай,,,"кижи кайкаар удивительный, удивительно; кайкаар неме јок ничего удивительного"
5742,2,"каар удивительный, удивительно",каар удивительный удивительно,,,"кижи кайкаар удивительный, удивительно; кайкаар неме јок ничего удивительного"
5742,3,кайкаар,кайкаар,,,"кижи кайкаар удивительный, удивительно; кайкаар неме јок ничего удивительного"
5742,4,неме јок ничего удивительного,неме јок ничего удивительного,,,"кижи кайкаар удивительный, удивительно; кайкаар неме јок ничего удивительного"
5746,1,кайкал јок ничего уди-,кайкал јок ничего уди,,,кайкал јок ничего удивительного
5746,2,вительного,вительного,,,кайкал јок ничего удивительного
5780,1,Каймакту калбак оо-,каймакту калбак оо,,,"Каймакту калбак ооско јымжак кирер (Погов.) Не подмажешь, не подъедешь (букв. ложка со сметаной входит в рот мягко)"
5780,2,"ско јымжак кирер (Погов.) Не подмажешь,",ско јымжак кирер погов не подмажешь,,,"Каймакту калбак ооско јымжак кирер (Погов.) Не подмажешь, не подъедешь (букв. ложка со сметаной входит в рот мягко)"
5780,3,не подъедешь (букв. ложка со сметаной вхо-,не подъедешь букв ложка со сметаной вхо,,,"Каймакту калбак ооско јымжак кирер (Погов.) Не подмажешь, не подъедешь (букв. ложка со сметаной входит в рот мягко)"
5780,4,дит в рот мягко),дит в рот мягко,,,"Каймакту калбак ооско јымжак кирер (Погов.) Не подмажешь, не подъедешь (букв. ложка со сметаной входит в рот мягко)"
5791,1,каны кайнаар разгневаться,каны кайнаар разгневаться,,,каны кайнаар разгневаться; батказы кайнаар мучает изжога
5791,2,батказы кай-,батказы кай,,,каны кайнаар разгневаться; батказы кайнаар мучает изжога
5791,3,наар мучает изжога,наар мучает изжога,,,каны кайнаар разгневаться; батказы кайнаар мучает изжога
5796,1,черет кайнадар гасить,черет кайнадар гасить,,,черет кайнадар гасить известь
5796,2,известь,известь,,,черет кайнадар гасить известь
5840,1,"кайчы кулак острые,",кайчы кулак острые,,,"кайчы кулак острые, прямые уши"
5840,2,прямые уши,прямые уши,,,"кайчы кулак острые, прямые уши"
5867,1,Кайым сеге! Пусть,кайым сеге пусть,,,Кайым сеге! Пусть тебе будет пусто!
5867,2,тебе будет пусто!,тебе будет пусто,,,Кайым сеге! Пусть тебе будет пусто!
5885,1,кайыш јиир получить,кайыш јиир получить,,,кайыш јиир получить ремня
5885,2,ремня,ремня,,,кайыш јиир получить ремня
5896,1,как,как,,,как сӧӧк очень худой; как куру совершенно пустой; как эрӱӱл совершенно трезвый
5896,2,сӧӧк очень худой,сӧӧк очень худой,,,как сӧӧк очень худой; как куру совершенно пустой; как эрӱӱл совершенно трезвый
5896,3,как куру совершенно пу-,как куру совершенно пу,,,как сӧӧк очень худой; как куру совершенно пустой; как эрӱӱл совершенно трезвый
5896,4,стой,стой,,,как сӧӧк очень худой; как куру совершенно пустой; как эрӱӱл совершенно трезвый
5896,5,как эрӱӱл совершенно трезвый,как эрӱӱл совершенно трезвый,,,как сӧӧк очень худой; как куру совершенно пустой; как эрӱӱл совершенно трезвый
5898,1,как маҥдай бесстыжий,как маҥдай бесстыжий,,,как маҥдай бесстыжий
5899,1,Ка-,ка,,,Какай јыл год Свиньи
5899,2,кай јыл год Свиньи,кай јыл год свиньи,,,Какай јыл год Свиньи
5902,1,какпак таш нависшая,какпак таш нависшая,,,"какпак таш нависшая скала, нависший камень; кӧс какпагы веко; кӧзнӧктиҥ какпагы ставень окна"
5902,2,"скала, нависший камень",скала нависший камень,,,"какпак таш нависшая скала, нависший камень; кӧс какпагы веко; кӧзнӧктиҥ какпагы ставень окна"
5902,3,кӧс какпагы веко,кӧс какпагы веко,,,"какпак таш нависшая скала, нависший камень; кӧс какпагы веко; кӧзнӧктиҥ какпагы ставень окна"
5902,4,кӧзнӧктиҥ какпагы ставень окна,кӧзнӧктиҥ какпагы ставень окна,,,"какпак таш нависшая скала, нависший камень; кӧс какпагы веко; кӧзнӧктиҥ какпагы ставень окна"
5911,1,карманы какталар быть пусто в кар-,карманы какталар быть пусто в кар,,,карманы какталар быть пусто в кармане
5911,2,мане,мане,,,карманы какталар быть пусто в кармане
5942,1,"кал-тенек безмозглый человек, без",калтенек безмозглый человек без,,,"кал-тенек безмозглый человек, без царя в голове"
5942,2,царя в голове,царя в голове,,,"кал-тенек безмозглый человек, без царя в голове"
5945,1,арт-,арт,,,"арткан-калганы остатки; тоҥ калды хотя бы; јӱк каларда в конце концов, хотя бы"
5945,2,кан-калганы остатки,канкалганы остатки,,,"арткан-калганы остатки; тоҥ калды хотя бы; јӱк каларда в конце концов, хотя бы"
5945,3,тоҥ калды хотя бы,тоҥ калды хотя бы,,,"арткан-калганы остатки; тоҥ калды хотя бы; јӱк каларда в конце концов, хотя бы"
5945,4,"јӱк каларда в конце концов, хотя бы",јӱк каларда в конце концов хотя бы,,,"арткан-калганы остатки; тоҥ калды хотя бы; јӱк каларда в конце концов, хотя бы"
5965,1,Каткы бажы,каткы бажы,калак (Посл.),,Каткы бажы — калак (Посл.)
5970,1,Калак,калак,,,"Калак ла дезеҥ база! Ну, надо же, а!; Калак сени!"
5970,2,"ла дезеҥ база! Ну, надо же, а!",ла дезеҥ база ну надо же а,,,"Калак ла дезеҥ база! Ну, надо же, а!; Калак сени!"
5970,3,Калак сени!,калак сени,,,"Калак ла дезеҥ база! Ну, надо же, а!; Калак сени!"
6050,1,Борсык калјанын бо-,борсык калјанын бо,,,Борсык калјанын бодонбос (Погов.) В своём глазу бревна не замечает (букв. Барсук не замечает свою плешь)
6050,2,донбос (Погов.) В своём глазу бревна не заме-,донбос погов в своём глазу бревна не заме,,,Борсык калјанын бодонбос (Погов.) В своём глазу бревна не замечает (букв. Барсук не замечает свою плешь)
6050,3,чает (букв. Барсук не замечает свою плешь),чает букв барсук не замечает свою плешь,,,Борсык калјанын бодонбос (Погов.) В своём глазу бревна не замечает (букв. Барсук не замечает свою плешь)
6087,1,калтырак оору мед. маля-,калтырак оору мед маля,,,"калтырак оору мед. малярия, лихорадка"
6087,2,"рия, лихорадка",рия лихорадка,,,"калтырак оору мед. малярия, лихорадка"
6107,1,"калыҥ маҥдай бессовестный, бесстыжий",калыҥ маҥдай бессовестный бесстыжий,,,"калыҥ маҥдай бессовестный, бесстыжий; калыҥ карманду (карманы калыҥ) богатый, с деньгами"
6107,2,калыҥ карманду (карманы калыҥ) бога-,калыҥ карманду карманы калыҥ бога,,,"калыҥ маҥдай бессовестный, бесстыжий; калыҥ карманду (карманы калыҥ) богатый, с деньгами"
6107,3,"тый, с деньгами",тый с деньгами,,,"калыҥ маҥдай бессовестный, бесстыжий; калыҥ карманду (карманы калыҥ) богатый, с деньгами"
6109,1,карманы,карманы,,,карманы калыҥжыыр обзаводиться деньгами
6109,2,калыҥжыыр обзаводиться деньгами,калыҥжыыр обзаводиться деньгами,,,карманы калыҥжыыр обзаводиться деньгами
6137,1,грам. камаанду сӧс,грам камаанду сӧс,,,грам. камаанду сӧс грам. зависимое слово; колболу камаанду эрмек грам. сложноподчиненное предложение
6137,2,грам. зависимое слово,грам зависимое слово,,,грам. камаанду сӧс грам. зависимое слово; колболу камаанду эрмек грам. сложноподчиненное предложение
6137,3,колболу камаанду,колболу камаанду,,,грам. камаанду сӧс грам. зависимое слово; колболу камаанду эрмек грам. сложноподчиненное предложение
6137,4,эрмек грам. сложноподчиненное предложе-,эрмек грам сложноподчиненное предложе,,,грам. камаанду сӧс грам. зависимое слово; колболу камаанду эрмек грам. сложноподчиненное предложение
6137,5,ние,ние,,,грам. камаанду сӧс грам. зависимое слово; колболу камаанду эрмек грам. сложноподчиненное предложение
6144,1,сууда камдудый,сууда камдудый,,,"сууда камдудый скользкий, ловкий, увёртливый (о человеке)"
6144,2,"скользкий, ловкий, увёртливый (о человеке)",скользкий ловкий увёртливый о человеке,,,"сууда камдудый скользкий, ловкий, увёртливый (о человеке)"
6145,1,кам-,кам,,,"камчылу ат ленивая лошадь; камчы jаны правая сторона коня (плётку держат в правой руке и погоняют коня по правому боку; с правой стороны на лошадь не садятся); Јорго ло бар болзо, камчы табылар эмей (Посл.)"
6145,2,чылу ат ленивая лошадь,чылу ат ленивая лошадь,,,"камчылу ат ленивая лошадь; камчы jаны правая сторона коня (плётку держат в правой руке и погоняют коня по правому боку; с правой стороны на лошадь не садятся); Јорго ло бар болзо, камчы табылар эмей (Посл.)"
6145,3,камчы jаны пра-,камчы jаны пра,,,"камчылу ат ленивая лошадь; камчы jаны правая сторона коня (плётку держат в правой руке и погоняют коня по правому боку; с правой стороны на лошадь не садятся); Јорго ло бар болзо, камчы табылар эмей (Посл.)"
6145,4,вая сторона коня (плётку держат в правой,вая сторона коня плётку держат в правой,,,"камчылу ат ленивая лошадь; камчы jаны правая сторона коня (плётку держат в правой руке и погоняют коня по правому боку; с правой стороны на лошадь не садятся); Јорго ло бар болзо, камчы табылар эмей (Посл.)"
6145,5,руке и погоняют коня по правому боку,руке и погоняют коня по правому боку,,,"камчылу ат ленивая лошадь; камчы jаны правая сторона коня (плётку держат в правой руке и погоняют коня по правому боку; с правой стороны на лошадь не садятся); Јорго ло бар болзо, камчы табылар эмей (Посл.)"
6145,6,с пра-,с пра,,,"камчылу ат ленивая лошадь; камчы jаны правая сторона коня (плётку держат в правой руке и погоняют коня по правому боку; с правой стороны на лошадь не садятся); Јорго ло бар болзо, камчы табылар эмей (Посл.)"
6145,7,вой стороны на лошадь не садятся),вой стороны на лошадь не садятся,,,"камчылу ат ленивая лошадь; камчы jаны правая сторона коня (плётку держат в правой руке и погоняют коня по правому боку; с правой стороны на лошадь не садятся); Јорго ло бар болзо, камчы табылар эмей (Посл.)"
6145,8,Јорго,јорго,,,"камчылу ат ленивая лошадь; камчы jаны правая сторона коня (плётку держат в правой руке и погоняют коня по правому боку; с правой стороны на лошадь не садятся); Јорго ло бар болзо, камчы табылар эмей (Посл.)"
6145,9,"ло бар болзо, камчы табылар эмей (Посл.)",ло бар болзо камчы табылар эмей посл,,,"камчылу ат ленивая лошадь; камчы jаны правая сторона коня (плётку держат в правой руке и погоняют коня по правому боку; с правой стороны на лошадь не садятся); Јорго ло бар болзо, камчы табылар эмей (Посл.)"
6153,1,ал-камык множество,алкамык множество,,,ал-камык множество
6161,1,улу кан арте-,улу кан арте,,,"улу кан артерия; каны jаҥыс родной по крови, родственный; каны башка чужой; каны тӧгӱлер умирать; канын тӧгӧр проливать чью-либо кровь; убивать; канын ичер мучить, притеснять; каным куурыыр злиться; канын куурыдар злить; кара каны кайнаар сердиться, взбелениться"
6161,2,рия,рия,,,"улу кан артерия; каны jаҥыс родной по крови, родственный; каны башка чужой; каны тӧгӱлер умирать; канын тӧгӧр проливать чью-либо кровь; убивать; канын ичер мучить, притеснять; каным куурыыр злиться; канын куурыдар злить; кара каны кайнаар сердиться, взбелениться"
6161,3,"каны jаҥыс родной по крови, родствен-",каны jаҥыс родной по крови родствен,,,"улу кан артерия; каны jаҥыс родной по крови, родственный; каны башка чужой; каны тӧгӱлер умирать; канын тӧгӧр проливать чью-либо кровь; убивать; канын ичер мучить, притеснять; каным куурыыр злиться; канын куурыдар злить; кара каны кайнаар сердиться, взбелениться"
6161,4,ный,ный,,,"улу кан артерия; каны jаҥыс родной по крови, родственный; каны башка чужой; каны тӧгӱлер умирать; канын тӧгӧр проливать чью-либо кровь; убивать; канын ичер мучить, притеснять; каным куурыыр злиться; канын куурыдар злить; кара каны кайнаар сердиться, взбелениться"
6161,5,каны башка чужой,каны башка чужой,,,"улу кан артерия; каны jаҥыс родной по крови, родственный; каны башка чужой; каны тӧгӱлер умирать; канын тӧгӧр проливать чью-либо кровь; убивать; канын ичер мучить, притеснять; каным куурыыр злиться; канын куурыдар злить; кара каны кайнаар сердиться, взбелениться"
6161,6,каны тӧгӱлер,каны тӧгӱлер,,,"улу кан артерия; каны jаҥыс родной по крови, родственный; каны башка чужой; каны тӧгӱлер умирать; канын тӧгӧр проливать чью-либо кровь; убивать; канын ичер мучить, притеснять; каным куурыыр злиться; канын куурыдар злить; кара каны кайнаар сердиться, взбелениться"
6161,7,умирать,умирать,,,"улу кан артерия; каны jаҥыс родной по крови, родственный; каны башка чужой; каны тӧгӱлер умирать; канын тӧгӧр проливать чью-либо кровь; убивать; канын ичер мучить, притеснять; каным куурыыр злиться; канын куурыдар злить; кара каны кайнаар сердиться, взбелениться"
6161,8,канын тӧгӧр проливать чью-либо,канын тӧгӧр проливать чьюлибо,,,"улу кан артерия; каны jаҥыс родной по крови, родственный; каны башка чужой; каны тӧгӱлер умирать; канын тӧгӧр проливать чью-либо кровь; убивать; канын ичер мучить, притеснять; каным куурыыр злиться; канын куурыдар злить; кара каны кайнаар сердиться, взбелениться"
6161,9,кровь,кровь,,,"улу кан артерия; каны jаҥыс родной по крови, родственный; каны башка чужой; каны тӧгӱлер умирать; канын тӧгӧр проливать чью-либо кровь; убивать; канын ичер мучить, притеснять; каным куурыыр злиться; канын куурыдар злить; кара каны кайнаар сердиться, взбелениться"
6161,10,убивать,убивать,,,"улу кан артерия; каны jаҥыс родной по крови, родственный; каны башка чужой; каны тӧгӱлер умирать; канын тӧгӧр проливать чью-либо кровь; убивать; канын ичер мучить, притеснять; каным куурыыр злиться; канын куурыдар злить; кара каны кайнаар сердиться, взбелениться"
6161,11,"канын ичер мучить, притес-",канын ичер мучить притес,,,"улу кан артерия; каны jаҥыс родной по крови, родственный; каны башка чужой; каны тӧгӱлер умирать; канын тӧгӧр проливать чью-либо кровь; убивать; канын ичер мучить, притеснять; каным куурыыр злиться; канын куурыдар злить; кара каны кайнаар сердиться, взбелениться"
6161,12,нять,нять,,,"улу кан артерия; каны jаҥыс родной по крови, родственный; каны башка чужой; каны тӧгӱлер умирать; канын тӧгӧр проливать чью-либо кровь; убивать; канын ичер мучить, притеснять; каным куурыыр злиться; канын куурыдар злить; кара каны кайнаар сердиться, взбелениться"
6161,13,каным куурыыр злиться,каным куурыыр злиться,,,"улу кан артерия; каны jаҥыс родной по крови, родственный; каны башка чужой; каны тӧгӱлер умирать; канын тӧгӧр проливать чью-либо кровь; убивать; канын ичер мучить, притеснять; каным куурыыр злиться; канын куурыдар злить; кара каны кайнаар сердиться, взбелениться"
6161,14,канын куу-,канын куу,,,"улу кан артерия; каны jаҥыс родной по крови, родственный; каны башка чужой; каны тӧгӱлер умирать; канын тӧгӧр проливать чью-либо кровь; убивать; канын ичер мучить, притеснять; каным куурыыр злиться; канын куурыдар злить; кара каны кайнаар сердиться, взбелениться"
6161,15,рыдар злить,рыдар злить,,,"улу кан артерия; каны jаҥыс родной по крови, родственный; каны башка чужой; каны тӧгӱлер умирать; канын тӧгӧр проливать чью-либо кровь; убивать; канын ичер мучить, притеснять; каным куурыыр злиться; канын куурыдар злить; кара каны кайнаар сердиться, взбелениться"
6161,16,"кара каны кайнаар сердиться,",кара каны кайнаар сердиться,,,"улу кан артерия; каны jаҥыс родной по крови, родственный; каны башка чужой; каны тӧгӱлер умирать; канын тӧгӧр проливать чью-либо кровь; убивать; канын ичер мучить, притеснять; каным куурыыр злиться; канын куурыдар злить; кара каны кайнаар сердиться, взбелениться"
6161,17,взбелениться,взбелениться,,,"улу кан артерия; каны jаҥыс родной по крови, родственный; каны башка чужой; каны тӧгӱлер умирать; канын тӧгӧр проливать чью-либо кровь; убивать; канын ичер мучить, притеснять; каным куурыыр злиться; канын куурыдар злить; кара каны кайнаар сердиться, взбелениться"
6162,1,маказы канар получать удовольствие,маказы канар получать удовольствие,,,маказы канар получать удовольствие; ӧчи канар удовлетворять месть
6162,2,ӧчи,ӧчи,,,маказы канар получать удовольствие; ӧчи канар удовлетворять месть
6162,3,канар удовлетворять месть,канар удовлетворять месть,,,маказы канар получать удовольствие; ӧчи канар удовлетворять месть
6176,1,Канайып кал-,канайып кал,,,Канайып калды? Что с ним? (что он так долго?)
6176,2,ды? Что с ним? (что он так долго?),ды что с ним что он так долго,,,Канайып калды? Что с ним? (что он так долго?)
6181,1,канаттары,канаттары,,,"канаттары тыҥыыр окрепнуть, возмужать; канаттары биригип калар неодобр. сблизиться, стать неразлучными; канады сынар терпеть поражение, понести утрату; канадын кезип салар подрезать крылья, угомонить; канадын алдына сугуп алар сложить крылья, угомониться, успокоиться"
6181,2,"тыҥыыр окрепнуть, возмужать",тыҥыыр окрепнуть возмужать,,,"канаттары тыҥыыр окрепнуть, возмужать; канаттары биригип калар неодобр. сблизиться, стать неразлучными; канады сынар терпеть поражение, понести утрату; канадын кезип салар подрезать крылья, угомонить; канадын алдына сугуп алар сложить крылья, угомониться, успокоиться"
6181,3,канаттары,канаттары,,,"канаттары тыҥыыр окрепнуть, возмужать; канаттары биригип калар неодобр. сблизиться, стать неразлучными; канады сынар терпеть поражение, понести утрату; канадын кезип салар подрезать крылья, угомонить; канадын алдына сугуп алар сложить крылья, угомониться, успокоиться"
6181,4,"биригип калар неодобр. сблизиться, стать",биригип калар неодобр сблизиться стать,,,"канаттары тыҥыыр окрепнуть, возмужать; канаттары биригип калар неодобр. сблизиться, стать неразлучными; канады сынар терпеть поражение, понести утрату; канадын кезип салар подрезать крылья, угомонить; канадын алдына сугуп алар сложить крылья, угомониться, успокоиться"
6181,5,неразлучными,неразлучными,,,"канаттары тыҥыыр окрепнуть, возмужать; канаттары биригип калар неодобр. сблизиться, стать неразлучными; канады сынар терпеть поражение, понести утрату; канадын кезип салар подрезать крылья, угомонить; канадын алдына сугуп алар сложить крылья, угомониться, успокоиться"
6181,6,канады сынар терпеть по-,канады сынар терпеть по,,,"канаттары тыҥыыр окрепнуть, возмужать; канаттары биригип калар неодобр. сблизиться, стать неразлучными; канады сынар терпеть поражение, понести утрату; канадын кезип салар подрезать крылья, угомонить; канадын алдына сугуп алар сложить крылья, угомониться, успокоиться"
6181,7,"ражение, понести утрату",ражение понести утрату,,,"канаттары тыҥыыр окрепнуть, возмужать; канаттары биригип калар неодобр. сблизиться, стать неразлучными; канады сынар терпеть поражение, понести утрату; канадын кезип салар подрезать крылья, угомонить; канадын алдына сугуп алар сложить крылья, угомониться, успокоиться"
6181,8,канадын кезип са-,канадын кезип са,,,"канаттары тыҥыыр окрепнуть, возмужать; канаттары биригип калар неодобр. сблизиться, стать неразлучными; канады сынар терпеть поражение, понести утрату; канадын кезип салар подрезать крылья, угомонить; канадын алдына сугуп алар сложить крылья, угомониться, успокоиться"
6181,9,"лар подрезать крылья, угомонить",лар подрезать крылья угомонить,,,"канаттары тыҥыыр окрепнуть, возмужать; канаттары биригип калар неодобр. сблизиться, стать неразлучными; канады сынар терпеть поражение, понести утрату; канадын кезип салар подрезать крылья, угомонить; канадын алдына сугуп алар сложить крылья, угомониться, успокоиться"
6181,10,канадын,канадын,,,"канаттары тыҥыыр окрепнуть, возмужать; канаттары биригип калар неодобр. сблизиться, стать неразлучными; канады сынар терпеть поражение, понести утрату; канадын кезип салар подрезать крылья, угомонить; канадын алдына сугуп алар сложить крылья, угомониться, успокоиться"
6181,11,"алдына сугуп алар сложить крылья, угомо-",алдына сугуп алар сложить крылья угомо,,,"канаттары тыҥыыр окрепнуть, возмужать; канаттары биригип калар неодобр. сблизиться, стать неразлучными; канады сынар терпеть поражение, понести утрату; канадын кезип салар подрезать крылья, угомонить; канадын алдына сугуп алар сложить крылья, угомониться, успокоиться"
6181,12,"ниться, успокоиться",ниться успокоиться,,,"канаттары тыҥыыр окрепнуть, возмужать; канаттары биригип калар неодобр. сблизиться, стать неразлучными; канады сынар терпеть поражение, понести утрату; канадын кезип салар подрезать крылья, угомонить; канадын алдына сугуп алар сложить крылья, угомониться, успокоиться"
6189,1,канатту сӧстӧр крылатые,канатту сӧстӧр крылатые,,,канатту сӧстӧр крылатые слова
6189,2,слова,слова,,,канатту сӧстӧр крылатые слова
6195,1,колдоры канду руки в крови,колдоры канду руки в крови,,,"колдоры канду руки в крови; Бӧрӱ јизе де, јибезе де – оозы канду (Погов.) Без вины виноватый (букв. То ли волк съест, то ли не съест – рот у него всё равно в крови"
6195,2,Бӧрӱ јизе,бӧрӱ јизе,,,"колдоры канду руки в крови; Бӧрӱ јизе де, јибезе де – оозы канду (Погов.) Без вины виноватый (букв. То ли волк съест, то ли не съест – рот у него всё равно в крови"
6195,3,"де, јибезе де",де јибезе де,оозы канду (Погов.) Без вины,,"колдоры канду руки в крови; Бӧрӱ јизе де, јибезе де – оозы канду (Погов.) Без вины виноватый (букв. То ли волк съест, то ли не съест – рот у него всё равно в крови"
6195,4,"виноватый (букв. То ли волк съест, то ли не",виноватый букв то ли волк съест то ли не,,,"колдоры канду руки в крови; Бӧрӱ јизе де, јибезе де – оозы канду (Погов.) Без вины виноватый (букв. То ли волк съест, то ли не съест – рот у него всё равно в крови"
6195,5,съест,съест,рот у него всё равно в крови,,"колдоры канду руки в крови; Бӧрӱ јизе де, јибезе де – оозы канду (Погов.) Без вины виноватый (букв. То ли волк съест, то ли не съест – рот у него всё равно в крови"
6203,1,кандый,кандый,,,кандый ла болбой всякое может быть
6203,2,ла болбой всякое может быть,ла болбой всякое может быть,,,кандый ла болбой всякое может быть
6229,1,бир канча не-,бир канча не,,,"бир канча несколько; канча-канча 1) несколько; 2) много, множество; канча катап сколько раз, много раз; канча кире сколько"
6229,2,сколько,сколько,,,"бир канча несколько; канча-канча 1) несколько; 2) много, множество; канча катап сколько раз, много раз; канча кире сколько"
6229,3,канча-канча 1) несколько,канчаканча 1 несколько,,,"бир канча несколько; канча-канча 1) несколько; 2) много, множество; канча катап сколько раз, много раз; канча кире сколько"
6229,4,"2) много,",2 много,,,"бир канча несколько; канча-канча 1) несколько; 2) много, множество; канча катап сколько раз, много раз; канча кире сколько"
6229,5,множество,множество,,,"бир канча несколько; канча-канча 1) несколько; 2) много, множество; канча катап сколько раз, много раз; канча кире сколько"
6229,6,"канча катап сколько раз, много",канча катап сколько раз много,,,"бир канча несколько; канча-канча 1) несколько; 2) много, множество; канча катап сколько раз, много раз; канча кире сколько"
6229,7,раз,раз,,,"бир канча несколько; канча-канча 1) несколько; 2) много, множество; канча катап сколько раз, много раз; канча кире сколько"
6229,8,канча кире сколько,канча кире сколько,,,"бир канча несколько; канча-канча 1) несколько; 2) много, множество; канча катап сколько раз, много раз; канча кире сколько"
6244,1,Каныккан кулактыҥ,каныккан кулактыҥ,,,Каныккан кулактыҥ маказы канбайт (Погов.) Его ничем не удивишь (букв. Привыкшее ухо наслаждения не получает)
6244,2,маказы канбайт (Погов.) Его ничем не уди-,маказы канбайт погов его ничем не уди,,,Каныккан кулактыҥ маказы канбайт (Погов.) Его ничем не удивишь (букв. Привыкшее ухо наслаждения не получает)
6244,3,вишь (букв. Привыкшее ухо наслаждения не,вишь букв привыкшее ухо наслаждения не,,,Каныккан кулактыҥ маказы канбайт (Погов.) Его ничем не удивишь (букв. Привыкшее ухо наслаждения не получает)
6244,4,получает),получает,,,Каныккан кулактыҥ маказы канбайт (Погов.) Его ничем не удивишь (букв. Привыкшее ухо наслаждения не получает)
6301,1,јӱректиҥ кабы анат. сер-,јӱректиҥ кабы анат сер,,,"јӱректиҥ кабы анат. сердечная сумка; акчаныҥ кабы мот, транжира; курсактыҥ кабы обжора; аракыныҥ кабы пьяница"
6301,2,дечная сумка,дечная сумка,,,"јӱректиҥ кабы анат. сердечная сумка; акчаныҥ кабы мот, транжира; курсактыҥ кабы обжора; аракыныҥ кабы пьяница"
6301,3,"акчаныҥ кабы мот, транжира",акчаныҥ кабы мот транжира,,,"јӱректиҥ кабы анат. сердечная сумка; акчаныҥ кабы мот, транжира; курсактыҥ кабы обжора; аракыныҥ кабы пьяница"
6301,4,курсактыҥ кабы обжора,курсактыҥ кабы обжора,,,"јӱректиҥ кабы анат. сердечная сумка; акчаныҥ кабы мот, транжира; курсактыҥ кабы обжора; аракыныҥ кабы пьяница"
6301,5,аракыныҥ кабы,аракыныҥ кабы,,,"јӱректиҥ кабы анат. сердечная сумка; акчаныҥ кабы мот, транжира; курсактыҥ кабы обжора; аракыныҥ кабы пьяница"
6301,6,пьяница,пьяница,,,"јӱректиҥ кабы анат. сердечная сумка; акчаныҥ кабы мот, транжира; курсактыҥ кабы обжора; аракыныҥ кабы пьяница"
6303,1,Јаман ийт аркадаҥ кабар (Погов.),јаман ийт аркадаҥ кабар погов,,,Јаман ийт аркадаҥ кабар (Погов.)
6305,1,кап-,кап,,,капкаш балу проказа
6305,2,каш балу проказа,каш балу проказа,,,капкаш балу проказа
6308,1,"Байдыҥ кӧзи ач,",байдыҥ кӧзи ач,,,"Байдыҥ кӧзи ач, колы капкыр (Посл.) У богача глаза жадные, руки цепкие"
6308,2,колы капкыр (Посл.) У богача глаза жад-,колы капкыр посл у богача глаза жад,,,"Байдыҥ кӧзи ач, колы капкыр (Посл.) У богача глаза жадные, руки цепкие"
6308,3,"ные, руки цепкие",ные руки цепкие,,,"Байдыҥ кӧзи ач, колы капкыр (Посл.) У богача глаза жадные, руки цепкие"
6311,1,капсай в обхват,капсай в обхват,,,капсай в обхват
6350,1,астр.,астр,,,астр.
6357,1,Кара та-,кара та,,,"Кара талай Чёрное море; кара агаш темное дерево (сосна, ель); тырмактыҥ каразынча очень мало (букв. с черноту под ногтем); кара сананар желать зла; кара тери чачылар (кара терге тӱжер) обливаться потом; кара калаш јип отурар сидеть только на хлебе и воде, терпеть нужду; кара тӱнге тӱжер быть без настроения, впадать в печаль; кара кебин тартынар мрачнеть"
6357,2,лай Чёрное море,лай чёрное море,,,"Кара талай Чёрное море; кара агаш темное дерево (сосна, ель); тырмактыҥ каразынча очень мало (букв. с черноту под ногтем); кара сананар желать зла; кара тери чачылар (кара терге тӱжер) обливаться потом; кара калаш јип отурар сидеть только на хлебе и воде, терпеть нужду; кара тӱнге тӱжер быть без настроения, впадать в печаль; кара кебин тартынар мрачнеть"
6357,3,кара агаш темное дерево,кара агаш темное дерево,,,"Кара талай Чёрное море; кара агаш темное дерево (сосна, ель); тырмактыҥ каразынча очень мало (букв. с черноту под ногтем); кара сананар желать зла; кара тери чачылар (кара терге тӱжер) обливаться потом; кара калаш јип отурар сидеть только на хлебе и воде, терпеть нужду; кара тӱнге тӱжер быть без настроения, впадать в печаль; кара кебин тартынар мрачнеть"
6357,4,"(сосна, ель)",сосна ель,,,"Кара талай Чёрное море; кара агаш темное дерево (сосна, ель); тырмактыҥ каразынча очень мало (букв. с черноту под ногтем); кара сананар желать зла; кара тери чачылар (кара терге тӱжер) обливаться потом; кара калаш јип отурар сидеть только на хлебе и воде, терпеть нужду; кара тӱнге тӱжер быть без настроения, впадать в печаль; кара кебин тартынар мрачнеть"
6357,5,тырмактыҥ каразынча очень,тырмактыҥ каразынча очень,,,"Кара талай Чёрное море; кара агаш темное дерево (сосна, ель); тырмактыҥ каразынча очень мало (букв. с черноту под ногтем); кара сананар желать зла; кара тери чачылар (кара терге тӱжер) обливаться потом; кара калаш јип отурар сидеть только на хлебе и воде, терпеть нужду; кара тӱнге тӱжер быть без настроения, впадать в печаль; кара кебин тартынар мрачнеть"
6357,6,мало (букв. с черноту под ногтем),мало букв с черноту под ногтем,,,"Кара талай Чёрное море; кара агаш темное дерево (сосна, ель); тырмактыҥ каразынча очень мало (букв. с черноту под ногтем); кара сананар желать зла; кара тери чачылар (кара терге тӱжер) обливаться потом; кара калаш јип отурар сидеть только на хлебе и воде, терпеть нужду; кара тӱнге тӱжер быть без настроения, впадать в печаль; кара кебин тартынар мрачнеть"
6357,7,кара са-,кара са,,,"Кара талай Чёрное море; кара агаш темное дерево (сосна, ель); тырмактыҥ каразынча очень мало (букв. с черноту под ногтем); кара сананар желать зла; кара тери чачылар (кара терге тӱжер) обливаться потом; кара калаш јип отурар сидеть только на хлебе и воде, терпеть нужду; кара тӱнге тӱжер быть без настроения, впадать в печаль; кара кебин тартынар мрачнеть"
6357,8,нанар желать зла,нанар желать зла,,,"Кара талай Чёрное море; кара агаш темное дерево (сосна, ель); тырмактыҥ каразынча очень мало (букв. с черноту под ногтем); кара сананар желать зла; кара тери чачылар (кара терге тӱжер) обливаться потом; кара калаш јип отурар сидеть только на хлебе и воде, терпеть нужду; кара тӱнге тӱжер быть без настроения, впадать в печаль; кара кебин тартынар мрачнеть"
6357,9,кара тери чачылар (кара,кара тери чачылар кара,,,"Кара талай Чёрное море; кара агаш темное дерево (сосна, ель); тырмактыҥ каразынча очень мало (букв. с черноту под ногтем); кара сананар желать зла; кара тери чачылар (кара терге тӱжер) обливаться потом; кара калаш јип отурар сидеть только на хлебе и воде, терпеть нужду; кара тӱнге тӱжер быть без настроения, впадать в печаль; кара кебин тартынар мрачнеть"
6357,10,терге тӱжер) обливаться потом,терге тӱжер обливаться потом,,,"Кара талай Чёрное море; кара агаш темное дерево (сосна, ель); тырмактыҥ каразынча очень мало (букв. с черноту под ногтем); кара сананар желать зла; кара тери чачылар (кара терге тӱжер) обливаться потом; кара калаш јип отурар сидеть только на хлебе и воде, терпеть нужду; кара тӱнге тӱжер быть без настроения, впадать в печаль; кара кебин тартынар мрачнеть"
6357,11,кара калаш,кара калаш,,,"Кара талай Чёрное море; кара агаш темное дерево (сосна, ель); тырмактыҥ каразынча очень мало (букв. с черноту под ногтем); кара сананар желать зла; кара тери чачылар (кара терге тӱжер) обливаться потом; кара калаш јип отурар сидеть только на хлебе и воде, терпеть нужду; кара тӱнге тӱжер быть без настроения, впадать в печаль; кара кебин тартынар мрачнеть"
6357,12,"јип отурар сидеть только на хлебе и воде,",јип отурар сидеть только на хлебе и воде,,,"Кара талай Чёрное море; кара агаш темное дерево (сосна, ель); тырмактыҥ каразынча очень мало (букв. с черноту под ногтем); кара сананар желать зла; кара тери чачылар (кара терге тӱжер) обливаться потом; кара калаш јип отурар сидеть только на хлебе и воде, терпеть нужду; кара тӱнге тӱжер быть без настроения, впадать в печаль; кара кебин тартынар мрачнеть"
6357,13,терпеть нужду,терпеть нужду,,,"Кара талай Чёрное море; кара агаш темное дерево (сосна, ель); тырмактыҥ каразынча очень мало (букв. с черноту под ногтем); кара сананар желать зла; кара тери чачылар (кара терге тӱжер) обливаться потом; кара калаш јип отурар сидеть только на хлебе и воде, терпеть нужду; кара тӱнге тӱжер быть без настроения, впадать в печаль; кара кебин тартынар мрачнеть"
6357,14,кара тӱнге тӱжер быть без,кара тӱнге тӱжер быть без,,,"Кара талай Чёрное море; кара агаш темное дерево (сосна, ель); тырмактыҥ каразынча очень мало (букв. с черноту под ногтем); кара сананар желать зла; кара тери чачылар (кара терге тӱжер) обливаться потом; кара калаш јип отурар сидеть только на хлебе и воде, терпеть нужду; кара тӱнге тӱжер быть без настроения, впадать в печаль; кара кебин тартынар мрачнеть"
6357,15,"настроения, впадать в печаль",настроения впадать в печаль,,,"Кара талай Чёрное море; кара агаш темное дерево (сосна, ель); тырмактыҥ каразынча очень мало (букв. с черноту под ногтем); кара сананар желать зла; кара тери чачылар (кара терге тӱжер) обливаться потом; кара калаш јип отурар сидеть только на хлебе и воде, терпеть нужду; кара тӱнге тӱжер быть без настроения, впадать в печаль; кара кебин тартынар мрачнеть"
6357,16,кара кебин,кара кебин,,,"Кара талай Чёрное море; кара агаш темное дерево (сосна, ель); тырмактыҥ каразынча очень мало (букв. с черноту под ногтем); кара сананар желать зла; кара тери чачылар (кара терге тӱжер) обливаться потом; кара калаш јип отурар сидеть только на хлебе и воде, терпеть нужду; кара тӱнге тӱжер быть без настроения, впадать в печаль; кара кебин тартынар мрачнеть"
6357,17,тартынар мрачнеть,тартынар мрачнеть,,,"Кара талай Чёрное море; кара агаш темное дерево (сосна, ель); тырмактыҥ каразынча очень мало (букв. с черноту под ногтем); кара сананар желать зла; кара тери чачылар (кара терге тӱжер) обливаться потом; кара калаш јип отурар сидеть только на хлебе и воде, терпеть нужду; кара тӱнге тӱжер быть без настроения, впадать в печаль; кара кебин тартынар мрачнеть"
6425,1,Эки карамчыныҥ колы,эки карамчыныҥ колы,,,Эки карамчыныҥ колы једишпес (Посл.) У двоих скупцов руки не дотянутся друг до друга
6425,2,једишпес (Посл.) У двоих скупцов руки не,једишпес посл у двоих скупцов руки не,,,Эки карамчыныҥ колы једишпес (Посл.) У двоих скупцов руки не дотянутся друг до друга
6425,3,дотянутся друг до друга,дотянутся друг до друга,,,Эки карамчыныҥ колы једишпес (Посл.) У двоих скупцов руки не дотянутся друг до друга
6431,1,каран бастыгар,каран бастыгар,,,"каран бастыгар (каран бастырар, каранга бастырар) видеть кошмарный сон; караны кадар зло берёт; Карамдаганы каран барар (Погов.) То, чем поскупились, зря пропадёт"
6431,2,"(каран бастырар, каранга бастырар) ви-",каран бастырар каранга бастырар ви,,,"каран бастыгар (каран бастырар, каранга бастырар) видеть кошмарный сон; караны кадар зло берёт; Карамдаганы каран барар (Погов.) То, чем поскупились, зря пропадёт"
6431,3,деть кошмарный сон,деть кошмарный сон,,,"каран бастыгар (каран бастырар, каранга бастырар) видеть кошмарный сон; караны кадар зло берёт; Карамдаганы каран барар (Погов.) То, чем поскупились, зря пропадёт"
6431,4,караны кадар зло бе-,караны кадар зло бе,,,"каран бастыгар (каран бастырар, каранга бастырар) видеть кошмарный сон; караны кадар зло берёт; Карамдаганы каран барар (Погов.) То, чем поскупились, зря пропадёт"
6431,5,рёт,рёт,,,"каран бастыгар (каран бастырар, каранга бастырар) видеть кошмарный сон; караны кадар зло берёт; Карамдаганы каран барар (Погов.) То, чем поскупились, зря пропадёт"
6431,6,"Карамдаганы каран барар (Погов.) То,",карамдаганы каран барар погов то,,,"каран бастыгар (каран бастырар, каранга бастырар) видеть кошмарный сон; караны кадар зло берёт; Карамдаганы каран барар (Погов.) То, чем поскупились, зря пропадёт"
6431,7,"чем поскупились, зря пропадёт",чем поскупились зря пропадёт,,,"каран бастыгар (каран бастырар, каранга бастырар) видеть кошмарный сон; караны кадар зло берёт; Карамдаганы каран барар (Погов.) То, чем поскупились, зря пропадёт"
6445,1,санаазы,санаазы,,,санаазы караҥуйлаар 1) кружиться (о голове); 2) чаливаться; 3) испытывать страх
6445,2,караҥуйлаар 1) кружиться (о голове),караҥуйлаар 1 кружиться о голове,,,санаазы караҥуйлаар 1) кружиться (о голове); 2) чаливаться; 3) испытывать страх
6445,3,2),2,,,санаазы караҥуйлаар 1) кружиться (о голове); 2) чаливаться; 3) испытывать страх
6445,4,чаливаться,чаливаться,,,санаазы караҥуйлаар 1) кружиться (о голове); 2) чаливаться; 3) испытывать страх
6445,5,3) испытывать страх,3 испытывать страх,,,санаазы караҥуйлаар 1) кружиться (о голове); 2) чаливаться; 3) испытывать страх
6447,1,санаазы караҥуйланар голова закружи-,санаазы караҥуйланар голова закружи,,,санаазы караҥуйланар голова закружилась
6447,2,лась,лась,,,санаазы караҥуйланар голова закружилась
6453,1,ӧзӧк-бууры карарар проголодаться,ӧзӧкбууры карарар проголодаться,,,"ӧзӧк-бууры карарар проголодаться; кара бууры тӱгенер измучиться, вымотаться восночь, КАРАРТпонуд. от карарчернить; тере карартар чернить овчину; ♦ Алтынды канча да кире карартсаҥ, кара болбос (Посл.)"
6453,2,кара,кара,,,"ӧзӧк-бууры карарар проголодаться; кара бууры тӱгенер измучиться, вымотаться восночь, КАРАРТпонуд. от карарчернить; тере карартар чернить овчину; ♦ Алтынды канча да кире карартсаҥ, кара болбос (Посл.)"
6453,3,"бууры тӱгенер измучиться, вымотаться",бууры тӱгенер измучиться вымотаться,,,"ӧзӧк-бууры карарар проголодаться; кара бууры тӱгенер измучиться, вымотаться восночь, КАРАРТпонуд. от карарчернить; тере карартар чернить овчину; ♦ Алтынды канча да кире карартсаҥ, кара болбос (Посл.)"
6453,4,вос-,вос,,,"ӧзӧк-бууры карарар проголодаться; кара бууры тӱгенер измучиться, вымотаться восночь, КАРАРТпонуд. от карарчернить; тере карартар чернить овчину; ♦ Алтынды канча да кире карартсаҥ, кара болбос (Посл.)"
6453,5,"ночь, КАРАРТпонуд. от карарчернить",ночь карарт понуд от карар чернить,,,"ӧзӧк-бууры карарар проголодаться; кара бууры тӱгенер измучиться, вымотаться восночь, КАРАРТпонуд. от карарчернить; тере карартар чернить овчину; ♦ Алтынды канча да кире карартсаҥ, кара болбос (Посл.)"
6453,6,тере,тере,,,"ӧзӧк-бууры карарар проголодаться; кара бууры тӱгенер измучиться, вымотаться восночь, КАРАРТпонуд. от карарчернить; тере карартар чернить овчину; ♦ Алтынды канча да кире карартсаҥ, кара болбос (Посл.)"
6453,7,карартар чернить овчину,карартар чернить овчину,,,"ӧзӧк-бууры карарар проголодаться; кара бууры тӱгенер измучиться, вымотаться восночь, КАРАРТпонуд. от карарчернить; тере карартар чернить овчину; ♦ Алтынды канча да кире карартсаҥ, кара болбос (Посл.)"
6453,8,♦ Алтынды кан-,алтынды кан,,,"ӧзӧк-бууры карарар проголодаться; кара бууры тӱгенер измучиться, вымотаться восночь, КАРАРТпонуд. от карарчернить; тере карартар чернить овчину; ♦ Алтынды канча да кире карартсаҥ, кара болбос (Посл.)"
6453,9,"ча да кире карартсаҥ, кара болбос (Посл.)",ча да кире карартсаҥ кара болбос посл,,,"ӧзӧк-бууры карарар проголодаться; кара бууры тӱгенер измучиться, вымотаться восночь, КАРАРТпонуд. от карарчернить; тере карартар чернить овчину; ♦ Алтынды канча да кире карартсаҥ, кара болбос (Посл.)"
6471,1,карачкы кып темница,карачкы кып темница,,,карачкы кып темница
6492,1,карган ада дедушка,карган ада дедушка,,,карган ада дедушка; карган эне бабушка
6492,2,карган эне бабушка,карган эне бабушка,,,карган ада дедушка; карган эне бабушка
6513,1,"Кармай алзаҥ, кулагыҥ, кайа",кармай алзаҥ кулагыҥ кайа,,,"Кармай алзаҥ, кулагыҥ, кайа кӧрзӧҥ, кӧлӧткӧҥ (Посл.) Один как перст (букв. Схватишь себя — лишь уши твои, оглянешься — лишь тень твоя)"
6513,2,"кӧрзӧҥ, кӧлӧткӧҥ (Посл.) Один как перст",кӧрзӧҥ кӧлӧткӧҥ посл один как перст,,,"Кармай алзаҥ, кулагыҥ, кайа кӧрзӧҥ, кӧлӧткӧҥ (Посл.) Один как перст (букв. Схватишь себя — лишь уши твои, оглянешься — лишь тень твоя)"
6513,3,(букв. Схватишь себя,букв схватишь себя,"лишь уши твои,",,"Кармай алзаҥ, кулагыҥ, кайа кӧрзӧҥ, кӧлӧткӧҥ (Посл.) Один как перст (букв. Схватишь себя — лишь уши твои, оглянешься — лишь тень твоя)"
6513,4,оглянешься,оглянешься,лишь тень твоя),,"Кармай алзаҥ, кулагыҥ, кайа кӧрзӧҥ, кӧлӧткӧҥ (Посл.) Один как перст (букв. Схватишь себя — лишь уши твои, оглянешься — лишь тень твоя)"
6541,1,Эртенги картадаҥ,эртенги картадаҥ,,,Эртенги картадаҥ бӱгӱнги ӧкпӧ артык (Посл.) Сегодняшнее лёгкое лучше завтрашней карты
6541,2,бӱгӱнги ӧкпӧ артык (Посл.) Сегодняшнее,бӱгӱнги ӧкпӧ артык посл сегодняшнее,,,Эртенги картадаҥ бӱгӱнги ӧкпӧ артык (Посл.) Сегодняшнее лёгкое лучше завтрашней карты
6541,3,лёгкое лучше завтрашней карты,лёгкое лучше завтрашней карты,,,Эртенги картадаҥ бӱгӱнги ӧкпӧ артык (Посл.) Сегодняшнее лёгкое лучше завтрашней карты
6553,1,Кайыш нокто,кайыш нокто,,,"Кайыш нокто ӱзӱлбес, Кару сӧс ундылбас (Посл.) Сыромятный недоуздок не порвётся, Ласковое слово не забудется"
6553,2,"ӱзӱлбес, Кару сӧс ундылбас (Посл.) Сыро-",ӱзӱлбес кару сӧс ундылбас посл сыро,,,"Кайыш нокто ӱзӱлбес, Кару сӧс ундылбас (Посл.) Сыромятный недоуздок не порвётся, Ласковое слово не забудется"
6553,3,"мятный недоуздок не порвётся, Ласковое сло-",мятный недоуздок не порвётся ласковое сло,,,"Кайыш нокто ӱзӱлбес, Кару сӧс ундылбас (Посл.) Сыромятный недоуздок не порвётся, Ласковое слово не забудется"
6553,4,во не забудется,во не забудется,,,"Кайыш нокто ӱзӱлбес, Кару сӧс ундылбас (Посл.) Сыромятный недоуздок не порвётся, Ласковое слово не забудется"
6557,1,кату каруузына турар нести ответ-,кату каруузына турар нести ответ,,,кату каруузына турар нести ответственность; Јуунга келбеген улусты кату каруузына тургузар (Д. Каинчин) Не пришедших на собрание людей привлечь к строгой ответственности
6557,2,ственность,ственность,,,кату каруузына турар нести ответственность; Јуунга келбеген улусты кату каруузына тургузар (Д. Каинчин) Не пришедших на собрание людей привлечь к строгой ответственности
6557,3,Јуунга келбеген улусты кату,јуунга келбеген улусты кату,,,кату каруузына турар нести ответственность; Јуунга келбеген улусты кату каруузына тургузар (Д. Каинчин) Не пришедших на собрание людей привлечь к строгой ответственности
6557,4,каруузына тургузар (Д. Каинчин) Не при-,каруузына тургузар д каинчин не при,,,кату каруузына турар нести ответственность; Јуунга келбеген улусты кату каруузына тургузар (Д. Каинчин) Не пришедших на собрание людей привлечь к строгой ответственности
6557,5,шедших на собрание людей привлечь к стро-,шедших на собрание людей привлечь к стро,,,кату каруузына турар нести ответственность; Јуунга келбеген улусты кату каруузына тургузар (Д. Каинчин) Не пришедших на собрание людей привлечь к строгой ответственности
6557,6,гой ответственности,гой ответственности,,,кату каруузына турар нести ответственность; Јуунга келбеген улусты кату каруузына тургузар (Д. Каинчин) Не пришедших на собрание людей привлечь к строгой ответственности
6597,1,"кары јашта, кары",кары јашта кары,,,"кары јашта, кары јажында в старости; Ат карызы – согымтык, эр карызы – ӧлӱмтик (Погов.) Старая из лошадей – для забоя, старый из мужчин – для смерти"
6597,2,јажында в старости,јажында в старости,,,"кары јашта, кары јажында в старости; Ат карызы – согымтык, эр карызы – ӧлӱмтик (Погов.) Старая из лошадей – для забоя, старый из мужчин – для смерти"
6597,3,Ат карызы,ат карызы,согым-,,"кары јашта, кары јажында в старости; Ат карызы – согымтык, эр карызы – ӧлӱмтик (Погов.) Старая из лошадей – для забоя, старый из мужчин – для смерти"
6597,4,"тык, эр карызы",тык эр карызы,ӧлӱмтик (Погов.) Старая,,"кары јашта, кары јажында в старости; Ат карызы – согымтык, эр карызы – ӧлӱмтик (Погов.) Старая из лошадей – для забоя, старый из мужчин – для смерти"
6597,5,из лошадей,из лошадей,"для забоя, старый из мужчин –",,"кары јашта, кары јажында в старости; Ат карызы – согымтык, эр карызы – ӧлӱмтик (Погов.) Старая из лошадей – для забоя, старый из мужчин – для смерти"
6597,6,для смерти,для смерти,,,"кары јашта, кары јажында в старости; Ат карызы – согымтык, эр карызы – ӧлӱмтик (Погов.) Старая из лошадей – для забоя, старый из мужчин – для смерти"
6598,1,карыдаҥ,карыдаҥ,,,"карыдаҥ јӧӧгӧн келин невестка, взятая со стороны"
6598,2,"јӧӧгӧн келин невестка, взятая со стороны",јӧӧгӧн келин невестка взятая со стороны,,,"карыдаҥ јӧӧгӧн келин невестка, взятая со стороны"
6614,1,Јоктуныҥ јаҥызы ӧлӧҥгӧ карылар,јоктуныҥ јаҥызы ӧлӧҥгӧ карылар,,,"Јоктуныҥ јаҥызы ӧлӧҥгӧ карылар (Погов.) Где тонко, там и рвётся (букв. Единственное [животное] бедняка сеном подавится)"
6614,2,"(Погов.) Где тонко, там и рвётся (букв. Един-",погов где тонко там и рвётся букв един,,,"Јоктуныҥ јаҥызы ӧлӧҥгӧ карылар (Погов.) Где тонко, там и рвётся (букв. Единственное [животное] бедняка сеном подавится)"
6614,3,ственное [животное] бедняка сеном подавит-,ственное животное бедняка сеном подавит,,,"Јоктуныҥ јаҥызы ӧлӧҥгӧ карылар (Погов.) Где тонко, там и рвётся (букв. Единственное [животное] бедняка сеном подавится)"
6614,4,ся),ся,,,"Јоктуныҥ јаҥызы ӧлӧҥгӧ карылар (Погов.) Где тонко, там и рвётся (букв. Единственное [животное] бедняка сеном подавится)"
6619,1,кыпту карын сычуг,кыпту карын сычуг,,,"кыпту карын сычуг; карын јуу нутряное сало, жир; кардына кару любитель поесть пе-"
6619,2,карын јуу,карын јуу,,,"кыпту карын сычуг; карын јуу нутряное сало, жир; кардына кару любитель поесть пе-"
6619,3,"нутряное сало, жир",нутряное сало жир,,,"кыпту карын сычуг; карын јуу нутряное сало, жир; кардына кару любитель поесть пе-"
6619,4,кардына кару любитель,кардына кару любитель,,,"кыпту карын сычуг; карын јуу нутряное сало, жир; кардына кару любитель поесть пе-"
6619,5,поесть,поесть,,,"кыпту карын сычуг; карын јуу нутряное сало, жир; кардына кару любитель поесть пе-"
6619,6,пе-,пе,,,"кыпту карын сычуг; карын јуу нутряное сало, жир; кардына кару любитель поесть пе-"
6622,1,карын јиир,карын јиир,,,карын јиир брать взятку; карын берер давать взятку; Карын эдип 430 муҥ салковой берген (АЧ) В качестве взятки дал 430 тысяч рублей
6622,2,брать взятку,брать взятку,,,карын јиир брать взятку; карын берер давать взятку; Карын эдип 430 муҥ салковой берген (АЧ) В качестве взятки дал 430 тысяч рублей
6622,3,карын берер давать взятку,карын берер давать взятку,,,карын јиир брать взятку; карын берер давать взятку; Карын эдип 430 муҥ салковой берген (АЧ) В качестве взятки дал 430 тысяч рублей
6622,4,Ка-,ка,,,карын јиир брать взятку; карын берер давать взятку; Карын эдип 430 муҥ салковой берген (АЧ) В качестве взятки дал 430 тысяч рублей
6622,5,рын эдип 430 муҥ салковой берген (АЧ) В,рын эдип 430 муҥ салковой берген ач в,,,карын јиир брать взятку; карын берер давать взятку; Карын эдип 430 муҥ салковой берген (АЧ) В качестве взятки дал 430 тысяч рублей
6622,6,качестве взятки дал 430 тысяч рублей,качестве взятки дал 430 тысяч рублей,,,карын јиир брать взятку; карын берер давать взятку; Карын эдип 430 муҥ салковой берген (АЧ) В качестве взятки дал 430 тысяч рублей
6641,1,"кере карыш пядь, раздвинутая",кере карыш пядь раздвинутая,,,"кере карыш пядь, раздвинутая до отказа; мерген карыш стрелковая пядь (мера длины, равная расстоянию между концами раздвинутых большого и указательного пальцев); јаба карыш 1) очень маленький; 2) очень короткий"
6641,2,до отказа,до отказа,,,"кере карыш пядь, раздвинутая до отказа; мерген карыш стрелковая пядь (мера длины, равная расстоянию между концами раздвинутых большого и указательного пальцев); јаба карыш 1) очень маленький; 2) очень короткий"
6641,3,мерген карыш стрелковая пядь,мерген карыш стрелковая пядь,,,"кере карыш пядь, раздвинутая до отказа; мерген карыш стрелковая пядь (мера длины, равная расстоянию между концами раздвинутых большого и указательного пальцев); јаба карыш 1) очень маленький; 2) очень короткий"
6641,4,"(мера длины, равная расстоянию между кон-",мера длины равная расстоянию между кон,,,"кере карыш пядь, раздвинутая до отказа; мерген карыш стрелковая пядь (мера длины, равная расстоянию между концами раздвинутых большого и указательного пальцев); јаба карыш 1) очень маленький; 2) очень короткий"
6641,5,цами раздвинутых большого и указательного,цами раздвинутых большого и указательного,,,"кере карыш пядь, раздвинутая до отказа; мерген карыш стрелковая пядь (мера длины, равная расстоянию между концами раздвинутых большого и указательного пальцев); јаба карыш 1) очень маленький; 2) очень короткий"
6641,6,пальцев),пальцев,,,"кере карыш пядь, раздвинутая до отказа; мерген карыш стрелковая пядь (мера длины, равная расстоянию между концами раздвинутых большого и указательного пальцев); јаба карыш 1) очень маленький; 2) очень короткий"
6641,7,јаба карыш 1) очень маленький,јаба карыш 1 очень маленький,,,"кере карыш пядь, раздвинутая до отказа; мерген карыш стрелковая пядь (мера длины, равная расстоянию между концами раздвинутых большого и указательного пальцев); јаба карыш 1) очень маленький; 2) очень короткий"
6641,8,2) очень короткий,2 очень короткий,,,"кере карыш пядь, раздвинутая до отказа; мерген карыш стрелковая пядь (мера длины, равная расстоянию между концами раздвинутых большого и указательного пальцев); јаба карыш 1) очень маленький; 2) очень короткий"
6649,1,"Кижиге оро каспа, бойыҥ тӱжериҥ (По-",кижиге оро каспа бойыҥ тӱжериҥ по,,,"Кижиге оро каспа, бойыҥ тӱжериҥ (Погов.) Не рой яму другому, сам упадёшь"
6649,2,"гов.) Не рой яму другому, сам упадёшь",гов не рой яму другому сам упадёшь,,,"Кижиге оро каспа, бойыҥ тӱжериҥ (Погов.) Не рой яму другому, сам упадёшь"
6672,1,"кат учук скрученная, очень крепкая нить",кат учук скрученная очень крепкая нить,,,"кат учук скрученная, очень крепкая нить; кат-кат в несколько слоёв"
6672,2,кат-кат в несколько слоёв,каткат в несколько слоёв,,,"кат учук скрученная, очень крепкая нить; кат-кат в несколько слоёв"
6677,1,ыргайа кадар стать,ыргайа кадар стать,,,ыргайа кадар стать очень худым; кабыргазы каткалак ещё не возмужал (букв. ребра ещё не стали твёрдыми); кӧдӧнин кадырар заставлять голодать
6677,2,очень худым,очень худым,,,ыргайа кадар стать очень худым; кабыргазы каткалак ещё не возмужал (букв. ребра ещё не стали твёрдыми); кӧдӧнин кадырар заставлять голодать
6677,3,кабыргазы каткалак ещё не,кабыргазы каткалак ещё не,,,ыргайа кадар стать очень худым; кабыргазы каткалак ещё не возмужал (букв. ребра ещё не стали твёрдыми); кӧдӧнин кадырар заставлять голодать
6677,4,возмужал (букв. ребра ещё не стали твёрды-,возмужал букв ребра ещё не стали твёрды,,,ыргайа кадар стать очень худым; кабыргазы каткалак ещё не возмужал (букв. ребра ещё не стали твёрдыми); кӧдӧнин кадырар заставлять голодать
6677,5,ми),ми,,,ыргайа кадар стать очень худым; кабыргазы каткалак ещё не возмужал (букв. ребра ещё не стали твёрдыми); кӧдӧнин кадырар заставлять голодать
6677,6,кӧдӧнин кадырар заставлять голодать,кӧдӧнин кадырар заставлять голодать,,,ыргайа кадар стать очень худым; кабыргазы каткалак ещё не возмужал (букв. ребра ещё не стали твёрдыми); кӧдӧнин кадырар заставлять голодать
6705,1,катап-катап снова,катапкатап снова,,,"катап-катап снова и снова; катап ла и снова; бир катап однажды, один раз; кӧп катап многократно; канча катап сколько раз (много раз)"
6705,2,и снова,и снова,,,"катап-катап снова и снова; катап ла и снова; бир катап однажды, один раз; кӧп катап многократно; канча катап сколько раз (много раз)"
6705,3,катап ла и снова,катап ла и снова,,,"катап-катап снова и снова; катап ла и снова; бир катап однажды, один раз; кӧп катап многократно; канча катап сколько раз (много раз)"
6705,4,бир катап однаж-,бир катап однаж,,,"катап-катап снова и снова; катап ла и снова; бир катап однажды, один раз; кӧп катап многократно; канча катап сколько раз (много раз)"
6705,5,"ды, один раз",ды один раз,,,"катап-катап снова и снова; катап ла и снова; бир катап однажды, один раз; кӧп катап многократно; канча катап сколько раз (много раз)"
6705,6,кӧп катап многократно,кӧп катап многократно,,,"катап-катап снова и снова; катап ла и снова; бир катап однажды, один раз; кӧп катап многократно; канча катап сколько раз (много раз)"
6705,7,канча,канча,,,"катап-катап снова и снова; катап ла и снова; бир катап однажды, один раз; кӧп катап многократно; канча катап сколько раз (много раз)"
6705,8,катап сколько раз (много раз),катап сколько раз много раз,,,"катап-катап снова и снова; катап ла и снова; бир катап однажды, один раз; кӧп катап многократно; канча катап сколько раз (много раз)"
6707,1,катаптаарыныҥ таблицазы таблица ум-,катаптаарыныҥ таблицазы таблица ум,,,катаптаарыныҥ таблицазы таблица умножения
6707,2,ножения,ножения,,,катаптаарыныҥ таблицазы таблица умножения
6718,1,каткы эдип для смеха,каткы эдип для смеха,,,каткы эдип для смеха
6722,1,талганча каткырар сме-,талганча каткырар сме,,,талганча каткырар смеяться до изнеможения
6722,2,яться до изнеможения,яться до изнеможения,,,талганча каткырар смеяться до изнеможения
6730,1,Каткычыны,каткычыны,,,"Каткычыны эр ээчир, чычкакчыны ийт ээчир (Погов.)"
6730,2,"эр ээчир, чычкакчыны ийт ээчир (Погов.)",эр ээчир чычкакчыны ийт ээчир погов,,,"Каткычыны эр ээчир, чычкакчыны ийт ээчир (Погов.)"
6739,1,катуныҥ јери тюрьма,катуныҥ јери тюрьма,,,"катуныҥ јери тюрьма; кату баа твёрдая цена; кату кезедӱ строгое предупреждение; кату учук сухожильные нитки; кату ӧдӱк обувь из твёрдой кожи с твёрдой подошвой, с каблуками; кату кулак (кулагынаҥ кату) тугой на ухо, тугоухий, плохо слышащий; кату јорыкту ат тряская лошадь; кату базар образоваться мозоли; катуга бастырар впасть в тяжелое состояние; кату сананар принимать твёрдое решение; кату тудунар держать себя в руках, не распускать себя; Бий эжиги бийик, каан эжиги кату (Погов.) Дверь богача высока, дверь хана — крута"
6739,2,кату баа твёрдая цена,кату баа твёрдая цена,,,"катуныҥ јери тюрьма; кату баа твёрдая цена; кату кезедӱ строгое предупреждение; кату учук сухожильные нитки; кату ӧдӱк обувь из твёрдой кожи с твёрдой подошвой, с каблуками; кату кулак (кулагынаҥ кату) тугой на ухо, тугоухий, плохо слышащий; кату јорыкту ат тряская лошадь; кату базар образоваться мозоли; катуга бастырар впасть в тяжелое состояние; кату сананар принимать твёрдое решение; кату тудунар держать себя в руках, не распускать себя; Бий эжиги бийик, каан эжиги кату (Погов.) Дверь богача высока, дверь хана — крута"
6739,3,кату кезедӱ строгое,кату кезедӱ строгое,,,"катуныҥ јери тюрьма; кату баа твёрдая цена; кату кезедӱ строгое предупреждение; кату учук сухожильные нитки; кату ӧдӱк обувь из твёрдой кожи с твёрдой подошвой, с каблуками; кату кулак (кулагынаҥ кату) тугой на ухо, тугоухий, плохо слышащий; кату јорыкту ат тряская лошадь; кату базар образоваться мозоли; катуга бастырар впасть в тяжелое состояние; кату сананар принимать твёрдое решение; кату тудунар держать себя в руках, не распускать себя; Бий эжиги бийик, каан эжиги кату (Погов.) Дверь богача высока, дверь хана — крута"
6739,4,предупреждение,предупреждение,,,"катуныҥ јери тюрьма; кату баа твёрдая цена; кату кезедӱ строгое предупреждение; кату учук сухожильные нитки; кату ӧдӱк обувь из твёрдой кожи с твёрдой подошвой, с каблуками; кату кулак (кулагынаҥ кату) тугой на ухо, тугоухий, плохо слышащий; кату јорыкту ат тряская лошадь; кату базар образоваться мозоли; катуга бастырар впасть в тяжелое состояние; кату сананар принимать твёрдое решение; кату тудунар держать себя в руках, не распускать себя; Бий эжиги бийик, каан эжиги кату (Погов.) Дверь богача высока, дверь хана — крута"
6739,5,кату учук сухожильные,кату учук сухожильные,,,"катуныҥ јери тюрьма; кату баа твёрдая цена; кату кезедӱ строгое предупреждение; кату учук сухожильные нитки; кату ӧдӱк обувь из твёрдой кожи с твёрдой подошвой, с каблуками; кату кулак (кулагынаҥ кату) тугой на ухо, тугоухий, плохо слышащий; кату јорыкту ат тряская лошадь; кату базар образоваться мозоли; катуга бастырар впасть в тяжелое состояние; кату сананар принимать твёрдое решение; кату тудунар держать себя в руках, не распускать себя; Бий эжиги бийик, каан эжиги кату (Погов.) Дверь богача высока, дверь хана — крута"
6739,6,нитки,нитки,,,"катуныҥ јери тюрьма; кату баа твёрдая цена; кату кезедӱ строгое предупреждение; кату учук сухожильные нитки; кату ӧдӱк обувь из твёрдой кожи с твёрдой подошвой, с каблуками; кату кулак (кулагынаҥ кату) тугой на ухо, тугоухий, плохо слышащий; кату јорыкту ат тряская лошадь; кату базар образоваться мозоли; катуга бастырар впасть в тяжелое состояние; кату сананар принимать твёрдое решение; кату тудунар держать себя в руках, не распускать себя; Бий эжиги бийик, каан эжиги кату (Погов.) Дверь богача высока, дверь хана — крута"
6739,7,кату ӧдӱк обувь из твёрдой кожи с,кату ӧдӱк обувь из твёрдой кожи с,,,"катуныҥ јери тюрьма; кату баа твёрдая цена; кату кезедӱ строгое предупреждение; кату учук сухожильные нитки; кату ӧдӱк обувь из твёрдой кожи с твёрдой подошвой, с каблуками; кату кулак (кулагынаҥ кату) тугой на ухо, тугоухий, плохо слышащий; кату јорыкту ат тряская лошадь; кату базар образоваться мозоли; катуга бастырар впасть в тяжелое состояние; кату сананар принимать твёрдое решение; кату тудунар держать себя в руках, не распускать себя; Бий эжиги бийик, каан эжиги кату (Погов.) Дверь богача высока, дверь хана — крута"
6739,8,"твёрдой подошвой, с каблуками",твёрдой подошвой с каблуками,,,"катуныҥ јери тюрьма; кату баа твёрдая цена; кату кезедӱ строгое предупреждение; кату учук сухожильные нитки; кату ӧдӱк обувь из твёрдой кожи с твёрдой подошвой, с каблуками; кату кулак (кулагынаҥ кату) тугой на ухо, тугоухий, плохо слышащий; кату јорыкту ат тряская лошадь; кату базар образоваться мозоли; катуга бастырар впасть в тяжелое состояние; кату сананар принимать твёрдое решение; кату тудунар держать себя в руках, не распускать себя; Бий эжиги бийик, каан эжиги кату (Погов.) Дверь богача высока, дверь хана — крута"
6739,9,кату кулак,кату кулак,,,"катуныҥ јери тюрьма; кату баа твёрдая цена; кату кезедӱ строгое предупреждение; кату учук сухожильные нитки; кату ӧдӱк обувь из твёрдой кожи с твёрдой подошвой, с каблуками; кату кулак (кулагынаҥ кату) тугой на ухо, тугоухий, плохо слышащий; кату јорыкту ат тряская лошадь; кату базар образоваться мозоли; катуга бастырар впасть в тяжелое состояние; кату сананар принимать твёрдое решение; кату тудунар держать себя в руках, не распускать себя; Бий эжиги бийик, каан эжиги кату (Погов.) Дверь богача высока, дверь хана — крута"
6739,10,"(кулагынаҥ кату) тугой на ухо, тугоухий,",кулагынаҥ кату тугой на ухо тугоухий,,,"катуныҥ јери тюрьма; кату баа твёрдая цена; кату кезедӱ строгое предупреждение; кату учук сухожильные нитки; кату ӧдӱк обувь из твёрдой кожи с твёрдой подошвой, с каблуками; кату кулак (кулагынаҥ кату) тугой на ухо, тугоухий, плохо слышащий; кату јорыкту ат тряская лошадь; кату базар образоваться мозоли; катуга бастырар впасть в тяжелое состояние; кату сананар принимать твёрдое решение; кату тудунар держать себя в руках, не распускать себя; Бий эжиги бийик, каан эжиги кату (Погов.) Дверь богача высока, дверь хана — крута"
6739,11,плохо слышащий,плохо слышащий,,,"катуныҥ јери тюрьма; кату баа твёрдая цена; кату кезедӱ строгое предупреждение; кату учук сухожильные нитки; кату ӧдӱк обувь из твёрдой кожи с твёрдой подошвой, с каблуками; кату кулак (кулагынаҥ кату) тугой на ухо, тугоухий, плохо слышащий; кату јорыкту ат тряская лошадь; кату базар образоваться мозоли; катуга бастырар впасть в тяжелое состояние; кату сананар принимать твёрдое решение; кату тудунар держать себя в руках, не распускать себя; Бий эжиги бийик, каан эжиги кату (Погов.) Дверь богача высока, дверь хана — крута"
6739,12,кату јорыкту ат тряская,кату јорыкту ат тряская,,,"катуныҥ јери тюрьма; кату баа твёрдая цена; кату кезедӱ строгое предупреждение; кату учук сухожильные нитки; кату ӧдӱк обувь из твёрдой кожи с твёрдой подошвой, с каблуками; кату кулак (кулагынаҥ кату) тугой на ухо, тугоухий, плохо слышащий; кату јорыкту ат тряская лошадь; кату базар образоваться мозоли; катуга бастырар впасть в тяжелое состояние; кату сананар принимать твёрдое решение; кату тудунар держать себя в руках, не распускать себя; Бий эжиги бийик, каан эжиги кату (Погов.) Дверь богача высока, дверь хана — крута"
6739,13,лошадь,лошадь,,,"катуныҥ јери тюрьма; кату баа твёрдая цена; кату кезедӱ строгое предупреждение; кату учук сухожильные нитки; кату ӧдӱк обувь из твёрдой кожи с твёрдой подошвой, с каблуками; кату кулак (кулагынаҥ кату) тугой на ухо, тугоухий, плохо слышащий; кату јорыкту ат тряская лошадь; кату базар образоваться мозоли; катуга бастырар впасть в тяжелое состояние; кату сананар принимать твёрдое решение; кату тудунар держать себя в руках, не распускать себя; Бий эжиги бийик, каан эжиги кату (Погов.) Дверь богача высока, дверь хана — крута"
6739,14,кату базар образоваться мозоли,кату базар образоваться мозоли,,,"катуныҥ јери тюрьма; кату баа твёрдая цена; кату кезедӱ строгое предупреждение; кату учук сухожильные нитки; кату ӧдӱк обувь из твёрдой кожи с твёрдой подошвой, с каблуками; кату кулак (кулагынаҥ кату) тугой на ухо, тугоухий, плохо слышащий; кату јорыкту ат тряская лошадь; кату базар образоваться мозоли; катуга бастырар впасть в тяжелое состояние; кату сананар принимать твёрдое решение; кату тудунар держать себя в руках, не распускать себя; Бий эжиги бийик, каан эжиги кату (Погов.) Дверь богача высока, дверь хана — крута"
6739,15,ка-,ка,,,"катуныҥ јери тюрьма; кату баа твёрдая цена; кату кезедӱ строгое предупреждение; кату учук сухожильные нитки; кату ӧдӱк обувь из твёрдой кожи с твёрдой подошвой, с каблуками; кату кулак (кулагынаҥ кату) тугой на ухо, тугоухий, плохо слышащий; кату јорыкту ат тряская лошадь; кату базар образоваться мозоли; катуга бастырар впасть в тяжелое состояние; кату сананар принимать твёрдое решение; кату тудунар держать себя в руках, не распускать себя; Бий эжиги бийик, каан эжиги кату (Погов.) Дверь богача высока, дверь хана — крута"
6739,16,туга бастырар впасть в тяжелое состояние,туга бастырар впасть в тяжелое состояние,,,"катуныҥ јери тюрьма; кату баа твёрдая цена; кату кезедӱ строгое предупреждение; кату учук сухожильные нитки; кату ӧдӱк обувь из твёрдой кожи с твёрдой подошвой, с каблуками; кату кулак (кулагынаҥ кату) тугой на ухо, тугоухий, плохо слышащий; кату јорыкту ат тряская лошадь; кату базар образоваться мозоли; катуга бастырар впасть в тяжелое состояние; кату сананар принимать твёрдое решение; кату тудунар держать себя в руках, не распускать себя; Бий эжиги бийик, каан эжиги кату (Погов.) Дверь богача высока, дверь хана — крута"
6739,17,кату сананар принимать твёрдое решение,кату сананар принимать твёрдое решение,,,"катуныҥ јери тюрьма; кату баа твёрдая цена; кату кезедӱ строгое предупреждение; кату учук сухожильные нитки; кату ӧдӱк обувь из твёрдой кожи с твёрдой подошвой, с каблуками; кату кулак (кулагынаҥ кату) тугой на ухо, тугоухий, плохо слышащий; кату јорыкту ат тряская лошадь; кату базар образоваться мозоли; катуга бастырар впасть в тяжелое состояние; кату сананар принимать твёрдое решение; кату тудунар держать себя в руках, не распускать себя; Бий эжиги бийик, каан эжиги кату (Погов.) Дверь богача высока, дверь хана — крута"
6739,18,"кату тудунар держать себя в руках, не рас-",кату тудунар держать себя в руках не рас,,,"катуныҥ јери тюрьма; кату баа твёрдая цена; кату кезедӱ строгое предупреждение; кату учук сухожильные нитки; кату ӧдӱк обувь из твёрдой кожи с твёрдой подошвой, с каблуками; кату кулак (кулагынаҥ кату) тугой на ухо, тугоухий, плохо слышащий; кату јорыкту ат тряская лошадь; кату базар образоваться мозоли; катуга бастырар впасть в тяжелое состояние; кату сананар принимать твёрдое решение; кату тудунар держать себя в руках, не распускать себя; Бий эжиги бийик, каан эжиги кату (Погов.) Дверь богача высока, дверь хана — крута"
6739,19,пускать себя,пускать себя,,,"катуныҥ јери тюрьма; кату баа твёрдая цена; кату кезедӱ строгое предупреждение; кату учук сухожильные нитки; кату ӧдӱк обувь из твёрдой кожи с твёрдой подошвой, с каблуками; кату кулак (кулагынаҥ кату) тугой на ухо, тугоухий, плохо слышащий; кату јорыкту ат тряская лошадь; кату базар образоваться мозоли; катуга бастырар впасть в тяжелое состояние; кату сананар принимать твёрдое решение; кату тудунар держать себя в руках, не распускать себя; Бий эжиги бийик, каан эжиги кату (Погов.) Дверь богача высока, дверь хана — крута"
6739,20,"Бий эжиги бийик, каан эжи-",бий эжиги бийик каан эжи,,,"катуныҥ јери тюрьма; кату баа твёрдая цена; кату кезедӱ строгое предупреждение; кату учук сухожильные нитки; кату ӧдӱк обувь из твёрдой кожи с твёрдой подошвой, с каблуками; кату кулак (кулагынаҥ кату) тугой на ухо, тугоухий, плохо слышащий; кату јорыкту ат тряская лошадь; кату базар образоваться мозоли; катуга бастырар впасть в тяжелое состояние; кату сананар принимать твёрдое решение; кату тудунар держать себя в руках, не распускать себя; Бий эжиги бийик, каан эжиги кату (Погов.) Дверь богача высока, дверь хана — крута"
6739,21,"ги кату (Погов.) Дверь богача высока, дверь",ги кату погов дверь богача высока дверь,,,"катуныҥ јери тюрьма; кату баа твёрдая цена; кату кезедӱ строгое предупреждение; кату учук сухожильные нитки; кату ӧдӱк обувь из твёрдой кожи с твёрдой подошвой, с каблуками; кату кулак (кулагынаҥ кату) тугой на ухо, тугоухий, плохо слышащий; кату јорыкту ат тряская лошадь; кату базар образоваться мозоли; катуга бастырар впасть в тяжелое состояние; кату сананар принимать твёрдое решение; кату тудунар держать себя в руках, не распускать себя; Бий эжиги бийик, каан эжиги кату (Погов.) Дверь богача высока, дверь хана — крута"
6739,22,хана,хана,крута,,"катуныҥ јери тюрьма; кату баа твёрдая цена; кату кезедӱ строгое предупреждение; кату учук сухожильные нитки; кату ӧдӱк обувь из твёрдой кожи с твёрдой подошвой, с каблуками; кату кулак (кулагынаҥ кату) тугой на ухо, тугоухий, плохо слышащий; кату јорыкту ат тряская лошадь; кату базар образоваться мозоли; катуга бастырар впасть в тяжелое состояние; кату сананар принимать твёрдое решение; кату тудунар держать себя в руках, не распускать себя; Бий эжиги бийик, каан эжиги кату (Погов.) Дверь богача высока, дверь хана — крута"
6765,1,качан бирде,качан бирде,,,"качан бирде когда-нибудь, когда-либо; качан-качан когда-нибудь; качан бир тушта 1) когданибудь, когда-либо; 2) однажды; качан ок уже, так скоро"
6765,2,"когда-нибудь, когда-либо",когданибудь когдалибо,,,"качан бирде когда-нибудь, когда-либо; качан-качан когда-нибудь; качан бир тушта 1) когданибудь, когда-либо; 2) однажды; качан ок уже, так скоро"
6765,3,качан-качан,качанкачан,,,"качан бирде когда-нибудь, когда-либо; качан-качан когда-нибудь; качан бир тушта 1) когданибудь, когда-либо; 2) однажды; качан ок уже, так скоро"
6765,4,когда-нибудь,когданибудь,,,"качан бирде когда-нибудь, когда-либо; качан-качан когда-нибудь; качан бир тушта 1) когданибудь, когда-либо; 2) однажды; качан ок уже, так скоро"
6765,5,качан бир тушта 1) когда-,качан бир тушта 1 когда,,,"качан бирде когда-нибудь, когда-либо; качан-качан когда-нибудь; качан бир тушта 1) когданибудь, когда-либо; 2) однажды; качан ок уже, так скоро"
6765,6,"нибудь, когда-либо",нибудь когдалибо,,,"качан бирде когда-нибудь, когда-либо; качан-качан когда-нибудь; качан бир тушта 1) когданибудь, когда-либо; 2) однажды; качан ок уже, так скоро"
6765,7,2) однажды,2 однажды,,,"качан бирде когда-нибудь, когда-либо; качан-качан когда-нибудь; качан бир тушта 1) когданибудь, когда-либо; 2) однажды; качан ок уже, так скоро"
6765,8,качан ок,качан ок,,,"качан бирде когда-нибудь, когда-либо; качан-качан когда-нибудь; качан бир тушта 1) когданибудь, когда-либо; 2) однажды; качан ок уже, так скоро"
6765,9,"уже, так скоро",уже так скоро,,,"качан бирде когда-нибудь, когда-либо; качан-качан когда-нибудь; качан бир тушта 1) когданибудь, когда-либо; 2) однажды; качан ок уже, так скоро"
6766,1,качан да болзо 1) когда бы то ни,качан да болзо 1 когда бы то ни,,,качан да болзо 1) когда бы то ни было; 2) всегда;
6766,2,было,было,,,качан да болзо 1) когда бы то ни было; 2) всегда;
6766,3,2) всегда,2 всегда,,,качан да болзо 1) когда бы то ни было; 2) всегда;
6767,1,качаннаҥ бери,качаннаҥ бери,,,качаннаҥ бери (качаннаҥ ала) с каких пор
6767,2,(качаннаҥ ала) с каких пор,качаннаҥ ала с каких пор,,,качаннаҥ бери (качаннаҥ ала) с каких пор
6781,1,качкын чыккан украдена,качкын чыккан украдена,,,качкын чыккан украдена девушка (была умыкнута девушка)
6781,2,девушка (была умыкнута девушка),девушка была умыкнута девушка,,,качкын чыккан украдена девушка (была умыкнута девушка)
6793,1,каштак кӧс,каштак кӧс,,,каштак кӧс светлоглазый (обычно о русских или о людях с зелёными или голубыми глазами)
6793,2,светлоглазый (обычно о русских или о людях,светлоглазый обычно о русских или о людях,,,каштак кӧс светлоглазый (обычно о русских или о людях с зелёными или голубыми глазами)
6793,3,с зелёными или голубыми глазами),с зелёными или голубыми глазами,,,каштак кӧс светлоглазый (обычно о русских или о людях с зелёными или голубыми глазами)
6805,1,кебелгенче,кебелгенче,,,"кебелгенче иштеер работать, не покладая рук, работать до изнеможения"
6805,2,"иштеер работать, не покладая рук, работать",иштеер работать не покладая рук работать,,,"кебелгенче иштеер работать, не покладая рук, работать до изнеможения"
6805,3,до изнеможения,до изнеможения,,,"кебелгенче иштеер работать, не покладая рук, работать до изнеможения"
6807,1,оныҥ кебери чыгып калган,оныҥ кебери чыгып калган,,,оныҥ кебери чыгып калган на нём нет лица
6807,2,на нём нет лица,на нём нет лица,,,оныҥ кебери чыгып калган на нём нет лица
6843,1,"Кедер ат јортпос, ӧчӧш",кедер ат јортпос ӧчӧш,,,"Кедер ат јортпос, ӧчӧш кижи укпас (Посл.) Упрямая лошадь не идёт, вредный человек не слушается"
6843,2,"кижи укпас (Посл.) Упрямая лошадь не идёт,",кижи укпас посл упрямая лошадь не идёт,,,"Кедер ат јортпос, ӧчӧш кижи укпас (Посл.) Упрямая лошадь не идёт, вредный человек не слушается"
6843,3,вредный человек не слушается,вредный человек не слушается,,,"Кедер ат јортпос, ӧчӧш кижи укпас (Посл.) Упрямая лошадь не идёт, вредный человек не слушается"
6856,1,кедертинеҥ келген кижи,кедертинеҥ келген кижи,,,"кедертинеҥ келген кижи человек, приехавший издалека"
6856,2,"человек, приехавший издалека",человек приехавший издалека,,,"кедертинеҥ келген кижи человек, приехавший издалека"
6872,1,"Кеен тонду тӧмӧн барды,",кеен тонду тӧмӧн барды,,,"Кеен тонду тӧмӧн барды, кеден тонду ӧрӧ барды (Заг.) Тот, который в прекрасной шубе, ушёл вниз, а тот, кто в холщовой, ушёл вверх"
6872,2,"кеден тонду ӧрӧ барды (Заг.) Тот, который",кеден тонду ӧрӧ барды заг тот который,,,"Кеен тонду тӧмӧн барды, кеден тонду ӧрӧ барды (Заг.) Тот, который в прекрасной шубе, ушёл вниз, а тот, кто в холщовой, ушёл вверх"
6872,3,"в прекрасной шубе, ушёл вниз, а тот, кто в",в прекрасной шубе ушёл вниз а тот кто в,,,"Кеен тонду тӧмӧн барды, кеден тонду ӧрӧ барды (Заг.) Тот, который в прекрасной шубе, ушёл вниз, а тот, кто в холщовой, ушёл вверх"
6872,4,"холщовой, ушёл вверх",холщовой ушёл вверх,,,"Кеен тонду тӧмӧн барды, кеден тонду ӧрӧ барды (Заг.) Тот, который в прекрасной шубе, ушёл вниз, а тот, кто в холщовой, ушёл вверх"
6900,1,бир кезек один момент,бир кезек один момент,,,бир кезек один момент; кезек тыттар редкие лиственницы
6900,2,кезек,кезек,,,бир кезек один момент; кезек тыттар редкие лиственницы
6900,3,тыттар редкие лиственницы,тыттар редкие лиственницы,,,бир кезек один момент; кезек тыттар редкие лиственницы
6912,1,Кезем сӧс,кезем сӧс,,,Кезем сӧс кечӱ кечирбес (Погов.) Не подмажешь — не подъедешь (букв. Грубое слово не позволит с перейти переправу) эттӱ-
6912,2,кечӱ кечирбес (Погов.) Не подмажешь,кечӱ кечирбес погов не подмажешь,не,,Кезем сӧс кечӱ кечирбес (Погов.) Не подмажешь — не подъедешь (букв. Грубое слово не позволит с перейти переправу) эттӱ-
6912,3,подъедешь (букв. Грубое слово не позволит,подъедешь букв грубое слово не позволит,,,Кезем сӧс кечӱ кечирбес (Погов.) Не подмажешь — не подъедешь (букв. Грубое слово не позволит с перейти переправу) эттӱ-
6912,4,с,с,,,Кезем сӧс кечӱ кечирбес (Погов.) Не подмажешь — не подъедешь (букв. Грубое слово не позволит с перейти переправу) эттӱ-
6912,5,перейти переправу),перейти переправу,,,Кезем сӧс кечӱ кечирбес (Погов.) Не подмажешь — не подъедешь (букв. Грубое слово не позволит с перейти переправу) эттӱ-
6912,6,эттӱ-,эттӱ,,,Кезем сӧс кечӱ кечирбес (Погов.) Не подмажешь — не подъедешь (букв. Грубое слово не позволит с перейти переправу) эттӱ-
6914,1,кезер таш,кезер таш,,,кезер таш
6922,1,кезик аразында,кезик аразында,,,кезик аразында иногда
6922,2,иногда,иногда,,,кезик аразында иногда
6939,1,кейи тудар 1) образовываться,кейи тудар 1 образовываться,,,кейи тудар 1) образовываться газам; 2) быть легкомысленным; 3) изменять (об одном из супругов)
6939,2,газам,газам,,,кейи тудар 1) образовываться газам; 2) быть легкомысленным; 3) изменять (об одном из супругов)
6939,3,2) быть легкомысленным,2 быть легкомысленным,,,кейи тудар 1) образовываться газам; 2) быть легкомысленным; 3) изменять (об одном из супругов)
6939,4,3) изменять,3 изменять,,,кейи тудар 1) образовываться газам; 2) быть легкомысленным; 3) изменять (об одном из супругов)
6939,5,(об одном из супругов),об одном из супругов,,,кейи тудар 1) образовываться газам; 2) быть легкомысленным; 3) изменять (об одном из супругов)
6947,1,Кейленчекти,кейленчекти,,,Кейленчекти байдаҥ танып болбозыҥ (Погов.)
6947,2,байдаҥ танып болбозыҥ (Погов.),байдаҥ танып болбозыҥ погов,,,Кейленчекти байдаҥ танып болбозыҥ (Погов.)
6963,1,Коркынчак очок ажыра,коркынчак очок ажыра,,,Коркынчак очок ажыра кекенер (Посл.) Трус будет грозиться через очаг 307 -
6963,2,кекенер (Посл.) Трус будет грозиться через,кекенер посл трус будет грозиться через,,,Коркынчак очок ажыра кекенер (Посл.) Трус будет грозиться через очаг 307 -
6963,3,очаг,очаг,,,Коркынчак очок ажыра кекенер (Посл.) Трус будет грозиться через очаг 307 -
6963,4,307 -,307,,,Коркынчак очок ажыра кекенер (Посл.) Трус будет грозиться через очаг 307 -
7012,1,кеминде в пределах нормы,кеминде в пределах нормы,,,"кеминде в пределах нормы; кем jок ничего, сносно, терпимо; бир кеминде без изменений, на одном уровне; ӧйи-кеми јок безмерный, чрезмерный; кемине кӧрӧ по мере; кеминеҥ ажар (кеминеҥ ӧдӧр) переступить меру; кеминеҥ ажыра чрезмерно, выше меры;"
7012,2,"кем jок ничего,",кем jок ничего,,,"кеминде в пределах нормы; кем jок ничего, сносно, терпимо; бир кеминде без изменений, на одном уровне; ӧйи-кеми јок безмерный, чрезмерный; кемине кӧрӧ по мере; кеминеҥ ажар (кеминеҥ ӧдӧр) переступить меру; кеминеҥ ажыра чрезмерно, выше меры;"
7012,3,"сносно, терпимо",сносно терпимо,,,"кеминде в пределах нормы; кем jок ничего, сносно, терпимо; бир кеминде без изменений, на одном уровне; ӧйи-кеми јок безмерный, чрезмерный; кемине кӧрӧ по мере; кеминеҥ ажар (кеминеҥ ӧдӧр) переступить меру; кеминеҥ ажыра чрезмерно, выше меры;"
7012,4,"бир кеминде без изменений,",бир кеминде без изменений,,,"кеминде в пределах нормы; кем jок ничего, сносно, терпимо; бир кеминде без изменений, на одном уровне; ӧйи-кеми јок безмерный, чрезмерный; кемине кӧрӧ по мере; кеминеҥ ажар (кеминеҥ ӧдӧр) переступить меру; кеминеҥ ажыра чрезмерно, выше меры;"
7012,5,на одном уровне,на одном уровне,,,"кеминде в пределах нормы; кем jок ничего, сносно, терпимо; бир кеминде без изменений, на одном уровне; ӧйи-кеми јок безмерный, чрезмерный; кемине кӧрӧ по мере; кеминеҥ ажар (кеминеҥ ӧдӧр) переступить меру; кеминеҥ ажыра чрезмерно, выше меры;"
7012,6,"ӧйи-кеми јок безмерный,",ӧйикеми јок безмерный,,,"кеминде в пределах нормы; кем jок ничего, сносно, терпимо; бир кеминде без изменений, на одном уровне; ӧйи-кеми јок безмерный, чрезмерный; кемине кӧрӧ по мере; кеминеҥ ажар (кеминеҥ ӧдӧр) переступить меру; кеминеҥ ажыра чрезмерно, выше меры;"
7012,7,чрезмерный,чрезмерный,,,"кеминде в пределах нормы; кем jок ничего, сносно, терпимо; бир кеминде без изменений, на одном уровне; ӧйи-кеми јок безмерный, чрезмерный; кемине кӧрӧ по мере; кеминеҥ ажар (кеминеҥ ӧдӧр) переступить меру; кеминеҥ ажыра чрезмерно, выше меры;"
7012,8,кемине кӧрӧ по мере,кемине кӧрӧ по мере,,,"кеминде в пределах нормы; кем jок ничего, сносно, терпимо; бир кеминде без изменений, на одном уровне; ӧйи-кеми јок безмерный, чрезмерный; кемине кӧрӧ по мере; кеминеҥ ажар (кеминеҥ ӧдӧр) переступить меру; кеминеҥ ажыра чрезмерно, выше меры;"
7012,9,кеминеҥ,кеминеҥ,,,"кеминде в пределах нормы; кем jок ничего, сносно, терпимо; бир кеминде без изменений, на одном уровне; ӧйи-кеми јок безмерный, чрезмерный; кемине кӧрӧ по мере; кеминеҥ ажар (кеминеҥ ӧдӧр) переступить меру; кеминеҥ ажыра чрезмерно, выше меры;"
7012,10,ажар (кеминеҥ ӧдӧр) переступить меру,ажар кеминеҥ ӧдӧр переступить меру,,,"кеминде в пределах нормы; кем jок ничего, сносно, терпимо; бир кеминде без изменений, на одном уровне; ӧйи-кеми јок безмерный, чрезмерный; кемине кӧрӧ по мере; кеминеҥ ажар (кеминеҥ ӧдӧр) переступить меру; кеминеҥ ажыра чрезмерно, выше меры;"
7012,11,"кеминеҥ ажыра чрезмерно, выше меры",кеминеҥ ажыра чрезмерно выше меры,,,"кеминде в пределах нормы; кем jок ничего, сносно, терпимо; бир кеминде без изменений, на одном уровне; ӧйи-кеми јок безмерный, чрезмерный; кемине кӧрӧ по мере; кеминеҥ ажар (кеминеҥ ӧдӧр) переступить меру; кеминеҥ ажыра чрезмерно, выше меры;"
7016,1,кем-,кем,,,"кемкто-нибудь, кто-то, кто-либо; Кем ол курсак јибес (Погов.) Кто не тот не ест"
7016,2,"кто-нибудь, кто-то, кто-либо",ктонибудь ктото ктолибо,,,"кемкто-нибудь, кто-то, кто-либо; Кем ол курсак јибес (Погов.) Кто не тот не ест"
7016,3,Кем,кем,,,"кемкто-нибудь, кто-то, кто-либо; Кем ол курсак јибес (Погов.) Кто не тот не ест"
7016,4,ол курсак јибес (Погов.) Кто не,ол курсак јибес погов кто не,,,"кемкто-нибудь, кто-то, кто-либо; Кем ол курсак јибес (Погов.) Кто не тот не ест"
7016,5,тот не ест,тот не ест,,,"кемкто-нибудь, кто-то, кто-либо; Кем ол курсак јибес (Погов.) Кто не тот не ест"
7030,1,Кейде,кейде,,,Кейде кемјӱ бар эмес (Погов.) В воздухе меры нет
7030,2,кемјӱ бар эмес (Погов.) В воздухе меры нет,кемјӱ бар эмес погов в воздухе меры нет,,,Кейде кемјӱ бар эмес (Погов.) В воздухе меры нет
7041,1,"кемжип калган ӧбӧгӧн мужчина,",кемжип калган ӧбӧгӧн мужчина,,,"кемжип калган ӧбӧгӧн мужчина, потерявший мужскую силу"
7041,2,потерявший мужскую силу,потерявший мужскую силу,,,"кемжип калган ӧбӧгӧн мужчина, потерявший мужскую силу"
7063,1,кара кендир посконь (мужская особь,кара кендир посконь мужская особь,,,"кара кендир посконь (мужская особь конопли, из которой вырабатывается волокно)"
7063,2,"конопли, из которой вырабатывается",конопли из которой вырабатывается,,,"кара кендир посконь (мужская особь конопли, из которой вырабатывается волокно)"
7063,3,волокно),волокно,,,"кара кендир посконь (мужская особь конопли, из которой вырабатывается волокно)"
7082,1,кеҥ ӱндӱлер,кеҥ ӱндӱлер,,,кеҥ ӱндӱлер грам. широкие гласные
7082,2,грам. широкие гласные,грам широкие гласные,,,кеҥ ӱндӱлер грам. широкие гласные
7086,1,кеҥиткен,кеҥиткен,,,кеҥиткен эрмек грам. распространённое предложение
7086,2,эрмек грам. распространённое предложение,эрмек грам распространённое предложение,,,кеҥиткен эрмек грам. распространённое предложение
7099,1,"Кеен кап јыртылбас,",кеен кап јыртылбас,,,"Кеен кап јыртылбас, кеп-сӧс кубулбас (Посл.) Широкий мешок изорвётся, пословица не изменится"
7099,2,кеп-сӧс кубулбас (Посл.) Широкий мешок,кепсӧс кубулбас посл широкий мешок,,,"Кеен кап јыртылбас, кеп-сӧс кубулбас (Посл.) Широкий мешок изорвётся, пословица не изменится"
7099,3,"изорвётся, пословица не изменится",изорвётся пословица не изменится,,,"Кеен кап јыртылбас, кеп-сӧс кубулбас (Посл.) Широкий мешок изорвётся, пословица не изменится"
7123,1,кер сай кедровый орех с,кер сай кедровый орех с,,,кер сай кедровый орех с темнеющим ядром
7123,2,темнеющим ядром,темнеющим ядром,,,кер сай кедровый орех с темнеющим ядром
7125,1,кер-куш миф. огромная птица,керкуш миф огромная птица,,,кер-куш миф. огромная птица; чудо-птица; кер бука миф. очень большой бык; чудо-бык; кер-јутпа миф. чудовище
7125,2,чудо-птица,чудоптица,,,кер-куш миф. огромная птица; чудо-птица; кер бука миф. очень большой бык; чудо-бык; кер-јутпа миф. чудовище
7125,3,кер бука миф. очень большой бык,кер бука миф очень большой бык,,,кер-куш миф. огромная птица; чудо-птица; кер бука миф. очень большой бык; чудо-бык; кер-јутпа миф. чудовище
7125,4,чудо-бык,чудобык,,,кер-куш миф. огромная птица; чудо-птица; кер бука миф. очень большой бык; чудо-бык; кер-јутпа миф. чудовище
7125,5,кер-јутпа миф. чудовище,керјутпа миф чудовище,,,кер-куш миф. огромная птица; чудо-птица; кер бука миф. очень большой бык; чудо-бык; кер-јутпа миф. чудовище
7138,1,"кере карыш пядь,",кере карыш пядь,,,"кере карыш пядь, раздвинутая до отказа (букв. широко); кере кӱн целый день; Кей куучынданган кечӱге јетпес, кере алтаган эжикке јетпес (Посл.)"
7138,2,раздвинутая до отказа (букв. широко),раздвинутая до отказа букв широко,,,"кере карыш пядь, раздвинутая до отказа (букв. широко); кере кӱн целый день; Кей куучынданган кечӱге јетпес, кере алтаган эжикке јетпес (Посл.)"
7138,3,кере,кере,,,"кере карыш пядь, раздвинутая до отказа (букв. широко); кере кӱн целый день; Кей куучынданган кечӱге јетпес, кере алтаган эжикке јетпес (Посл.)"
7138,4,кӱн целый день,кӱн целый день,,,"кере карыш пядь, раздвинутая до отказа (букв. широко); кере кӱн целый день; Кей куучынданган кечӱге јетпес, кере алтаган эжикке јетпес (Посл.)"
7138,5,Кей куучынданган кечӱге,кей куучынданган кечӱге,,,"кере карыш пядь, раздвинутая до отказа (букв. широко); кере кӱн целый день; Кей куучынданган кечӱге јетпес, кере алтаган эжикке јетпес (Посл.)"
7138,6,"јетпес, кере алтаган эжикке јетпес (Посл.)",јетпес кере алтаган эжикке јетпес посл,,,"кере карыш пядь, раздвинутая до отказа (букв. широко); кере кӱн целый день; Кей куучынданган кечӱге јетпес, кере алтаган эжикке јетпес (Посл.)"
7163,1,каршулу керек,каршулу керек,,,"каршулу керек преступное дело, преступление; керекке бодобос ни во что не ставить, презирать; керекке албас не обращать внимания"
7163,2,"преступное дело, преступление",преступное дело преступление,,,"каршулу керек преступное дело, преступление; керекке бодобос ни во что не ставить, презирать; керекке албас не обращать внимания"
7163,3,керекке,керекке,,,"каршулу керек преступное дело, преступление; керекке бодобос ни во что не ставить, презирать; керекке албас не обращать внимания"
7163,4,"бодобос ни во что не ставить, презирать",бодобос ни во что не ставить презирать,,,"каршулу керек преступное дело, преступление; керекке бодобос ни во что не ставить, презирать; керекке албас не обращать внимания"
7163,5,керекке албас не обращать внимания,керекке албас не обращать внимания,,,"каршулу керек преступное дело, преступление; керекке бодобос ни во что не ставить, презирать; керекке албас не обращать внимания"
7164,1,керек беди,керек беди,,,"керек беди пусть, ну и пусть"
7164,2,"пусть, ну и пусть",пусть ну и пусть,,,"керек беди пусть, ну и пусть"
7173,1,Керексинбес кере тӱжине кейленер,керексинбес кере тӱжине кейленер,,,Керексинбес кере тӱжине кейленер (Погов.) Беспечный целый день будет болтать
7173,2,(Погов.) Беспечный целый день будет болтать,погов беспечный целый день будет болтать,,,Керексинбес кере тӱжине кейленер (Погов.) Беспечный целый день будет болтать
7201,1,Кериктиҥ койыны,кериктиҥ койыны,,,Кериктиҥ койыны јыртык (Погов.) У скупца пазуха дырявая
7201,2,јыртык (Погов.) У скупца пазуха дырявая,јыртык погов у скупца пазуха дырявая,,,Кериктиҥ койыны јыртык (Погов.) У скупца пазуха дырявая
7207,1,Кериш-согуш јакшыга башта-,керишсогуш јакшыга башта,,,Кериш-согуш јакшыга баштабас (Погов.) Ругань к добру не приводит
7207,2,бас (Погов.) Ругань к добру не приводит,бас погов ругань к добру не приводит,,,Кериш-согуш јакшыга баштабас (Погов.) Ругань к добру не приводит
7213,1,Керкизинде де,керкизинде де,,,"Керкизинде де бар, кемигинде де бар (Погов.) Оба хороши (букв. Есть [вина] и в топоре, и в кости)"
7213,2,"бар, кемигинде де бар (Погов.) Оба хороши",бар кемигинде де бар погов оба хороши,,,"Керкизинде де бар, кемигинде де бар (Погов.) Оба хороши (букв. Есть [вина] и в топоре, и в кости)"
7213,3,"(букв. Есть [вина] и в топоре, и в кости)",букв есть вина и в топоре и в кости,,,"Керкизинде де бар, кемигинде де бар (Погов.) Оба хороши (букв. Есть [вина] и в топоре, и в кости)"
7254,1,јол,јол,,,"јол кезер срезать путь, сокращать путь; ис кезер выслеживать; Јобош башты кылыш кеспес (Посл.) Покорную голову сабля не рубит"
7254,2,"кезер срезать путь, сокращать путь",кезер срезать путь сокращать путь,,,"јол кезер срезать путь, сокращать путь; ис кезер выслеживать; Јобош башты кылыш кеспес (Посл.) Покорную голову сабля не рубит"
7254,3,ис кезер,ис кезер,,,"јол кезер срезать путь, сокращать путь; ис кезер выслеживать; Јобош башты кылыш кеспес (Посл.) Покорную голову сабля не рубит"
7254,4,выслеживать,выслеживать,,,"јол кезер срезать путь, сокращать путь; ис кезер выслеживать; Јобош башты кылыш кеспес (Посл.) Покорную голову сабля не рубит"
7254,5,Јобош башты кылыш кеспес,јобош башты кылыш кеспес,,,"јол кезер срезать путь, сокращать путь; ис кезер выслеживать; Јобош башты кылыш кеспес (Посл.) Покорную голову сабля не рубит"
7254,6,(Посл.) Покорную голову сабля не рубит,посл покорную голову сабля не рубит,,,"јол кезер срезать путь, сокращать путь; ис кезер выслеживать; Јобош башты кылыш кеспес (Посл.) Покорную голову сабля не рубит"
7268,1,тилин кестирер заставить замолчать,тилин кестирер заставить замолчать,,,тилин кестирер заставить замолчать
7310,1,эвф. бистиҥ,эвф бистиҥ,,,"эвф. бистиҥ кижи муж (букв. наш человек); кижи кӱӱндӱ человечный; кижи кӱӱни јок, кижи аайы јок бесчеловечный; кижи алар жениться; кижи алып берер женить; кижиге барар выходить замуж; кижи эдер воспитывать, делать человеком; тууразында кижилӱ болор иметь на стороне любовника (букв. человека); кижи болор: 1) достигать зрелого возраста; 2) быть человеком; 3) иметь достоинство, иметь лицо; кижи болбос 1) не сделать [хорошим] человеком; 2) не поправится, не выздоровеет (о больном)"
7310,2,кижи муж (букв. наш человек),кижи муж букв наш человек,,,"эвф. бистиҥ кижи муж (букв. наш человек); кижи кӱӱндӱ человечный; кижи кӱӱни јок, кижи аайы јок бесчеловечный; кижи алар жениться; кижи алып берер женить; кижиге барар выходить замуж; кижи эдер воспитывать, делать человеком; тууразында кижилӱ болор иметь на стороне любовника (букв. человека); кижи болор: 1) достигать зрелого возраста; 2) быть человеком; 3) иметь достоинство, иметь лицо; кижи болбос 1) не сделать [хорошим] человеком; 2) не поправится, не выздоровеет (о больном)"
7310,3,кижи кӱӱндӱ,кижи кӱӱндӱ,,,"эвф. бистиҥ кижи муж (букв. наш человек); кижи кӱӱндӱ человечный; кижи кӱӱни јок, кижи аайы јок бесчеловечный; кижи алар жениться; кижи алып берер женить; кижиге барар выходить замуж; кижи эдер воспитывать, делать человеком; тууразында кижилӱ болор иметь на стороне любовника (букв. человека); кижи болор: 1) достигать зрелого возраста; 2) быть человеком; 3) иметь достоинство, иметь лицо; кижи болбос 1) не сделать [хорошим] человеком; 2) не поправится, не выздоровеет (о больном)"
7310,4,человечный,человечный,,,"эвф. бистиҥ кижи муж (букв. наш человек); кижи кӱӱндӱ человечный; кижи кӱӱни јок, кижи аайы јок бесчеловечный; кижи алар жениться; кижи алып берер женить; кижиге барар выходить замуж; кижи эдер воспитывать, делать человеком; тууразында кижилӱ болор иметь на стороне любовника (букв. человека); кижи болор: 1) достигать зрелого возраста; 2) быть человеком; 3) иметь достоинство, иметь лицо; кижи болбос 1) не сделать [хорошим] человеком; 2) не поправится, не выздоровеет (о больном)"
7310,5,"кижи кӱӱни јок, кижи аайы јок",кижи кӱӱни јок кижи аайы јок,,,"эвф. бистиҥ кижи муж (букв. наш человек); кижи кӱӱндӱ человечный; кижи кӱӱни јок, кижи аайы јок бесчеловечный; кижи алар жениться; кижи алып берер женить; кижиге барар выходить замуж; кижи эдер воспитывать, делать человеком; тууразында кижилӱ болор иметь на стороне любовника (букв. человека); кижи болор: 1) достигать зрелого возраста; 2) быть человеком; 3) иметь достоинство, иметь лицо; кижи болбос 1) не сделать [хорошим] человеком; 2) не поправится, не выздоровеет (о больном)"
7310,6,бесчеловечный,бесчеловечный,,,"эвф. бистиҥ кижи муж (букв. наш человек); кижи кӱӱндӱ человечный; кижи кӱӱни јок, кижи аайы јок бесчеловечный; кижи алар жениться; кижи алып берер женить; кижиге барар выходить замуж; кижи эдер воспитывать, делать человеком; тууразында кижилӱ болор иметь на стороне любовника (букв. человека); кижи болор: 1) достигать зрелого возраста; 2) быть человеком; 3) иметь достоинство, иметь лицо; кижи болбос 1) не сделать [хорошим] человеком; 2) не поправится, не выздоровеет (о больном)"
7310,7,кижи алар жениться,кижи алар жениться,,,"эвф. бистиҥ кижи муж (букв. наш человек); кижи кӱӱндӱ человечный; кижи кӱӱни јок, кижи аайы јок бесчеловечный; кижи алар жениться; кижи алып берер женить; кижиге барар выходить замуж; кижи эдер воспитывать, делать человеком; тууразында кижилӱ болор иметь на стороне любовника (букв. человека); кижи болор: 1) достигать зрелого возраста; 2) быть человеком; 3) иметь достоинство, иметь лицо; кижи болбос 1) не сделать [хорошим] человеком; 2) не поправится, не выздоровеет (о больном)"
7310,8,кижи,кижи,,,"эвф. бистиҥ кижи муж (букв. наш человек); кижи кӱӱндӱ человечный; кижи кӱӱни јок, кижи аайы јок бесчеловечный; кижи алар жениться; кижи алып берер женить; кижиге барар выходить замуж; кижи эдер воспитывать, делать человеком; тууразында кижилӱ болор иметь на стороне любовника (букв. человека); кижи болор: 1) достигать зрелого возраста; 2) быть человеком; 3) иметь достоинство, иметь лицо; кижи болбос 1) не сделать [хорошим] человеком; 2) не поправится, не выздоровеет (о больном)"
7310,9,алып берер женить,алып берер женить,,,"эвф. бистиҥ кижи муж (букв. наш человек); кижи кӱӱндӱ человечный; кижи кӱӱни јок, кижи аайы јок бесчеловечный; кижи алар жениться; кижи алып берер женить; кижиге барар выходить замуж; кижи эдер воспитывать, делать человеком; тууразында кижилӱ болор иметь на стороне любовника (букв. человека); кижи болор: 1) достигать зрелого возраста; 2) быть человеком; 3) иметь достоинство, иметь лицо; кижи болбос 1) не сделать [хорошим] человеком; 2) не поправится, не выздоровеет (о больном)"
7310,10,кижиге барар выходить,кижиге барар выходить,,,"эвф. бистиҥ кижи муж (букв. наш человек); кижи кӱӱндӱ человечный; кижи кӱӱни јок, кижи аайы јок бесчеловечный; кижи алар жениться; кижи алып берер женить; кижиге барар выходить замуж; кижи эдер воспитывать, делать человеком; тууразында кижилӱ болор иметь на стороне любовника (букв. человека); кижи болор: 1) достигать зрелого возраста; 2) быть человеком; 3) иметь достоинство, иметь лицо; кижи болбос 1) не сделать [хорошим] человеком; 2) не поправится, не выздоровеет (о больном)"
7310,11,замуж,замуж,,,"эвф. бистиҥ кижи муж (букв. наш человек); кижи кӱӱндӱ человечный; кижи кӱӱни јок, кижи аайы јок бесчеловечный; кижи алар жениться; кижи алып берер женить; кижиге барар выходить замуж; кижи эдер воспитывать, делать человеком; тууразында кижилӱ болор иметь на стороне любовника (букв. человека); кижи болор: 1) достигать зрелого возраста; 2) быть человеком; 3) иметь достоинство, иметь лицо; кижи болбос 1) не сделать [хорошим] человеком; 2) не поправится, не выздоровеет (о больном)"
7310,12,"кижи эдер воспитывать, делать",кижи эдер воспитывать делать,,,"эвф. бистиҥ кижи муж (букв. наш человек); кижи кӱӱндӱ человечный; кижи кӱӱни јок, кижи аайы јок бесчеловечный; кижи алар жениться; кижи алып берер женить; кижиге барар выходить замуж; кижи эдер воспитывать, делать человеком; тууразында кижилӱ болор иметь на стороне любовника (букв. человека); кижи болор: 1) достигать зрелого возраста; 2) быть человеком; 3) иметь достоинство, иметь лицо; кижи болбос 1) не сделать [хорошим] человеком; 2) не поправится, не выздоровеет (о больном)"
7310,13,человеком,человеком,,,"эвф. бистиҥ кижи муж (букв. наш человек); кижи кӱӱндӱ человечный; кижи кӱӱни јок, кижи аайы јок бесчеловечный; кижи алар жениться; кижи алып берер женить; кижиге барар выходить замуж; кижи эдер воспитывать, делать человеком; тууразында кижилӱ болор иметь на стороне любовника (букв. человека); кижи болор: 1) достигать зрелого возраста; 2) быть человеком; 3) иметь достоинство, иметь лицо; кижи болбос 1) не сделать [хорошим] человеком; 2) не поправится, не выздоровеет (о больном)"
7310,14,тууразында кижилӱ болор иметь,тууразында кижилӱ болор иметь,,,"эвф. бистиҥ кижи муж (букв. наш человек); кижи кӱӱндӱ человечный; кижи кӱӱни јок, кижи аайы јок бесчеловечный; кижи алар жениться; кижи алып берер женить; кижиге барар выходить замуж; кижи эдер воспитывать, делать человеком; тууразында кижилӱ болор иметь на стороне любовника (букв. человека); кижи болор: 1) достигать зрелого возраста; 2) быть человеком; 3) иметь достоинство, иметь лицо; кижи болбос 1) не сделать [хорошим] человеком; 2) не поправится, не выздоровеет (о больном)"
7310,15,на стороне любовника (букв. человека),на стороне любовника букв человека,,,"эвф. бистиҥ кижи муж (букв. наш человек); кижи кӱӱндӱ человечный; кижи кӱӱни јок, кижи аайы јок бесчеловечный; кижи алар жениться; кижи алып берер женить; кижиге барар выходить замуж; кижи эдер воспитывать, делать человеком; тууразында кижилӱ болор иметь на стороне любовника (букв. человека); кижи болор: 1) достигать зрелого возраста; 2) быть человеком; 3) иметь достоинство, иметь лицо; кижи болбос 1) не сделать [хорошим] человеком; 2) не поправится, не выздоровеет (о больном)"
7310,16,кижи,кижи,,,"эвф. бистиҥ кижи муж (букв. наш человек); кижи кӱӱндӱ человечный; кижи кӱӱни јок, кижи аайы јок бесчеловечный; кижи алар жениться; кижи алып берер женить; кижиге барар выходить замуж; кижи эдер воспитывать, делать человеком; тууразында кижилӱ болор иметь на стороне любовника (букв. человека); кижи болор: 1) достигать зрелого возраста; 2) быть человеком; 3) иметь достоинство, иметь лицо; кижи болбос 1) не сделать [хорошим] человеком; 2) не поправится, не выздоровеет (о больном)"
7310,17,болор: 1) достигать зрелого возраста,болор 1 достигать зрелого возраста,,,"эвф. бистиҥ кижи муж (букв. наш человек); кижи кӱӱндӱ человечный; кижи кӱӱни јок, кижи аайы јок бесчеловечный; кижи алар жениться; кижи алып берер женить; кижиге барар выходить замуж; кижи эдер воспитывать, делать человеком; тууразында кижилӱ болор иметь на стороне любовника (букв. человека); кижи болор: 1) достигать зрелого возраста; 2) быть человеком; 3) иметь достоинство, иметь лицо; кижи болбос 1) не сделать [хорошим] человеком; 2) не поправится, не выздоровеет (о больном)"
7310,18,2) быть,2 быть,,,"эвф. бистиҥ кижи муж (букв. наш человек); кижи кӱӱндӱ человечный; кижи кӱӱни јок, кижи аайы јок бесчеловечный; кижи алар жениться; кижи алып берер женить; кижиге барар выходить замуж; кижи эдер воспитывать, делать человеком; тууразында кижилӱ болор иметь на стороне любовника (букв. человека); кижи болор: 1) достигать зрелого возраста; 2) быть человеком; 3) иметь достоинство, иметь лицо; кижи болбос 1) не сделать [хорошим] человеком; 2) не поправится, не выздоровеет (о больном)"
7310,19,человеком,человеком,,,"эвф. бистиҥ кижи муж (букв. наш человек); кижи кӱӱндӱ человечный; кижи кӱӱни јок, кижи аайы јок бесчеловечный; кижи алар жениться; кижи алып берер женить; кижиге барар выходить замуж; кижи эдер воспитывать, делать человеком; тууразында кижилӱ болор иметь на стороне любовника (букв. человека); кижи болор: 1) достигать зрелого возраста; 2) быть человеком; 3) иметь достоинство, иметь лицо; кижи болбос 1) не сделать [хорошим] человеком; 2) не поправится, не выздоровеет (о больном)"
7310,20,"3) иметь достоинство, иметь",3 иметь достоинство иметь,,,"эвф. бистиҥ кижи муж (букв. наш человек); кижи кӱӱндӱ человечный; кижи кӱӱни јок, кижи аайы јок бесчеловечный; кижи алар жениться; кижи алып берер женить; кижиге барар выходить замуж; кижи эдер воспитывать, делать человеком; тууразында кижилӱ болор иметь на стороне любовника (букв. человека); кижи болор: 1) достигать зрелого возраста; 2) быть человеком; 3) иметь достоинство, иметь лицо; кижи болбос 1) не сделать [хорошим] человеком; 2) не поправится, не выздоровеет (о больном)"
7310,21,лицо,лицо,,,"эвф. бистиҥ кижи муж (букв. наш человек); кижи кӱӱндӱ человечный; кижи кӱӱни јок, кижи аайы јок бесчеловечный; кижи алар жениться; кижи алып берер женить; кижиге барар выходить замуж; кижи эдер воспитывать, делать человеком; тууразында кижилӱ болор иметь на стороне любовника (букв. человека); кижи болор: 1) достигать зрелого возраста; 2) быть человеком; 3) иметь достоинство, иметь лицо; кижи болбос 1) не сделать [хорошим] человеком; 2) не поправится, не выздоровеет (о больном)"
7310,22,кижи болбос 1) не сделать [хорошим],кижи болбос 1 не сделать хорошим,,,"эвф. бистиҥ кижи муж (букв. наш человек); кижи кӱӱндӱ человечный; кижи кӱӱни јок, кижи аайы јок бесчеловечный; кижи алар жениться; кижи алып берер женить; кижиге барар выходить замуж; кижи эдер воспитывать, делать человеком; тууразында кижилӱ болор иметь на стороне любовника (букв. человека); кижи болор: 1) достигать зрелого возраста; 2) быть человеком; 3) иметь достоинство, иметь лицо; кижи болбос 1) не сделать [хорошим] человеком; 2) не поправится, не выздоровеет (о больном)"
7310,23,человеком,человеком,,,"эвф. бистиҥ кижи муж (букв. наш человек); кижи кӱӱндӱ человечный; кижи кӱӱни јок, кижи аайы јок бесчеловечный; кижи алар жениться; кижи алып берер женить; кижиге барар выходить замуж; кижи эдер воспитывать, делать человеком; тууразында кижилӱ болор иметь на стороне любовника (букв. человека); кижи болор: 1) достигать зрелого возраста; 2) быть человеком; 3) иметь достоинство, иметь лицо; кижи болбос 1) не сделать [хорошим] человеком; 2) не поправится, не выздоровеет (о больном)"
7310,24,"2) не поправится, не выздоровеет",2 не поправится не выздоровеет,,,"эвф. бистиҥ кижи муж (букв. наш человек); кижи кӱӱндӱ человечный; кижи кӱӱни јок, кижи аайы јок бесчеловечный; кижи алар жениться; кижи алып берер женить; кижиге барар выходить замуж; кижи эдер воспитывать, делать человеком; тууразында кижилӱ болор иметь на стороне любовника (букв. человека); кижи болор: 1) достигать зрелого возраста; 2) быть человеком; 3) иметь достоинство, иметь лицо; кижи болбос 1) не сделать [хорошим] человеком; 2) не поправится, не выздоровеет (о больном)"
7310,25,(о больном),о больном,,,"эвф. бистиҥ кижи муж (букв. наш человек); кижи кӱӱндӱ человечный; кижи кӱӱни јок, кижи аайы јок бесчеловечный; кижи алар жениться; кижи алып берер женить; кижиге барар выходить замуж; кижи эдер воспитывать, делать человеком; тууразында кижилӱ болор иметь на стороне любовника (букв. человека); кижи болор: 1) достигать зрелого возраста; 2) быть человеком; 3) иметь достоинство, иметь лицо; кижи болбос 1) не сделать [хорошим] человеком; 2) не поправится, не выздоровеет (о больном)"
7324,1,"кизирт-табыш грохот, грохот-шум",кизирттабыш грохот грохотшум,,,"кизирт-табыш грохот, грохот-шум"
7327,1,баш терезин кийип алган,баш терезин кийип алган,,,баш терезин кийип алган очень похожий на кого-л. (букв. надел шкуру с головы)
7327,2,очень похожий на кого-л. (букв. надел шкуру,очень похожий на когол букв надел шкуру,,,баш терезин кийип алган очень похожий на кого-л. (букв. надел шкуру с головы)
7327,3,с головы),с головы,,,баш терезин кийип алган очень похожий на кого-л. (букв. надел шкуру с головы)
7330,1,колго кийдирер,колго кийдирер,,,колго кийдирер
7340,1,ак,ак,,,"ак кийик зоол. северный олень; Иженген тууда кийик јок (Погов.) В обнадёживших горах зверя нет (о напрасной надежде на чтолибо); Кижи болзо, атту болотон, кийик болзо, тӱктӱ болотон (Погов.) Если человек, то бывает с именем, если зверь, то бывает с шерстью"
7340,2,кийик зоол. северный олень,кийик зоол северный олень,,,"ак кийик зоол. северный олень; Иженген тууда кийик јок (Погов.) В обнадёживших горах зверя нет (о напрасной надежде на чтолибо); Кижи болзо, атту болотон, кийик болзо, тӱктӱ болотон (Погов.) Если человек, то бывает с именем, если зверь, то бывает с шерстью"
7340,3,Иженген тууда,иженген тууда,,,"ак кийик зоол. северный олень; Иженген тууда кийик јок (Погов.) В обнадёживших горах зверя нет (о напрасной надежде на чтолибо); Кижи болзо, атту болотон, кийик болзо, тӱктӱ болотон (Погов.) Если человек, то бывает с именем, если зверь, то бывает с шерстью"
7340,4,кийик јок (Погов.) В обнадёживших горах,кийик јок погов в обнадёживших горах,,,"ак кийик зоол. северный олень; Иженген тууда кийик јок (Погов.) В обнадёживших горах зверя нет (о напрасной надежде на чтолибо); Кижи болзо, атту болотон, кийик болзо, тӱктӱ болотон (Погов.) Если человек, то бывает с именем, если зверь, то бывает с шерстью"
7340,5,зверя нет (о напрасной надежде на что-,зверя нет о напрасной надежде на что,,,"ак кийик зоол. северный олень; Иженген тууда кийик јок (Погов.) В обнадёживших горах зверя нет (о напрасной надежде на чтолибо); Кижи болзо, атту болотон, кийик болзо, тӱктӱ болотон (Погов.) Если человек, то бывает с именем, если зверь, то бывает с шерстью"
7340,6,либо),либо,,,"ак кийик зоол. северный олень; Иженген тууда кийик јок (Погов.) В обнадёживших горах зверя нет (о напрасной надежде на чтолибо); Кижи болзо, атту болотон, кийик болзо, тӱктӱ болотон (Погов.) Если человек, то бывает с именем, если зверь, то бывает с шерстью"
7340,7,"Кижи болзо, атту болотон, кийик",кижи болзо атту болотон кийик,,,"ак кийик зоол. северный олень; Иженген тууда кийик јок (Погов.) В обнадёживших горах зверя нет (о напрасной надежде на чтолибо); Кижи болзо, атту болотон, кийик болзо, тӱктӱ болотон (Погов.) Если человек, то бывает с именем, если зверь, то бывает с шерстью"
7340,8,"болзо, тӱктӱ болотон (Погов.) Если человек,",болзо тӱктӱ болотон погов если человек,,,"ак кийик зоол. северный олень; Иженген тууда кийик јок (Погов.) В обнадёживших горах зверя нет (о напрасной надежде на чтолибо); Кижи болзо, атту болотон, кийик болзо, тӱктӱ болотон (Погов.) Если человек, то бывает с именем, если зверь, то бывает с шерстью"
7340,9,"то бывает с именем, если зверь, то бывает с",то бывает с именем если зверь то бывает с,,,"ак кийик зоол. северный олень; Иженген тууда кийик јок (Погов.) В обнадёживших горах зверя нет (о напрасной надежде на чтолибо); Кижи болзо, атту болотон, кийик болзо, тӱктӱ болотон (Погов.) Если человек, то бывает с именем, если зверь, то бывает с шерстью"
7340,10,шерстью,шерстью,,,"ак кийик зоол. северный олень; Иженген тууда кийик јок (Погов.) В обнадёживших горах зверя нет (о напрасной надежде на чтолибо); Кижи болзо, атту болотон, кийик болзо, тӱктӱ болотон (Погов.) Если человек, то бывает с именем, если зверь, то бывает с шерстью"
7356,1,кийин-алды прошлое,кийиналды прошлое,,,"кийин-алды прошлое и будущее; Кийин-алды буудакту эмтир (АБ) Прошлое и будущее его, оказывается, с препятствиями"
7356,2,и будущее,и будущее,,,"кийин-алды прошлое и будущее; Кийин-алды буудакту эмтир (АБ) Прошлое и будущее его, оказывается, с препятствиями"
7356,3,Кийин-алды буудакту эмтир,кийиналды буудакту эмтир,,,"кийин-алды прошлое и будущее; Кийин-алды буудакту эмтир (АБ) Прошлое и будущее его, оказывается, с препятствиями"
7356,4,"(АБ) Прошлое и будущее его, оказывается, с",аб прошлое и будущее его оказывается с,,,"кийин-алды прошлое и будущее; Кийин-алды буудакту эмтир (АБ) Прошлое и будущее его, оказывается, с препятствиями"
7356,5,препятствиями,препятствиями,,,"кийин-алды прошлое и будущее; Кийин-алды буудакту эмтир (АБ) Прошлое и будущее его, оказывается, с препятствиями"
7363,1,"Кийис чӧйилер, кижи ӧзӧр (Погов.)",кийис чӧйилер кижи ӧзӧр погов,,,"Кийис чӧйилер, кижи ӧзӧр (Погов.)"
7375,1,кийнинеҥ,кийнинеҥ,,,кийнинеҥ ары јамандаар за глаза плохо говорить; кийнинеҥ јӱгӱрер (базар) бегать (ходить) за кем-либо
7375,2,ары јамандаар за глаза плохо говорить,ары јамандаар за глаза плохо говорить,,,кийнинеҥ ары јамандаар за глаза плохо говорить; кийнинеҥ јӱгӱрер (базар) бегать (ходить) за кем-либо
7375,3,кийнинеҥ јӱгӱрер (базар) бегать (ходить) за,кийнинеҥ јӱгӱрер базар бегать ходить за,,,кийнинеҥ ары јамандаар за глаза плохо говорить; кийнинеҥ јӱгӱрер (базар) бегать (ходить) за кем-либо
7375,4,кем-либо,кемлибо,,,кийнинеҥ ары јамандаар за глаза плохо говорить; кийнинеҥ јӱгӱрер (базар) бегать (ходить) за кем-либо
7379,1,"Коркыбас нӧкӧрине килеер,",коркыбас нӧкӧрине килеер,,,"Коркыбас нӧкӧрине килеер, коркынчак бойына килеер (Посл.) Смелый беспокоится о товарищах, трус заботится о себе"
7379,2,коркынчак бойына килеер (Посл.) Смелый,коркынчак бойына килеер посл смелый,,,"Коркыбас нӧкӧрине килеер, коркынчак бойына килеер (Посл.) Смелый беспокоится о товарищах, трус заботится о себе"
7379,3,"беспокоится о товарищах, трус заботится о",беспокоится о товарищах трус заботится о,,,"Коркыбас нӧкӧрине килеер, коркынчак бойына килеер (Посл.) Смелый беспокоится о товарищах, трус заботится о себе"
7379,4,себе,себе,,,"Коркыбас нӧкӧрине килеер, коркынчак бойына килеер (Посл.) Смелый беспокоится о товарищах, трус заботится о себе"
7387,1,килемјиниҥ фонды благотворительный,килемјиниҥ фонды благотворительный,,,килемјиниҥ фонды благотворительный фонд
7387,2,фонд,фонд,,,килемјиниҥ фонды благотворительный фонд
7389,1,Уйалбас кижиниҥ,уйалбас кижиниҥ,,,Уйалбас кижиниҥ маҥдайы килеҥ (Погов.) У бессовестного человека лоб гладкий
7389,2,маҥдайы килеҥ (Погов.) У бессовестного,маҥдайы килеҥ погов у бессовестного,,,Уйалбас кижиниҥ маҥдайы килеҥ (Погов.) У бессовестного человека лоб гладкий
7389,3,человека лоб гладкий,человека лоб гладкий,,,Уйалбас кижиниҥ маҥдайы килеҥ (Погов.) У бессовестного человека лоб гладкий
7424,1,кин эне,кин эне,,,"кин эне женщина, принимавшая роды и перерезавшая пуповину; кин бала единственный в семье ребёнок"
7424,2,"женщина, принимавшая роды и перерезавшая",женщина принимавшая роды и перерезавшая,,,"кин эне женщина, принимавшая роды и перерезавшая пуповину; кин бала единственный в семье ребёнок"
7424,3,пуповину,пуповину,,,"кин эне женщина, принимавшая роды и перерезавшая пуповину; кин бала единственный в семье ребёнок"
7424,4,кин бала единственный в семье,кин бала единственный в семье,,,"кин эне женщина, принимавшая роды и перерезавшая пуповину; кин бала единственный в семье ребёнок"
7424,5,ребёнок,ребёнок,,,"кин эне женщина, принимавшая роды и перерезавшая пуповину; кин бала единственный в семье ребёнок"
7427,1,"киндиги тайкылар,",киндиги тайкылар,,,"киндиги тайкылар, тӱжер надсадиться; эр киндиктӱ мужчина; 2) мужского пола"
7427,2,тӱжер надсадиться,тӱжер надсадиться,,,"киндиги тайкылар, тӱжер надсадиться; эр киндиктӱ мужчина; 2) мужского пола"
7427,3,эр киндиктӱ,эр киндиктӱ,,,"киндиги тайкылар, тӱжер надсадиться; эр киндиктӱ мужчина; 2) мужского пола"
7427,4,мужчина,мужчина,,,"киндиги тайкылар, тӱжер надсадиться; эр киндиктӱ мужчина; 2) мужского пола"
7427,5,2) мужского пола,2 мужского пола,,,"киндиги тайкылар, тӱжер надсадиться; эр киндиктӱ мужчина; 2) мужского пола"
7446,1,санаазы кирер умнеть,санаазы кирер умнеть,,,"санаазы кирер умнеть; санаазына кирер вспоминать; ичине кирер доходить до сердца, нравиться; колго кирер попадаться в руки, сдаваться; тыны кирер оживать; кӱчи кирип калган вошёл в силу, окреп; тӧлӱге кирер попасть в долги; эди-каны кирер войти в тело, поправляться; кепке кирер становиться общеизвестным, прославляться; јуртка (билеге) кирер влезать в семью"
7446,2,санаазына,санаазына,,,"санаазы кирер умнеть; санаазына кирер вспоминать; ичине кирер доходить до сердца, нравиться; колго кирер попадаться в руки, сдаваться; тыны кирер оживать; кӱчи кирип калган вошёл в силу, окреп; тӧлӱге кирер попасть в долги; эди-каны кирер войти в тело, поправляться; кепке кирер становиться общеизвестным, прославляться; јуртка (билеге) кирер влезать в семью"
7446,3,кирер вспоминать,кирер вспоминать,,,"санаазы кирер умнеть; санаазына кирер вспоминать; ичине кирер доходить до сердца, нравиться; колго кирер попадаться в руки, сдаваться; тыны кирер оживать; кӱчи кирип калган вошёл в силу, окреп; тӧлӱге кирер попасть в долги; эди-каны кирер войти в тело, поправляться; кепке кирер становиться общеизвестным, прославляться; јуртка (билеге) кирер влезать в семью"
7446,4,ичине кирер доходить до,ичине кирер доходить до,,,"санаазы кирер умнеть; санаазына кирер вспоминать; ичине кирер доходить до сердца, нравиться; колго кирер попадаться в руки, сдаваться; тыны кирер оживать; кӱчи кирип калган вошёл в силу, окреп; тӧлӱге кирер попасть в долги; эди-каны кирер войти в тело, поправляться; кепке кирер становиться общеизвестным, прославляться; јуртка (билеге) кирер влезать в семью"
7446,5,"сердца, нравиться",сердца нравиться,,,"санаазы кирер умнеть; санаазына кирер вспоминать; ичине кирер доходить до сердца, нравиться; колго кирер попадаться в руки, сдаваться; тыны кирер оживать; кӱчи кирип калган вошёл в силу, окреп; тӧлӱге кирер попасть в долги; эди-каны кирер войти в тело, поправляться; кепке кирер становиться общеизвестным, прославляться; јуртка (билеге) кирер влезать в семью"
7446,6,колго кирер попадаться в,колго кирер попадаться в,,,"санаазы кирер умнеть; санаазына кирер вспоминать; ичине кирер доходить до сердца, нравиться; колго кирер попадаться в руки, сдаваться; тыны кирер оживать; кӱчи кирип калган вошёл в силу, окреп; тӧлӱге кирер попасть в долги; эди-каны кирер войти в тело, поправляться; кепке кирер становиться общеизвестным, прославляться; јуртка (билеге) кирер влезать в семью"
7446,7,"руки, сдаваться",руки сдаваться,,,"санаазы кирер умнеть; санаазына кирер вспоминать; ичине кирер доходить до сердца, нравиться; колго кирер попадаться в руки, сдаваться; тыны кирер оживать; кӱчи кирип калган вошёл в силу, окреп; тӧлӱге кирер попасть в долги; эди-каны кирер войти в тело, поправляться; кепке кирер становиться общеизвестным, прославляться; јуртка (билеге) кирер влезать в семью"
7446,8,тыны кирер оживать,тыны кирер оживать,,,"санаазы кирер умнеть; санаазына кирер вспоминать; ичине кирер доходить до сердца, нравиться; колго кирер попадаться в руки, сдаваться; тыны кирер оживать; кӱчи кирип калган вошёл в силу, окреп; тӧлӱге кирер попасть в долги; эди-каны кирер войти в тело, поправляться; кепке кирер становиться общеизвестным, прославляться; јуртка (билеге) кирер влезать в семью"
7446,9,кӱчи,кӱчи,,,"санаазы кирер умнеть; санаазына кирер вспоминать; ичине кирер доходить до сердца, нравиться; колго кирер попадаться в руки, сдаваться; тыны кирер оживать; кӱчи кирип калган вошёл в силу, окреп; тӧлӱге кирер попасть в долги; эди-каны кирер войти в тело, поправляться; кепке кирер становиться общеизвестным, прославляться; јуртка (билеге) кирер влезать в семью"
7446,10,"кирип калган вошёл в силу, окреп",кирип калган вошёл в силу окреп,,,"санаазы кирер умнеть; санаазына кирер вспоминать; ичине кирер доходить до сердца, нравиться; колго кирер попадаться в руки, сдаваться; тыны кирер оживать; кӱчи кирип калган вошёл в силу, окреп; тӧлӱге кирер попасть в долги; эди-каны кирер войти в тело, поправляться; кепке кирер становиться общеизвестным, прославляться; јуртка (билеге) кирер влезать в семью"
7446,11,тӧлӱге,тӧлӱге,,,"санаазы кирер умнеть; санаазына кирер вспоминать; ичине кирер доходить до сердца, нравиться; колго кирер попадаться в руки, сдаваться; тыны кирер оживать; кӱчи кирип калган вошёл в силу, окреп; тӧлӱге кирер попасть в долги; эди-каны кирер войти в тело, поправляться; кепке кирер становиться общеизвестным, прославляться; јуртка (билеге) кирер влезать в семью"
7446,12,кирер попасть в долги,кирер попасть в долги,,,"санаазы кирер умнеть; санаазына кирер вспоминать; ичине кирер доходить до сердца, нравиться; колго кирер попадаться в руки, сдаваться; тыны кирер оживать; кӱчи кирип калган вошёл в силу, окреп; тӧлӱге кирер попасть в долги; эди-каны кирер войти в тело, поправляться; кепке кирер становиться общеизвестным, прославляться; јуртка (билеге) кирер влезать в семью"
7446,13,эди-каны кирер,эдиканы кирер,,,"санаазы кирер умнеть; санаазына кирер вспоминать; ичине кирер доходить до сердца, нравиться; колго кирер попадаться в руки, сдаваться; тыны кирер оживать; кӱчи кирип калган вошёл в силу, окреп; тӧлӱге кирер попасть в долги; эди-каны кирер войти в тело, поправляться; кепке кирер становиться общеизвестным, прославляться; јуртка (билеге) кирер влезать в семью"
7446,14,"войти в тело, поправляться",войти в тело поправляться,,,"санаазы кирер умнеть; санаазына кирер вспоминать; ичине кирер доходить до сердца, нравиться; колго кирер попадаться в руки, сдаваться; тыны кирер оживать; кӱчи кирип калган вошёл в силу, окреп; тӧлӱге кирер попасть в долги; эди-каны кирер войти в тело, поправляться; кепке кирер становиться общеизвестным, прославляться; јуртка (билеге) кирер влезать в семью"
7446,15,кепке кирер,кепке кирер,,,"санаазы кирер умнеть; санаазына кирер вспоминать; ичине кирер доходить до сердца, нравиться; колго кирер попадаться в руки, сдаваться; тыны кирер оживать; кӱчи кирип калган вошёл в силу, окреп; тӧлӱге кирер попасть в долги; эди-каны кирер войти в тело, поправляться; кепке кирер становиться общеизвестным, прославляться; јуртка (билеге) кирер влезать в семью"
7446,16,"становиться общеизвестным, прославляться",становиться общеизвестным прославляться,,,"санаазы кирер умнеть; санаазына кирер вспоминать; ичине кирер доходить до сердца, нравиться; колго кирер попадаться в руки, сдаваться; тыны кирер оживать; кӱчи кирип калган вошёл в силу, окреп; тӧлӱге кирер попасть в долги; эди-каны кирер войти в тело, поправляться; кепке кирер становиться общеизвестным, прославляться; јуртка (билеге) кирер влезать в семью"
7446,17,јуртка (билеге) кирер влезать в семью,јуртка билеге кирер влезать в семью,,,"санаазы кирер умнеть; санаазына кирер вспоминать; ичине кирер доходить до сердца, нравиться; колго кирер попадаться в руки, сдаваться; тыны кирер оживать; кӱчи кирип калган вошёл в силу, окреп; тӧлӱге кирер попасть в долги; эди-каны кирер войти в тело, поправляться; кепке кирер становиться общеизвестным, прославляться; јуртка (билеге) кирер влезать в семью"
7447,1,эдектиҥ кири мед. менструация,эдектиҥ кири мед менструация,,,эдектиҥ кири мед. менструация; кирге уймап салар смешать с грязью
7447,2,кирге,кирге,,,эдектиҥ кири мед. менструация; кирге уймап салар смешать с грязью
7447,3,уймап салар смешать с грязью,уймап салар смешать с грязью,,,эдектиҥ кири мед. менструация; кирге уймап салар смешать с грязью
7456,1,кире,кире,,,"кире вступительное слово, предисловие; введение, вступление"
7456,2,"вступительное слово, предисловие",вступительное слово предисловие,,,"кире вступительное слово, предисловие; введение, вступление"
7456,3,"введение,",введение,,,"кире вступительное слово, предисловие; введение, вступление"
7456,4,вступление,вступление,,,"кире вступительное слово, предисловие; введение, вступление"
7467,1,"бир кирезинде без изменений,",бир кирезинде без изменений,,,"бир кирезинде без изменений, кирези на одном уровне эту"
7467,2,кирези,кирези,,,"бир кирезинде без изменений, кирези на одном уровне эту"
7467,3,на одном уровне,на одном уровне,,,"бир кирезинде без изменений, кирези на одном уровне эту"
7467,4,эту,эту,,,"бир кирезинде без изменений, кирези на одном уровне эту"
7484,1,колы кирелӱ жадный,колы кирелӱ жадный,,,"колы кирелӱ жадный; кылыгы кирелӱ нехороший, плохой (по характеру)"
7484,2,кылыгы кирелӱ,кылыгы кирелӱ,,,"колы кирелӱ жадный; кылыгы кирелӱ нехороший, плохой (по характеру)"
7484,3,"нехороший, плохой (по характеру)",нехороший плохой по характеру,,,"колы кирелӱ жадный; кылыгы кирелӱ нехороший, плохой (по характеру)"
7488,1,јуртка кирижер влезать в чужую,јуртка кирижер влезать в чужую,,,јуртка кирижер влезать в чужую семью
7488,2,семью,семью,,,јуртка кирижер влезать в чужую семью
7492,1,кириш сӧс грам. вводное слово,кириш сӧс грам вводное слово,,,кириш сӧс грам. вводное слово; кириш эрмек грам. вводное предложение
7492,2,кириш эрмек грам. вводное предложение,кириш эрмек грам вводное предложение,,,кириш сӧс грам. вводное слово; кириш эрмек грам. вводное предложение
7519,1,ийт ле киске,ийт ле киске,,,ийт ле киске чилеп јадар жить как кошка с собакой -
7519,2,чилеп јадар жить как кошка с собакой,чилеп јадар жить как кошка с собакой,,,ийт ле киске чилеп јадар жить как кошка с собакой -
7519,3,-,-,,,ийт ле киске чилеп јадар жить как кошка с собакой -
7527,1,"Астыҥ ла кӧптиҥ кичеемели тӱҥей,",астыҥ ла кӧптиҥ кичеемели тӱҥей,,,"Астыҥ ла кӧптиҥ кичеемели тӱҥей, арыктыҥ ла семистиҥ бууры тӱҥей (Посл.)"
7527,2,арыктыҥ ла семистиҥ бууры тӱҥей (Посл.),арыктыҥ ла семистиҥ бууры тӱҥей посл,,,"Астыҥ ла кӧптиҥ кичеемели тӱҥей, арыктыҥ ла семистиҥ бууры тӱҥей (Посл.)"
7535,1,кичинек танык,кичинек танык,,,кичинек танык грам. строчная буква
7535,2,грам. строчная буква,грам строчная буква,,,кичинек танык грам. строчная буква
7539,1,кичӱ изӱ ай июнь,кичӱ изӱ ай июнь,,,кичӱ изӱ ай июнь (букв. месяц малой жары); кичӱ бий фольк. мизинец
7539,2,(букв. месяц малой жары),букв месяц малой жары,,,кичӱ изӱ ай июнь (букв. месяц малой жары); кичӱ бий фольк. мизинец
7539,3,кичӱ бий фольк.,кичӱ бий фольк,,,кичӱ изӱ ай июнь (букв. месяц малой жары); кичӱ бий фольк. мизинец
7539,4,мизинец,мизинец,,,кичӱ изӱ ай июнь (букв. месяц малой жары); кичӱ бий фольк. мизинец
7546,1,"Мал киштежип таныжар, кижи",мал киштежип таныжар кижи,,,"Мал киштежип таныжар, кижи куучындажып таныжар (Посл.) Лошади узнают друг друга, издавая ржание, человек знакомится, разговаривая друг с другом"
7546,2,куучындажып таныжар (Посл.) Лошади,куучындажып таныжар посл лошади,,,"Мал киштежип таныжар, кижи куучындажып таныжар (Посл.) Лошади узнают друг друга, издавая ржание, человек знакомится, разговаривая друг с другом"
7546,3,"узнают друг друга, издавая ржание, человек",узнают друг друга издавая ржание человек,,,"Мал киштежип таныжар, кижи куучындажып таныжар (Посл.) Лошади узнают друг друга, издавая ржание, человек знакомится, разговаривая друг с другом"
7546,4,"знакомится, разговаривая друг с другом",знакомится разговаривая друг с другом,,,"Мал киштежип таныжар, кижи куучындажып таныжар (Посл.) Лошади узнают друг друга, издавая ржание, человек знакомится, разговаривая друг с другом"
7560,1,кого болгон сынду стройный,кого болгон сынду стройный,,,кого болгон сынду стройный
7565,1,акчага когыс без,акчага когыс без,,,акчага когыс без денег
7565,2,денег,денег,,,акчага когыс без денег
7573,1,"Jакшы мал тӱгензе, кодырлу эчки",jакшы мал тӱгензе кодырлу эчки,,,"Jакшы мал тӱгензе, кодырлу эчки"
7596,1,кожоҥ-јыргал,кожоҥјыргал,,,"кожоҥ-јыргал собир. песни-игры; кожоҥ-каткы собир. песни-смех, веселье; кожоҥ-комыт собир. песни"
7596,2,собир. песни-игры,собир песниигры,,,"кожоҥ-јыргал собир. песни-игры; кожоҥ-каткы собир. песни-смех, веселье; кожоҥ-комыт собир. песни"
7596,3,кожоҥ-каткы собир.,кожоҥкаткы собир,,,"кожоҥ-јыргал собир. песни-игры; кожоҥ-каткы собир. песни-смех, веселье; кожоҥ-комыт собир. песни"
7596,4,"песни-смех, веселье",песнисмех веселье,,,"кожоҥ-јыргал собир. песни-игры; кожоҥ-каткы собир. песни-смех, веселье; кожоҥ-комыт собир. песни"
7596,5,кожоҥ-комыт собир.,кожоҥкомыт собир,,,"кожоҥ-јыргал собир. песни-игры; кожоҥ-каткы собир. песни-смех, веселье; кожоҥ-комыт собир. песни"
7596,6,песни,песни,,,"кожоҥ-јыргал собир. песни-игры; кожоҥ-каткы собир. песни-смех, веселье; кожоҥ-комыт собир. песни"
7608,1,кожулган колбу грам. примыкание,кожулган колбу грам примыкание,,,кожулган колбу грам. примыкание
7629,1,козыр булут кучевое облако,козыр булут кучевое облако,,,козыр булут кучевое облако
7641,1,кой булуттар мелкие облака,кой булуттар мелкие облака,,,кой булуттар мелкие облака; Кой јыл
7641,2,Кой јыл,кой јыл,,,кой булуттар мелкие облака; Кой јыл
7663,1,Койон jыл Год Зайца (название четвёртого,койон jыл год зайца название четвёртого,,,Койон jыл Год Зайца (название четвёртого года календаря с двенадцатилетним животным циклом); койон jӱрек трусливый (о человеке)
7663,2,года календаря с двенадцатилетним,года календаря с двенадцатилетним,,,Койон jыл Год Зайца (название четвёртого года календаря с двенадцатилетним животным циклом); койон jӱрек трусливый (о человеке)
7663,3,животным циклом),животным циклом,,,Койон jыл Год Зайца (название четвёртого года календаря с двенадцатилетним животным циклом); койон jӱрек трусливый (о человеке)
7663,4,койон jӱрек трусливый,койон jӱрек трусливый,,,Койон jыл Год Зайца (название четвёртого года календаря с двенадцатилетним животным циклом); койон jӱрек трусливый (о человеке)
7663,5,(о человеке),о человеке,,,Койон jыл Год Зайца (название четвёртого года календаря с двенадцатилетним животным циклом); койон jӱрек трусливый (о человеке)
7667,1,койонок байрам рел. вербное воскресенье,койонок байрам рел вербное воскресенье,,,койонок байрам рел. вербное воскресенье
7692,1,койу курсак,койу курсак,,,"койу курсак полноценная пища (приготовленная, перекус)"
7692,2,"полноценная пища (приготовленная,",полноценная пища приготовленная,,,"койу курсак полноценная пища (приготовленная, перекус)"
7692,3,перекус),перекус,,,"койу курсак полноценная пища (приготовленная, перекус)"
7705,1,теҥериниҥ койны,теҥериниҥ койны,,,теҥериниҥ койны небесный свод; jердиҥ койны недра земли; jалбырактыҥ койны бот. лоно листа (углубление между основанием листа и стеблем)
7705,2,небесный свод,небесный свод,,,теҥериниҥ койны небесный свод; jердиҥ койны недра земли; jалбырактыҥ койны бот. лоно листа (углубление между основанием листа и стеблем)
7705,3,jердиҥ койны недра земли,jердиҥ койны недра земли,,,теҥериниҥ койны небесный свод; jердиҥ койны недра земли; jалбырактыҥ койны бот. лоно листа (углубление между основанием листа и стеблем)
7705,4,jалбырактыҥ койны бот. лоно листа,jалбырактыҥ койны бот лоно листа,,,теҥериниҥ койны небесный свод; jердиҥ койны недра земли; jалбырактыҥ койны бот. лоно листа (углубление между основанием листа и стеблем)
7705,5,(углубление между основанием листа и,углубление между основанием листа и,,,теҥериниҥ койны небесный свод; jердиҥ койны недра земли; jалбырактыҥ койны бот. лоно листа (углубление между основанием листа и стеблем)
7705,6,стеблем),стеблем,,,теҥериниҥ койны небесный свод; jердиҥ койны недра земли; jалбырактыҥ койны бот. лоно листа (углубление между основанием листа и стеблем)
7710,1,колы кокту,колы кокту,,,"колы кокту щедрый; Јакшы аҥчыныҥ канјаазы канду, колы кокту (Посл.) У хорошего охотника торока [бывают] в крови, руки щедры"
7710,2,щедрый,щедрый,,,"колы кокту щедрый; Јакшы аҥчыныҥ канјаазы канду, колы кокту (Посл.) У хорошего охотника торока [бывают] в крови, руки щедры"
7710,3,"Јакшы аҥчыныҥ канјаазы канду,",јакшы аҥчыныҥ канјаазы канду,,,"колы кокту щедрый; Јакшы аҥчыныҥ канјаазы канду, колы кокту (Посл.) У хорошего охотника торока [бывают] в крови, руки щедры"
7710,4,колы кокту (Посл.) У хорошего охотника,колы кокту посл у хорошего охотника,,,"колы кокту щедрый; Јакшы аҥчыныҥ канјаазы канду, колы кокту (Посл.) У хорошего охотника торока [бывают] в крови, руки щедры"
7710,5,"торока [бывают] в крови, руки щедры",торока бывают в крови руки щедры,,,"колы кокту щедрый; Јакшы аҥчыныҥ канјаазы канду, колы кокту (Посл.) У хорошего охотника торока [бывают] в крови, руки щедры"
7767,1,кокыр jас,кокыр jас,,,"кокыр jас ранняя весна, когда старые запасы сена для скота закончились, молодая трава ещё не выросла, скот ещё не нажирован; ♦ Кокыр ла чынды кошсо, куучын болор (Посл.)"
7767,2,"ранняя весна, когда старые запасы сена для",ранняя весна когда старые запасы сена для,,,"кокыр jас ранняя весна, когда старые запасы сена для скота закончились, молодая трава ещё не выросла, скот ещё не нажирован; ♦ Кокыр ла чынды кошсо, куучын болор (Посл.)"
7767,3,"скота закончились, молодая трава ещё не",скота закончились молодая трава ещё не,,,"кокыр jас ранняя весна, когда старые запасы сена для скота закончились, молодая трава ещё не выросла, скот ещё не нажирован; ♦ Кокыр ла чынды кошсо, куучын болор (Посл.)"
7767,4,"выросла, скот ещё не нажирован",выросла скот ещё не нажирован,,,"кокыр jас ранняя весна, когда старые запасы сена для скота закончились, молодая трава ещё не выросла, скот ещё не нажирован; ♦ Кокыр ла чынды кошсо, куучын болор (Посл.)"
7767,5,♦ Кокыр,кокыр,,,"кокыр jас ранняя весна, когда старые запасы сена для скота закончились, молодая трава ещё не выросла, скот ещё не нажирован; ♦ Кокыр ла чынды кошсо, куучын болор (Посл.)"
7767,6,"ла чынды кошсо, куучын болор (Посл.)",ла чынды кошсо куучын болор посл,,,"кокыр jас ранняя весна, когда старые запасы сена для скота закончились, молодая трава ещё не выросла, скот ещё не нажирован; ♦ Кокыр ла чынды кошсо, куучын болор (Посл.)"
7780,1,колдоҥ,колдоҥ,,,"колдоҥ колго из рук в руки; кызыл колло голыми руками, безоружно; куру колду с пустыми руками; эки колдоп двумя руками; оныҥ колында в его ведении, в его руках; кол - караар ожидать что-либо из чужих рук смотреть в руки); колдо тудар держать узде; колдоҥ чыгар стать самостоятельным, встать на ноги; колго тӱжер находиться попечении; колго кирер попасть в колго кийдирер прибрать к рукам; колдоҥ садып алар купить с рук; колго алып носить на руках; кол салынар накладывать на себя руки; айры колына неме тутпас бездельничать; колдыҥ сыртыла эдер спустя рукава (букв. тыльной стороной кол кӧдӱрер 1) поднимать руку, голосовать; 2) бить"
7780,2,колго из рук в руки,колго из рук в руки,,,"колдоҥ колго из рук в руки; кызыл колло голыми руками, безоружно; куру колду с пустыми руками; эки колдоп двумя руками; оныҥ колында в его ведении, в его руках; кол - караар ожидать что-либо из чужих рук смотреть в руки); колдо тудар держать узде; колдоҥ чыгар стать самостоятельным, встать на ноги; колго тӱжер находиться попечении; колго кирер попасть в колго кийдирер прибрать к рукам; колдоҥ садып алар купить с рук; колго алып носить на руках; кол салынар накладывать на себя руки; айры колына неме тутпас бездельничать; колдыҥ сыртыла эдер спустя рукава (букв. тыльной стороной кол кӧдӱрер 1) поднимать руку, голосовать; 2) бить"
7780,3,кызыл колло голыми,кызыл колло голыми,,,"колдоҥ колго из рук в руки; кызыл колло голыми руками, безоружно; куру колду с пустыми руками; эки колдоп двумя руками; оныҥ колында в его ведении, в его руках; кол - караар ожидать что-либо из чужих рук смотреть в руки); колдо тудар держать узде; колдоҥ чыгар стать самостоятельным, встать на ноги; колго тӱжер находиться попечении; колго кирер попасть в колго кийдирер прибрать к рукам; колдоҥ садып алар купить с рук; колго алып носить на руках; кол салынар накладывать на себя руки; айры колына неме тутпас бездельничать; колдыҥ сыртыла эдер спустя рукава (букв. тыльной стороной кол кӧдӱрер 1) поднимать руку, голосовать; 2) бить"
7780,4,"руками, безоружно",руками безоружно,,,"колдоҥ колго из рук в руки; кызыл колло голыми руками, безоружно; куру колду с пустыми руками; эки колдоп двумя руками; оныҥ колында в его ведении, в его руках; кол - караар ожидать что-либо из чужих рук смотреть в руки); колдо тудар держать узде; колдоҥ чыгар стать самостоятельным, встать на ноги; колго тӱжер находиться попечении; колго кирер попасть в колго кийдирер прибрать к рукам; колдоҥ садып алар купить с рук; колго алып носить на руках; кол салынар накладывать на себя руки; айры колына неме тутпас бездельничать; колдыҥ сыртыла эдер спустя рукава (букв. тыльной стороной кол кӧдӱрер 1) поднимать руку, голосовать; 2) бить"
7780,5,куру колду с пустыми,куру колду с пустыми,,,"колдоҥ колго из рук в руки; кызыл колло голыми руками, безоружно; куру колду с пустыми руками; эки колдоп двумя руками; оныҥ колында в его ведении, в его руках; кол - караар ожидать что-либо из чужих рук смотреть в руки); колдо тудар держать узде; колдоҥ чыгар стать самостоятельным, встать на ноги; колго тӱжер находиться попечении; колго кирер попасть в колго кийдирер прибрать к рукам; колдоҥ садып алар купить с рук; колго алып носить на руках; кол салынар накладывать на себя руки; айры колына неме тутпас бездельничать; колдыҥ сыртыла эдер спустя рукава (букв. тыльной стороной кол кӧдӱрер 1) поднимать руку, голосовать; 2) бить"
7780,6,руками,руками,,,"колдоҥ колго из рук в руки; кызыл колло голыми руками, безоружно; куру колду с пустыми руками; эки колдоп двумя руками; оныҥ колында в его ведении, в его руках; кол - караар ожидать что-либо из чужих рук смотреть в руки); колдо тудар держать узде; колдоҥ чыгар стать самостоятельным, встать на ноги; колго тӱжер находиться попечении; колго кирер попасть в колго кийдирер прибрать к рукам; колдоҥ садып алар купить с рук; колго алып носить на руках; кол салынар накладывать на себя руки; айры колына неме тутпас бездельничать; колдыҥ сыртыла эдер спустя рукава (букв. тыльной стороной кол кӧдӱрер 1) поднимать руку, голосовать; 2) бить"
7780,7,эки колдоп двумя руками,эки колдоп двумя руками,,,"колдоҥ колго из рук в руки; кызыл колло голыми руками, безоружно; куру колду с пустыми руками; эки колдоп двумя руками; оныҥ колында в его ведении, в его руках; кол - караар ожидать что-либо из чужих рук смотреть в руки); колдо тудар держать узде; колдоҥ чыгар стать самостоятельным, встать на ноги; колго тӱжер находиться попечении; колго кирер попасть в колго кийдирер прибрать к рукам; колдоҥ садып алар купить с рук; колго алып носить на руках; кол салынар накладывать на себя руки; айры колына неме тутпас бездельничать; колдыҥ сыртыла эдер спустя рукава (букв. тыльной стороной кол кӧдӱрер 1) поднимать руку, голосовать; 2) бить"
7780,8,оныҥ,оныҥ,,,"колдоҥ колго из рук в руки; кызыл колло голыми руками, безоружно; куру колду с пустыми руками; эки колдоп двумя руками; оныҥ колында в его ведении, в его руках; кол - караар ожидать что-либо из чужих рук смотреть в руки); колдо тудар держать узде; колдоҥ чыгар стать самостоятельным, встать на ноги; колго тӱжер находиться попечении; колго кирер попасть в колго кийдирер прибрать к рукам; колдоҥ садып алар купить с рук; колго алып носить на руках; кол салынар накладывать на себя руки; айры колына неме тутпас бездельничать; колдыҥ сыртыла эдер спустя рукава (букв. тыльной стороной кол кӧдӱрер 1) поднимать руку, голосовать; 2) бить"
7780,9,"колында в его ведении, в его руках",колында в его ведении в его руках,,,"колдоҥ колго из рук в руки; кызыл колло голыми руками, безоружно; куру колду с пустыми руками; эки колдоп двумя руками; оныҥ колында в его ведении, в его руках; кол - караар ожидать что-либо из чужих рук смотреть в руки); колдо тудар держать узде; колдоҥ чыгар стать самостоятельным, встать на ноги; колго тӱжер находиться попечении; колго кирер попасть в колго кийдирер прибрать к рукам; колдоҥ садып алар купить с рук; колго алып носить на руках; кол салынар накладывать на себя руки; айры колына неме тутпас бездельничать; колдыҥ сыртыла эдер спустя рукава (букв. тыльной стороной кол кӧдӱрер 1) поднимать руку, голосовать; 2) бить"
7780,10,кол,кол,,,"колдоҥ колго из рук в руки; кызыл колло голыми руками, безоружно; куру колду с пустыми руками; эки колдоп двумя руками; оныҥ колында в его ведении, в его руках; кол - караар ожидать что-либо из чужих рук смотреть в руки); колдо тудар держать узде; колдоҥ чыгар стать самостоятельным, встать на ноги; колго тӱжер находиться попечении; колго кирер попасть в колго кийдирер прибрать к рукам; колдоҥ садып алар купить с рук; колго алып носить на руках; кол салынар накладывать на себя руки; айры колына неме тутпас бездельничать; колдыҥ сыртыла эдер спустя рукава (букв. тыльной стороной кол кӧдӱрер 1) поднимать руку, голосовать; 2) бить"
7780,11,-,-,,,"колдоҥ колго из рук в руки; кызыл колло голыми руками, безоружно; куру колду с пустыми руками; эки колдоп двумя руками; оныҥ колында в его ведении, в его руках; кол - караар ожидать что-либо из чужих рук смотреть в руки); колдо тудар держать узде; колдоҥ чыгар стать самостоятельным, встать на ноги; колго тӱжер находиться попечении; колго кирер попасть в колго кийдирер прибрать к рукам; колдоҥ садып алар купить с рук; колго алып носить на руках; кол салынар накладывать на себя руки; айры колына неме тутпас бездельничать; колдыҥ сыртыла эдер спустя рукава (букв. тыльной стороной кол кӧдӱрер 1) поднимать руку, голосовать; 2) бить"
7780,12,караар ожидать что-либо из чужих рук,караар ожидать чтолибо из чужих рук,,,"колдоҥ колго из рук в руки; кызыл колло голыми руками, безоружно; куру колду с пустыми руками; эки колдоп двумя руками; оныҥ колында в его ведении, в его руках; кол - караар ожидать что-либо из чужих рук смотреть в руки); колдо тудар держать узде; колдоҥ чыгар стать самостоятельным, встать на ноги; колго тӱжер находиться попечении; колго кирер попасть в колго кийдирер прибрать к рукам; колдоҥ садып алар купить с рук; колго алып носить на руках; кол салынар накладывать на себя руки; айры колына неме тутпас бездельничать; колдыҥ сыртыла эдер спустя рукава (букв. тыльной стороной кол кӧдӱрер 1) поднимать руку, голосовать; 2) бить"
7780,13,смотреть в руки),смотреть в руки,,,"колдоҥ колго из рук в руки; кызыл колло голыми руками, безоружно; куру колду с пустыми руками; эки колдоп двумя руками; оныҥ колында в его ведении, в его руках; кол - караар ожидать что-либо из чужих рук смотреть в руки); колдо тудар держать узде; колдоҥ чыгар стать самостоятельным, встать на ноги; колго тӱжер находиться попечении; колго кирер попасть в колго кийдирер прибрать к рукам; колдоҥ садып алар купить с рук; колго алып носить на руках; кол салынар накладывать на себя руки; айры колына неме тутпас бездельничать; колдыҥ сыртыла эдер спустя рукава (букв. тыльной стороной кол кӧдӱрер 1) поднимать руку, голосовать; 2) бить"
7780,14,колдо тудар держать,колдо тудар держать,,,"колдоҥ колго из рук в руки; кызыл колло голыми руками, безоружно; куру колду с пустыми руками; эки колдоп двумя руками; оныҥ колында в его ведении, в его руках; кол - караар ожидать что-либо из чужих рук смотреть в руки); колдо тудар держать узде; колдоҥ чыгар стать самостоятельным, встать на ноги; колго тӱжер находиться попечении; колго кирер попасть в колго кийдирер прибрать к рукам; колдоҥ садып алар купить с рук; колго алып носить на руках; кол салынар накладывать на себя руки; айры колына неме тутпас бездельничать; колдыҥ сыртыла эдер спустя рукава (букв. тыльной стороной кол кӧдӱрер 1) поднимать руку, голосовать; 2) бить"
7780,15,узде,узде,,,"колдоҥ колго из рук в руки; кызыл колло голыми руками, безоружно; куру колду с пустыми руками; эки колдоп двумя руками; оныҥ колында в его ведении, в его руках; кол - караар ожидать что-либо из чужих рук смотреть в руки); колдо тудар держать узде; колдоҥ чыгар стать самостоятельным, встать на ноги; колго тӱжер находиться попечении; колго кирер попасть в колго кийдирер прибрать к рукам; колдоҥ садып алар купить с рук; колго алып носить на руках; кол салынар накладывать на себя руки; айры колына неме тутпас бездельничать; колдыҥ сыртыла эдер спустя рукава (букв. тыльной стороной кол кӧдӱрер 1) поднимать руку, голосовать; 2) бить"
7780,16,"колдоҥ чыгар стать самостоятельным,",колдоҥ чыгар стать самостоятельным,,,"колдоҥ колго из рук в руки; кызыл колло голыми руками, безоружно; куру колду с пустыми руками; эки колдоп двумя руками; оныҥ колында в его ведении, в его руках; кол - караар ожидать что-либо из чужих рук смотреть в руки); колдо тудар держать узде; колдоҥ чыгар стать самостоятельным, встать на ноги; колго тӱжер находиться попечении; колго кирер попасть в колго кийдирер прибрать к рукам; колдоҥ садып алар купить с рук; колго алып носить на руках; кол салынар накладывать на себя руки; айры колына неме тутпас бездельничать; колдыҥ сыртыла эдер спустя рукава (букв. тыльной стороной кол кӧдӱрер 1) поднимать руку, голосовать; 2) бить"
7780,17,встать на ноги,встать на ноги,,,"колдоҥ колго из рук в руки; кызыл колло голыми руками, безоружно; куру колду с пустыми руками; эки колдоп двумя руками; оныҥ колында в его ведении, в его руках; кол - караар ожидать что-либо из чужих рук смотреть в руки); колдо тудар держать узде; колдоҥ чыгар стать самостоятельным, встать на ноги; колго тӱжер находиться попечении; колго кирер попасть в колго кийдирер прибрать к рукам; колдоҥ садып алар купить с рук; колго алып носить на руках; кол салынар накладывать на себя руки; айры колына неме тутпас бездельничать; колдыҥ сыртыла эдер спустя рукава (букв. тыльной стороной кол кӧдӱрер 1) поднимать руку, голосовать; 2) бить"
7780,18,колго тӱжер находиться,колго тӱжер находиться,,,"колдоҥ колго из рук в руки; кызыл колло голыми руками, безоружно; куру колду с пустыми руками; эки колдоп двумя руками; оныҥ колында в его ведении, в его руках; кол - караар ожидать что-либо из чужих рук смотреть в руки); колдо тудар держать узде; колдоҥ чыгар стать самостоятельным, встать на ноги; колго тӱжер находиться попечении; колго кирер попасть в колго кийдирер прибрать к рукам; колдоҥ садып алар купить с рук; колго алып носить на руках; кол салынар накладывать на себя руки; айры колына неме тутпас бездельничать; колдыҥ сыртыла эдер спустя рукава (букв. тыльной стороной кол кӧдӱрер 1) поднимать руку, голосовать; 2) бить"
7780,19,попечении,попечении,,,"колдоҥ колго из рук в руки; кызыл колло голыми руками, безоружно; куру колду с пустыми руками; эки колдоп двумя руками; оныҥ колында в его ведении, в его руках; кол - караар ожидать что-либо из чужих рук смотреть в руки); колдо тудар держать узде; колдоҥ чыгар стать самостоятельным, встать на ноги; колго тӱжер находиться попечении; колго кирер попасть в колго кийдирер прибрать к рукам; колдоҥ садып алар купить с рук; колго алып носить на руках; кол салынар накладывать на себя руки; айры колына неме тутпас бездельничать; колдыҥ сыртыла эдер спустя рукава (букв. тыльной стороной кол кӧдӱрер 1) поднимать руку, голосовать; 2) бить"
7780,20,колго кирер попасть в,колго кирер попасть в,,,"колдоҥ колго из рук в руки; кызыл колло голыми руками, безоружно; куру колду с пустыми руками; эки колдоп двумя руками; оныҥ колында в его ведении, в его руках; кол - караар ожидать что-либо из чужих рук смотреть в руки); колдо тудар держать узде; колдоҥ чыгар стать самостоятельным, встать на ноги; колго тӱжер находиться попечении; колго кирер попасть в колго кийдирер прибрать к рукам; колдоҥ садып алар купить с рук; колго алып носить на руках; кол салынар накладывать на себя руки; айры колына неме тутпас бездельничать; колдыҥ сыртыла эдер спустя рукава (букв. тыльной стороной кол кӧдӱрер 1) поднимать руку, голосовать; 2) бить"
7780,21,колго кийдирер прибрать к рукам,колго кийдирер прибрать к рукам,,,"колдоҥ колго из рук в руки; кызыл колло голыми руками, безоружно; куру колду с пустыми руками; эки колдоп двумя руками; оныҥ колында в его ведении, в его руках; кол - караар ожидать что-либо из чужих рук смотреть в руки); колдо тудар держать узде; колдоҥ чыгар стать самостоятельным, встать на ноги; колго тӱжер находиться попечении; колго кирер попасть в колго кийдирер прибрать к рукам; колдоҥ садып алар купить с рук; колго алып носить на руках; кол салынар накладывать на себя руки; айры колына неме тутпас бездельничать; колдыҥ сыртыла эдер спустя рукава (букв. тыльной стороной кол кӧдӱрер 1) поднимать руку, голосовать; 2) бить"
7780,22,колдоҥ,колдоҥ,,,"колдоҥ колго из рук в руки; кызыл колло голыми руками, безоружно; куру колду с пустыми руками; эки колдоп двумя руками; оныҥ колында в его ведении, в его руках; кол - караар ожидать что-либо из чужих рук смотреть в руки); колдо тудар держать узде; колдоҥ чыгар стать самостоятельным, встать на ноги; колго тӱжер находиться попечении; колго кирер попасть в колго кийдирер прибрать к рукам; колдоҥ садып алар купить с рук; колго алып носить на руках; кол салынар накладывать на себя руки; айры колына неме тутпас бездельничать; колдыҥ сыртыла эдер спустя рукава (букв. тыльной стороной кол кӧдӱрер 1) поднимать руку, голосовать; 2) бить"
7780,23,садып алар купить с рук,садып алар купить с рук,,,"колдоҥ колго из рук в руки; кызыл колло голыми руками, безоружно; куру колду с пустыми руками; эки колдоп двумя руками; оныҥ колында в его ведении, в его руках; кол - караар ожидать что-либо из чужих рук смотреть в руки); колдо тудар держать узде; колдоҥ чыгар стать самостоятельным, встать на ноги; колго тӱжер находиться попечении; колго кирер попасть в колго кийдирер прибрать к рукам; колдоҥ садып алар купить с рук; колго алып носить на руках; кол салынар накладывать на себя руки; айры колына неме тутпас бездельничать; колдыҥ сыртыла эдер спустя рукава (букв. тыльной стороной кол кӧдӱрер 1) поднимать руку, голосовать; 2) бить"
7780,24,колго алып,колго алып,,,"колдоҥ колго из рук в руки; кызыл колло голыми руками, безоружно; куру колду с пустыми руками; эки колдоп двумя руками; оныҥ колында в его ведении, в его руках; кол - караар ожидать что-либо из чужих рук смотреть в руки); колдо тудар держать узде; колдоҥ чыгар стать самостоятельным, встать на ноги; колго тӱжер находиться попечении; колго кирер попасть в колго кийдирер прибрать к рукам; колдоҥ садып алар купить с рук; колго алып носить на руках; кол салынар накладывать на себя руки; айры колына неме тутпас бездельничать; колдыҥ сыртыла эдер спустя рукава (букв. тыльной стороной кол кӧдӱрер 1) поднимать руку, голосовать; 2) бить"
7780,25,носить на руках,носить на руках,,,"колдоҥ колго из рук в руки; кызыл колло голыми руками, безоружно; куру колду с пустыми руками; эки колдоп двумя руками; оныҥ колында в его ведении, в его руках; кол - караар ожидать что-либо из чужих рук смотреть в руки); колдо тудар держать узде; колдоҥ чыгар стать самостоятельным, встать на ноги; колго тӱжер находиться попечении; колго кирер попасть в колго кийдирер прибрать к рукам; колдоҥ садып алар купить с рук; колго алып носить на руках; кол салынар накладывать на себя руки; айры колына неме тутпас бездельничать; колдыҥ сыртыла эдер спустя рукава (букв. тыльной стороной кол кӧдӱрер 1) поднимать руку, голосовать; 2) бить"
7780,26,кол салынар накладывать,кол салынар накладывать,,,"колдоҥ колго из рук в руки; кызыл колло голыми руками, безоружно; куру колду с пустыми руками; эки колдоп двумя руками; оныҥ колында в его ведении, в его руках; кол - караар ожидать что-либо из чужих рук смотреть в руки); колдо тудар держать узде; колдоҥ чыгар стать самостоятельным, встать на ноги; колго тӱжер находиться попечении; колго кирер попасть в колго кийдирер прибрать к рукам; колдоҥ садып алар купить с рук; колго алып носить на руках; кол салынар накладывать на себя руки; айры колына неме тутпас бездельничать; колдыҥ сыртыла эдер спустя рукава (букв. тыльной стороной кол кӧдӱрер 1) поднимать руку, голосовать; 2) бить"
7780,27,на себя руки,на себя руки,,,"колдоҥ колго из рук в руки; кызыл колло голыми руками, безоружно; куру колду с пустыми руками; эки колдоп двумя руками; оныҥ колында в его ведении, в его руках; кол - караар ожидать что-либо из чужих рук смотреть в руки); колдо тудар держать узде; колдоҥ чыгар стать самостоятельным, встать на ноги; колго тӱжер находиться попечении; колго кирер попасть в колго кийдирер прибрать к рукам; колдоҥ садып алар купить с рук; колго алып носить на руках; кол салынар накладывать на себя руки; айры колына неме тутпас бездельничать; колдыҥ сыртыла эдер спустя рукава (букв. тыльной стороной кол кӧдӱрер 1) поднимать руку, голосовать; 2) бить"
7780,28,айры колына неме тутпас,айры колына неме тутпас,,,"колдоҥ колго из рук в руки; кызыл колло голыми руками, безоружно; куру колду с пустыми руками; эки колдоп двумя руками; оныҥ колында в его ведении, в его руках; кол - караар ожидать что-либо из чужих рук смотреть в руки); колдо тудар держать узде; колдоҥ чыгар стать самостоятельным, встать на ноги; колго тӱжер находиться попечении; колго кирер попасть в колго кийдирер прибрать к рукам; колдоҥ садып алар купить с рук; колго алып носить на руках; кол салынар накладывать на себя руки; айры колына неме тутпас бездельничать; колдыҥ сыртыла эдер спустя рукава (букв. тыльной стороной кол кӧдӱрер 1) поднимать руку, голосовать; 2) бить"
7780,29,бездельничать,бездельничать,,,"колдоҥ колго из рук в руки; кызыл колло голыми руками, безоружно; куру колду с пустыми руками; эки колдоп двумя руками; оныҥ колында в его ведении, в его руках; кол - караар ожидать что-либо из чужих рук смотреть в руки); колдо тудар держать узде; колдоҥ чыгар стать самостоятельным, встать на ноги; колго тӱжер находиться попечении; колго кирер попасть в колго кийдирер прибрать к рукам; колдоҥ садып алар купить с рук; колго алып носить на руках; кол салынар накладывать на себя руки; айры колына неме тутпас бездельничать; колдыҥ сыртыла эдер спустя рукава (букв. тыльной стороной кол кӧдӱрер 1) поднимать руку, голосовать; 2) бить"
7780,30,колдыҥ сыртыла эдер,колдыҥ сыртыла эдер,,,"колдоҥ колго из рук в руки; кызыл колло голыми руками, безоружно; куру колду с пустыми руками; эки колдоп двумя руками; оныҥ колында в его ведении, в его руках; кол - караар ожидать что-либо из чужих рук смотреть в руки); колдо тудар держать узде; колдоҥ чыгар стать самостоятельным, встать на ноги; колго тӱжер находиться попечении; колго кирер попасть в колго кийдирер прибрать к рукам; колдоҥ садып алар купить с рук; колго алып носить на руках; кол салынар накладывать на себя руки; айры колына неме тутпас бездельничать; колдыҥ сыртыла эдер спустя рукава (букв. тыльной стороной кол кӧдӱрер 1) поднимать руку, голосовать; 2) бить"
7780,31,спустя рукава (букв. тыльной стороной,спустя рукава букв тыльной стороной,,,"колдоҥ колго из рук в руки; кызыл колло голыми руками, безоружно; куру колду с пустыми руками; эки колдоп двумя руками; оныҥ колында в его ведении, в его руках; кол - караар ожидать что-либо из чужих рук смотреть в руки); колдо тудар держать узде; колдоҥ чыгар стать самостоятельным, встать на ноги; колго тӱжер находиться попечении; колго кирер попасть в колго кийдирер прибрать к рукам; колдоҥ садып алар купить с рук; колго алып носить на руках; кол салынар накладывать на себя руки; айры колына неме тутпас бездельничать; колдыҥ сыртыла эдер спустя рукава (букв. тыльной стороной кол кӧдӱрер 1) поднимать руку, голосовать; 2) бить"
7780,32,"кол кӧдӱрер 1) поднимать руку, голосовать",кол кӧдӱрер 1 поднимать руку голосовать,,,"колдоҥ колго из рук в руки; кызыл колло голыми руками, безоружно; куру колду с пустыми руками; эки колдоп двумя руками; оныҥ колында в его ведении, в его руках; кол - караар ожидать что-либо из чужих рук смотреть в руки); колдо тудар держать узде; колдоҥ чыгар стать самостоятельным, встать на ноги; колго тӱжер находиться попечении; колго кирер попасть в колго кийдирер прибрать к рукам; колдоҥ садып алар купить с рук; колго алып носить на руках; кол салынар накладывать на себя руки; айры колына неме тутпас бездельничать; колдыҥ сыртыла эдер спустя рукава (букв. тыльной стороной кол кӧдӱрер 1) поднимать руку, голосовать; 2) бить"
7780,33,2) бить,2 бить,,,"колдоҥ колго из рук в руки; кызыл колло голыми руками, безоружно; куру колду с пустыми руками; эки колдоп двумя руками; оныҥ колында в его ведении, в его руках; кол - караар ожидать что-либо из чужих рук смотреть в руки); колдо тудар держать узде; колдоҥ чыгар стать самостоятельным, встать на ноги; колго тӱжер находиться попечении; колго кирер попасть в колго кийдирер прибрать к рукам; колдоҥ садып алар купить с рук; колго алып носить на руках; кол салынар накладывать на себя руки; айры колына неме тутпас бездельничать; колдыҥ сыртыла эдер спустя рукава (букв. тыльной стороной кол кӧдӱрер 1) поднимать руку, голосовать; 2) бить"
7790,1,эки де сӧс колбоп болбос говорить,эки де сӧс колбоп болбос говорить,,,"эки де сӧс колбоп болбос говорить затруднённо, несвязно"
7790,2,"затруднённо, несвязно",затруднённо несвязно,,,"эки де сӧс колбоп болбос говорить затруднённо, несвязно"
7794,1,грам.,грам,,,грам. колболу айдылаачы составное сказуемое; на колболу эрмек сложное предложение руки;
7794,2,колболу айдылаачы составное сказуемое,колболу айдылаачы составное сказуемое,,,грам. колболу айдылаачы составное сказуемое; на колболу эрмек сложное предложение руки;
7794,3,на колболу эрмек сложное предложение,на колболу эрмек сложное предложение,,,грам. колболу айдылаачы составное сказуемое; на колболу эрмек сложное предложение руки;
7794,4,руки,руки,,,грам. колболу айдылаачы составное сказуемое; на колболу эрмек сложное предложение руки;
7817,1,грам. колбулу куучын-эрмек,грам колбулу куучынэрмек,,,грам. колбулу куучын-эрмек связная речь
7817,2,связная речь,связная речь,,,грам. колбулу куучын-эрмек связная речь
7820,1,кол-бут,колбут,,,"кол-бут болор быть, становиться помощником; колго-бутка турар становиться на ноги"
7820,2,"болор быть, становиться помощником",болор быть становиться помощником,,,"кол-бут болор быть, становиться помощником; колго-бутка турар становиться на ноги"
7820,3,колго-бутка турар становиться на ноги,колгобутка турар становиться на ноги,,,"кол-бут болор быть, становиться помощником; колго-бутка турар становиться на ноги"
7949,1,"Салым сакытпас, конок кондырбас",салым сакытпас конок кондырбас,,,"Салым сакытпас, конок кондырбас (Погов.) Судьба не заставит ждать, смерть (букв. срок смерти) не заставит жить; Конок келзе, кижи ӧлӧр, коногы ӧтсӧ, ундылып калар (Погов.) Когда приходит срок, человек умирает, когда пройдут поминки ― забывается"
7949,2,"(Погов.) Судьба не заставит ждать, смерть",погов судьба не заставит ждать смерть,,,"Салым сакытпас, конок кондырбас (Погов.) Судьба не заставит ждать, смерть (букв. срок смерти) не заставит жить; Конок келзе, кижи ӧлӧр, коногы ӧтсӧ, ундылып калар (Погов.) Когда приходит срок, человек умирает, когда пройдут поминки ― забывается"
7949,3,(букв. срок смерти) не заставит жить,букв срок смерти не заставит жить,,,"Салым сакытпас, конок кондырбас (Погов.) Судьба не заставит ждать, смерть (букв. срок смерти) не заставит жить; Конок келзе, кижи ӧлӧр, коногы ӧтсӧ, ундылып калар (Погов.) Когда приходит срок, человек умирает, когда пройдут поминки ― забывается"
7949,4,Конок,конок,,,"Салым сакытпас, конок кондырбас (Погов.) Судьба не заставит ждать, смерть (букв. срок смерти) не заставит жить; Конок келзе, кижи ӧлӧр, коногы ӧтсӧ, ундылып калар (Погов.) Когда приходит срок, человек умирает, когда пройдут поминки ― забывается"
7949,5,"келзе, кижи ӧлӧр, коногы ӧтсӧ, ундылып",келзе кижи ӧлӧр коногы ӧтсӧ ундылып,,,"Салым сакытпас, конок кондырбас (Погов.) Судьба не заставит ждать, смерть (букв. срок смерти) не заставит жить; Конок келзе, кижи ӧлӧр, коногы ӧтсӧ, ундылып калар (Погов.) Когда приходит срок, человек умирает, когда пройдут поминки ― забывается"
7949,6,"калар (Погов.) Когда приходит срок,",калар погов когда приходит срок,,,"Салым сакытпас, конок кондырбас (Погов.) Судьба не заставит ждать, смерть (букв. срок смерти) не заставит жить; Конок келзе, кижи ӧлӧр, коногы ӧтсӧ, ундылып калар (Погов.) Когда приходит срок, человек умирает, когда пройдут поминки ― забывается"
7949,7,"человек умирает, когда пройдут поминки ―",человек умирает когда пройдут поминки,,,"Салым сакытпас, конок кондырбас (Погов.) Судьба не заставит ждать, смерть (букв. срок смерти) не заставит жить; Конок келзе, кижи ӧлӧр, коногы ӧтсӧ, ундылып калар (Погов.) Когда приходит срок, человек умирает, когда пройдут поминки ― забывается"
7949,8,забывается,забывается,,,"Салым сакытпас, конок кондырбас (Погов.) Судьба не заставит ждать, смерть (букв. срок смерти) не заставит жить; Конок келзе, кижи ӧлӧр, коногы ӧтсӧ, ундылып калар (Погов.) Когда приходит срок, человек умирает, когда пройдут поминки ― забывается"
7979,1,Куру,куру,,,Куру тил — коҥылтаҥ ӧдӱк (Погов.) Пустой язык — обувь на босу ногу
7979,2,тил,тил,коҥылтаҥ ӧдӱк (Погов.) Пустой язык,,Куру тил — коҥылтаҥ ӧдӱк (Погов.) Пустой язык — обувь на босу ногу
7979,3,— обувь на босу ногу,обувь на босу ногу,,,Куру тил — коҥылтаҥ ӧдӱк (Погов.) Пустой язык — обувь на босу ногу
7992,1,ат-коҥыс майский,аткоҥыс майский,,,ат-коҥыс майский жук; алтын-коҥыс светлячок; сӱт-коҥыс божья коровка
7992,2,жук,жук,,,ат-коҥыс майский жук; алтын-коҥыс светлячок; сӱт-коҥыс божья коровка
7992,3,алтын-коҥыс светлячок,алтынкоҥыс светлячок,,,ат-коҥыс майский жук; алтын-коҥыс светлячок; сӱт-коҥыс божья коровка
7992,4,сӱт-коҥыс,сӱткоҥыс,,,ат-коҥыс майский жук; алтын-коҥыс светлячок; сӱт-коҥыс божья коровка
7992,5,божья коровка,божья коровка,,,ат-коҥыс майский жук; алтын-коҥыс светлячок; сӱт-коҥыс божья коровка
8002,1,Кучаныҥ кооконогы тӱжерин сакыыр,кучаныҥ кооконогы тӱжерин сакыыр,,,Кучаныҥ кооконогы тӱжерин сакыыр
8056,1,кор jетирер убивать,кор jетирер убивать,,,кор jетирер убивать; кор болгон была потеря (о смерти человека)
8056,2,кор болгон,кор болгон,,,кор jетирер убивать; кор болгон была потеря (о смерти человека)
8056,3,была потеря (о смерти человека),была потеря о смерти человека,,,кор jетирер убивать; кор болгон была потеря (о смерти человека)
8087,1,"Иштеҥкейдеҥ иш коркыыр,",иштеҥкейдеҥ иш коркыыр,,,"Иштеҥкейдеҥ иш коркыыр, јалкудаҥ аш-курсак коркыыр (Посл.)"
8087,2,јалкудаҥ аш-курсак коркыыр (Посл.),јалкудаҥ ашкурсак коркыыр посл,,,"Иштеҥкейдеҥ иш коркыыр, јалкудаҥ аш-курсак коркыыр (Посл.)"
8095,1,Коркынчак кыр ажыра,коркынчак кыр ажыра,,,Коркынчак кыр ажыра јудругын тӱӱнет (Погов.) Трусливый через гору грозится кулаком [букв. сжимает кулак];
8095,2,јудругын тӱӱнет (Погов.) Трусливый через,јудругын тӱӱнет погов трусливый через,,,Коркынчак кыр ажыра јудругын тӱӱнет (Погов.) Трусливый через гору грозится кулаком [букв. сжимает кулак];
8095,3,гору грозится кулаком [букв. сжимает кулак],гору грозится кулаком букв сжимает кулак,,,Коркынчак кыр ажыра јудругын тӱӱнет (Погов.) Трусливый через гору грозится кулаком [букв. сжимает кулак];
8103,1,Јаман кадыт јанарыла,јаман кадыт јанарыла,,,"Јаман кадыт јанарыла коркыдар, јаман эр ӧлӧриле коркыдар (Погов.) Плохая баба уходом пугает, плохой мужчина [своей] смертью стращает"
8103,2,"коркыдар, јаман эр ӧлӧриле коркыдар",коркыдар јаман эр ӧлӧриле коркыдар,,,"Јаман кадыт јанарыла коркыдар, јаман эр ӧлӧриле коркыдар (Погов.) Плохая баба уходом пугает, плохой мужчина [своей] смертью стращает"
8103,3,"(Погов.) Плохая баба уходом пугает, плохой",погов плохая баба уходом пугает плохой,,,"Јаман кадыт јанарыла коркыдар, јаман эр ӧлӧриле коркыдар (Погов.) Плохая баба уходом пугает, плохой мужчина [своей] смертью стращает"
8103,4,мужчина [своей] смертью стращает,мужчина своей смертью стращает,,,"Јаман кадыт јанарыла коркыдар, јаман эр ӧлӧриле коркыдар (Погов.) Плохая баба уходом пугает, плохой мужчина [своей] смертью стращает"
8144,1,коронына тийер,коронына тийер,,,"коронына тийер раздражать, раздражаться; короны курыыр, короны тудар сердиться"
8144,2,"раздражать, раздражаться",раздражать раздражаться,,,"коронына тийер раздражать, раздражаться; короны курыыр, короны тудар сердиться"
8144,3,"короны курыыр,",короны курыыр,,,"коронына тийер раздражать, раздражаться; короны курыыр, короны тудар сердиться"
8144,4,короны тудар сердиться,короны тудар сердиться,,,"коронына тийер раздражать, раздражаться; короны курыыр, короны тудар сердиться"
8241,1,кожотон тоо мат. слагаемое,кожотон тоо мат слагаемое,,,кожотон тоо мат. слагаемое
8242,1,кош тазыл,кош тазыл,,,кош тазыл биол. побочный корень; кош эрмек грам. придаточное предложение; кош сурак дополнительный вопрос; кош арка узкая лесная полоса на южном склоне горы; кош кары 1) анат. лучевая кость (одна из костей предплечья у человека); 2) отростки за копытами (у раздельнокопытных)
8242,2,биол. побочный корень,биол побочный корень,,,кош тазыл биол. побочный корень; кош эрмек грам. придаточное предложение; кош сурак дополнительный вопрос; кош арка узкая лесная полоса на южном склоне горы; кош кары 1) анат. лучевая кость (одна из костей предплечья у человека); 2) отростки за копытами (у раздельнокопытных)
8242,3,кош эрмек грам.,кош эрмек грам,,,кош тазыл биол. побочный корень; кош эрмек грам. придаточное предложение; кош сурак дополнительный вопрос; кош арка узкая лесная полоса на южном склоне горы; кош кары 1) анат. лучевая кость (одна из костей предплечья у человека); 2) отростки за копытами (у раздельнокопытных)
8242,4,придаточное предложение,придаточное предложение,,,кош тазыл биол. побочный корень; кош эрмек грам. придаточное предложение; кош сурак дополнительный вопрос; кош арка узкая лесная полоса на южном склоне горы; кош кары 1) анат. лучевая кость (одна из костей предплечья у человека); 2) отростки за копытами (у раздельнокопытных)
8242,5,кош сурак до-,кош сурак до,,,кош тазыл биол. побочный корень; кош эрмек грам. придаточное предложение; кош сурак дополнительный вопрос; кош арка узкая лесная полоса на южном склоне горы; кош кары 1) анат. лучевая кость (одна из костей предплечья у человека); 2) отростки за копытами (у раздельнокопытных)
8242,6,полнительный вопрос,полнительный вопрос,,,кош тазыл биол. побочный корень; кош эрмек грам. придаточное предложение; кош сурак дополнительный вопрос; кош арка узкая лесная полоса на южном склоне горы; кош кары 1) анат. лучевая кость (одна из костей предплечья у человека); 2) отростки за копытами (у раздельнокопытных)
8242,7,кош арка узкая лес-,кош арка узкая лес,,,кош тазыл биол. побочный корень; кош эрмек грам. придаточное предложение; кош сурак дополнительный вопрос; кош арка узкая лесная полоса на южном склоне горы; кош кары 1) анат. лучевая кость (одна из костей предплечья у человека); 2) отростки за копытами (у раздельнокопытных)
8242,8,ная полоса на южном склоне горы,ная полоса на южном склоне горы,,,кош тазыл биол. побочный корень; кош эрмек грам. придаточное предложение; кош сурак дополнительный вопрос; кош арка узкая лесная полоса на южном склоне горы; кош кары 1) анат. лучевая кость (одна из костей предплечья у человека); 2) отростки за копытами (у раздельнокопытных)
8242,9,кош кары,кош кары,,,кош тазыл биол. побочный корень; кош эрмек грам. придаточное предложение; кош сурак дополнительный вопрос; кош арка узкая лесная полоса на южном склоне горы; кош кары 1) анат. лучевая кость (одна из костей предплечья у человека); 2) отростки за копытами (у раздельнокопытных)
8242,10,1) анат. лучевая кость (одна из костей пред-,1 анат лучевая кость одна из костей пред,,,кош тазыл биол. побочный корень; кош эрмек грам. придаточное предложение; кош сурак дополнительный вопрос; кош арка узкая лесная полоса на южном склоне горы; кош кары 1) анат. лучевая кость (одна из костей предплечья у человека); 2) отростки за копытами (у раздельнокопытных)
8242,11,плечья у человека),плечья у человека,,,кош тазыл биол. побочный корень; кош эрмек грам. придаточное предложение; кош сурак дополнительный вопрос; кош арка узкая лесная полоса на южном склоне горы; кош кары 1) анат. лучевая кость (одна из костей предплечья у человека); 2) отростки за копытами (у раздельнокопытных)
8242,12,2) отростки за копытами,2 отростки за копытами,,,кош тазыл биол. побочный корень; кош эрмек грам. придаточное предложение; кош сурак дополнительный вопрос; кош арка узкая лесная полоса на южном склоне горы; кош кары 1) анат. лучевая кость (одна из костей предплечья у человека); 2) отростки за копытами (у раздельнокопытных)
8242,13,(у раздельнокопытных),у раздельнокопытных,,,кош тазыл биол. побочный корень; кош эрмек грам. придаточное предложение; кош сурак дополнительный вопрос; кош арка узкая лесная полоса на южном склоне горы; кош кары 1) анат. лучевая кость (одна из костей предплечья у человека); 2) отростки за копытами (у раздельнокопытных)
8244,1,кош,кош,,,"кош ат запасная (вьючная) лошадь, припряженная лошадь"
8244,2,"ат запасная (вьючная) лошадь, припряженная",ат запасная вьючная лошадь припряженная,,,"кош ат запасная (вьючная) лошадь, припряженная лошадь"
8244,3,лошадь,лошадь,,,"кош ат запасная (вьючная) лошадь, припряженная лошадь"
8275,1,кӧбизинде в большинстве,кӧбизинде в большинстве,,,"кӧбизинде в большинстве случаев, в большинстве"
8275,2,"случаев, в большинстве",случаев в большинстве,,,"кӧбизинде в большинстве случаев, в большинстве"
8276,1,"Кӧбӧктиҥ казаны кайнабас, коҥорлу",кӧбӧктиҥ казаны кайнабас коҥорлу,,,"Кӧбӧктиҥ казаны кайнабас, коҥорлу аркыт тургуспас (Погов.) У кёбёков котёл не варится, кожанный сосуд [со спиртным] не ставится"
8276,2,аркыт тургуспас (Погов.) У кёбёков котёл,аркыт тургуспас погов у кёбёков котёл,,,"Кӧбӧктиҥ казаны кайнабас, коҥорлу аркыт тургуспас (Погов.) У кёбёков котёл не варится, кожанный сосуд [со спиртным] не ставится"
8276,3,"не варится, кожанный сосуд [со спиртным] не",не варится кожанный сосуд со спиртным не,,,"Кӧбӧктиҥ казаны кайнабас, коҥорлу аркыт тургуспас (Погов.) У кёбёков котёл не варится, кожанный сосуд [со спиртным] не ставится"
8276,4,ставится,ставится,,,"Кӧбӧктиҥ казаны кайнабас, коҥорлу аркыт тургуспас (Погов.) У кёбёков котёл не варится, кожанный сосуд [со спиртным] не ставится"
8289,1,кӧбӱк эт мясо между лопатками,кӧбӱк эт мясо между лопатками,,,кӧбӱк эт мясо между лопатками; оору мед. водянка
8289,2,оору мед. водянка,оору мед водянка,,,кӧбӱк эт мясо между лопатками; оору мед. водянка
8323,1,"кӧксиле туй турар защищать грудью,",кӧксиле туй турар защищать грудью,,,"кӧксиле туй турар защищать грудью, встать грудью на защиту; кӧксине алынбас бестолковый; кӧгӱс карынду аккуратный живот (о беременной женщине с маленьким животом); сокы кӧгӱстӱ кижи крепкий человек (букв. человек с грудью, словно ступа)"
8323,2,встать грудью на защиту,встать грудью на защиту,,,"кӧксиле туй турар защищать грудью, встать грудью на защиту; кӧксине алынбас бестолковый; кӧгӱс карынду аккуратный живот (о беременной женщине с маленьким животом); сокы кӧгӱстӱ кижи крепкий человек (букв. человек с грудью, словно ступа)"
8323,3,кӧксине алынбас,кӧксине алынбас,,,"кӧксиле туй турар защищать грудью, встать грудью на защиту; кӧксине алынбас бестолковый; кӧгӱс карынду аккуратный живот (о беременной женщине с маленьким животом); сокы кӧгӱстӱ кижи крепкий человек (букв. человек с грудью, словно ступа)"
8323,4,бестолковый,бестолковый,,,"кӧксиле туй турар защищать грудью, встать грудью на защиту; кӧксине алынбас бестолковый; кӧгӱс карынду аккуратный живот (о беременной женщине с маленьким животом); сокы кӧгӱстӱ кижи крепкий человек (букв. человек с грудью, словно ступа)"
8323,5,кӧгӱс карынду аккуратный,кӧгӱс карынду аккуратный,,,"кӧксиле туй турар защищать грудью, встать грудью на защиту; кӧксине алынбас бестолковый; кӧгӱс карынду аккуратный живот (о беременной женщине с маленьким животом); сокы кӧгӱстӱ кижи крепкий человек (букв. человек с грудью, словно ступа)"
8323,6,живот (о беременной женщине с маленьким,живот о беременной женщине с маленьким,,,"кӧксиле туй турар защищать грудью, встать грудью на защиту; кӧксине алынбас бестолковый; кӧгӱс карынду аккуратный живот (о беременной женщине с маленьким животом); сокы кӧгӱстӱ кижи крепкий человек (букв. человек с грудью, словно ступа)"
8323,7,животом),животом,,,"кӧксиле туй турар защищать грудью, встать грудью на защиту; кӧксине алынбас бестолковый; кӧгӱс карынду аккуратный живот (о беременной женщине с маленьким животом); сокы кӧгӱстӱ кижи крепкий человек (букв. человек с грудью, словно ступа)"
8323,8,сокы кӧгӱстӱ кижи крепкий,сокы кӧгӱстӱ кижи крепкий,,,"кӧксиле туй турар защищать грудью, встать грудью на защиту; кӧксине алынбас бестолковый; кӧгӱс карынду аккуратный живот (о беременной женщине с маленьким животом); сокы кӧгӱстӱ кижи крепкий человек (букв. человек с грудью, словно ступа)"
8323,9,"человек (букв. человек с грудью, словно",человек букв человек с грудью словно,,,"кӧксиле туй турар защищать грудью, встать грудью на защиту; кӧксине алынбас бестолковый; кӧгӱс карынду аккуратный живот (о беременной женщине с маленьким животом); сокы кӧгӱстӱ кижи крепкий человек (букв. человек с грудью, словно ступа)"
8323,10,ступа),ступа,,,"кӧксиле туй турар защищать грудью, встать грудью на защиту; кӧксине алынбас бестолковый; кӧгӱс карынду аккуратный живот (о беременной женщине с маленьким животом); сокы кӧгӱстӱ кижи крепкий человек (букв. человек с грудью, словно ступа)"
8325,1,кӧгӱске алынар,кӧгӱске алынар,,,кӧгӱске алынар разуметь
8325,2,разуметь,разуметь,,,кӧгӱске алынар разуметь
8327,1,кӧдӧни јарылганча кыйгырар громко,кӧдӧни јарылганча кыйгырар громко,,,"кӧдӧни јарылганча кыйгырар громко орать; кӧдӧни учун јӱрер, кара кӧдӧнине салдырган жить ради живота своего"
8327,2,орать,орать,,,"кӧдӧни јарылганча кыйгырар громко орать; кӧдӧни учун јӱрер, кара кӧдӧнине салдырган жить ради живота своего"
8327,3,"кӧдӧни учун јӱрер, кара кӧдӧнине",кӧдӧни учун јӱрер кара кӧдӧнине,,,"кӧдӧни јарылганча кыйгырар громко орать; кӧдӧни учун јӱрер, кара кӧдӧнине салдырган жить ради живота своего"
8327,4,салдырган жить ради живота своего,салдырган жить ради живота своего,,,"кӧдӧни јарылганча кыйгырар громко орать; кӧдӧни учун јӱрер, кара кӧдӧнине салдырган жить ради живота своего"
8333,1,"кӧдӱрбей иштеер работать, не покладая",кӧдӱрбей иштеер работать не покладая,,,"кӧдӱрбей иштеер работать, не покладая рук (букв. работать, не поднимая головы); аракы кӧдӱрбес кижи не пьющий человек, не умеющий пить"
8333,2,"рук (букв. работать, не поднимая головы)",рук букв работать не поднимая головы,,,"кӧдӱрбей иштеер работать, не покладая рук (букв. работать, не поднимая головы); аракы кӧдӱрбес кижи не пьющий человек, не умеющий пить"
8333,3,"аракы кӧдӱрбес кижи не пьющий человек,",аракы кӧдӱрбес кижи не пьющий человек,,,"кӧдӱрбей иштеер работать, не покладая рук (букв. работать, не поднимая головы); аракы кӧдӱрбес кижи не пьющий человек, не умеющий пить"
8333,4,не умеющий пить,не умеющий пить,,,"кӧдӱрбей иштеер работать, не покладая рук (букв. работать, не поднимая головы); аракы кӧдӱрбес кижи не пьющий человек, не умеющий пить"
8358,1,бууры кӧжигенче,бууры кӧжигенче,,,"бууры кӧжигенче каткырар смеяться до изнеможения, до боли в печени"
8358,2,"каткырар смеяться до изнеможения, до боли",каткырар смеяться до изнеможения до боли,,,"бууры кӧжигенче каткырар смеяться до изнеможения, до боли в печени"
8358,3,в печени,в печени,,,"бууры кӧжигенче каткырар смеяться до изнеможения, до боли в печени"
8376,1,кӧзӧрдиҥ кӧзи масть карты,кӧзӧрдиҥ кӧзи масть карты,,,"кӧзӧрдиҥ кӧзи масть карты; кӧзӧрлӱ чач волосы с чубом (впереди небольшой чуб, остальная часть острижена наголо)"
8376,2,кӧзӧрлӱ чач волосы с чубом (впереди,кӧзӧрлӱ чач волосы с чубом впереди,,,"кӧзӧрдиҥ кӧзи масть карты; кӧзӧрлӱ чач волосы с чубом (впереди небольшой чуб, остальная часть острижена наголо)"
8376,3,"небольшой чуб, остальная часть острижена",небольшой чуб остальная часть острижена,,,"кӧзӧрдиҥ кӧзи масть карты; кӧзӧрлӱ чач волосы с чубом (впереди небольшой чуб, остальная часть острижена наголо)"
8376,4,наголо),наголо,,,"кӧзӧрдиҥ кӧзи масть карты; кӧзӧрлӱ чач волосы с чубом (впереди небольшой чуб, остальная часть острижена наголо)"
8392,1,Кӧк Чолмон астр. Венера,кӧк чолмон астр венера,,,Кӧк Чолмон астр. Венера; ср.
8392,2,ср.,ср,,,Кӧк Чолмон астр. Венера; ср.
8396,1,кӧк албанла насильно,кӧк албанла насильно,,,кӧк албанла насильно; кӧк јитке лентяй
8396,2,кӧк,кӧк,,,кӧк албанла насильно; кӧк јитке лентяй
8396,3,јитке лентяй,јитке лентяй,,,кӧк албанла насильно; кӧк јитке лентяй
8454,1,Алтын-Кӧл Телецкое озеро,алтынкӧл телецкое озеро,,,Алтын-Кӧл Телецкое озеро
8478,1,"тирӱ кӧлӧткӧ худой,",тирӱ кӧлӧткӧ худой,,,"тирӱ кӧлӧткӧ худой, немощный (букв. живая тень); Коркынчак кӧлӧткӧзинеҥ де коркыйт (Погов.) Трус и тени своей боится"
8478,2,немощный (букв. живая тень),немощный букв живая тень,,,"тирӱ кӧлӧткӧ худой, немощный (букв. живая тень); Коркынчак кӧлӧткӧзинеҥ де коркыйт (Погов.) Трус и тени своей боится"
8478,3,Коркынчак,коркынчак,,,"тирӱ кӧлӧткӧ худой, немощный (букв. живая тень); Коркынчак кӧлӧткӧзинеҥ де коркыйт (Погов.) Трус и тени своей боится"
8478,4,кӧлӧткӧзинеҥ де коркыйт (Погов.) Трус и,кӧлӧткӧзинеҥ де коркыйт погов трус и,,,"тирӱ кӧлӧткӧ худой, немощный (букв. живая тень); Коркынчак кӧлӧткӧзинеҥ де коркыйт (Погов.) Трус и тени своей боится"
8478,5,тени своей боится,тени своей боится,,,"тирӱ кӧлӧткӧ худой, немощный (букв. живая тень); Коркынчак кӧлӧткӧзинеҥ де коркыйт (Погов.) Трус и тени своей боится"
8497,1,"Кӧрзӧ ― кӧмзӧ, кӧдӱрзе ― уур (Заг.)",кӧрзӧ кӧмзӧ кӧдӱрзе уур заг,,,"Кӧрзӧ ― кӧмзӧ, кӧдӱрзе ― уур (Заг.)"
8515,1,акчага кӧмӱлер купаться в,акчага кӧмӱлер купаться в,,,акчага кӧмӱлер купаться в деньгах; кӱлге кӧмӱлер быть засыпанным золой (о ленивом человеке)
8515,2,деньгах,деньгах,,,акчага кӧмӱлер купаться в деньгах; кӱлге кӧмӱлер быть засыпанным золой (о ленивом человеке)
8515,3,кӱлге кӧмӱлер быть засыпанным,кӱлге кӧмӱлер быть засыпанным,,,акчага кӧмӱлер купаться в деньгах; кӱлге кӧмӱлер быть засыпанным золой (о ленивом человеке)
8515,4,золой (о ленивом человеке),золой о ленивом человеке,,,акчага кӧмӱлер купаться в деньгах; кӱлге кӧмӱлер быть засыпанным золой (о ленивом человеке)
8528,1,"ала кӧндӧлӧҥ внезапно,",ала кӧндӧлӧҥ внезапно,,,"ала кӧндӧлӧҥ внезапно, неожиданно; ни с того, ни с сего; кӧндӧлӧҥ база берер ходить, ни о чём не задумываясь, быть беспечным"
8528,2,неожиданно,неожиданно,,,"ала кӧндӧлӧҥ внезапно, неожиданно; ни с того, ни с сего; кӧндӧлӧҥ база берер ходить, ни о чём не задумываясь, быть беспечным"
8528,3,"ни с того, ни с сего",ни с того ни с сего,,,"ала кӧндӧлӧҥ внезапно, неожиданно; ни с того, ни с сего; кӧндӧлӧҥ база берер ходить, ни о чём не задумываясь, быть беспечным"
8528,4,кӧндӧлӧҥ,кӧндӧлӧҥ,,,"ала кӧндӧлӧҥ внезапно, неожиданно; ни с того, ни с сего; кӧндӧлӧҥ база берер ходить, ни о чём не задумываясь, быть беспечным"
8528,5,"база берер ходить, ни о чём не задумываясь,",база берер ходить ни о чём не задумываясь,,,"ала кӧндӧлӧҥ внезапно, неожиданно; ни с того, ни с сего; кӧндӧлӧҥ база берер ходить, ни о чём не задумываясь, быть беспечным"
8528,6,быть беспечным,быть беспечным,,,"ала кӧндӧлӧҥ внезапно, неожиданно; ни с того, ни с сего; кӧндӧлӧҥ база берер ходить, ни о чём не задумываясь, быть беспечным"
8551,1,кӧнӧктӧҥ чылап,кӧнӧктӧҥ чылап,,,кӧнӧктӧҥ чылап уруп jат льёт как из ведра (о проливном дожде)
8551,2,уруп jат льёт как из ведра (о проливном,уруп jат льёт как из ведра о проливном,,,кӧнӧктӧҥ чылап уруп jат льёт как из ведра (о проливном дожде)
8551,3,дожде),дожде,,,кӧнӧктӧҥ чылап уруп jат льёт как из ведра (о проливном дожде)
8562,1,кӧнӱ куучын,кӧнӱ куучын,,,кӧнӱ куучын повесть
8562,2,повесть,повесть,,,кӧнӱ куучын повесть
8570,1,"Јаманныҥ jолы jайтак болор, jазап",јаманныҥ jолы jайтак болор jазап,,,"Јаманныҥ jолы jайтак болор, jазап басса, кӧҥ болор (Погов.) Дорога плохого - [человека] будет скользкой, но, если идти ней правильно, то будет твёрдой"
8570,2,"басса, кӧҥ болор (Погов.) Дорога плохого",басса кӧҥ болор погов дорога плохого,,,"Јаманныҥ jолы jайтак болор, jазап басса, кӧҥ болор (Погов.) Дорога плохого - [человека] будет скользкой, но, если идти ней правильно, то будет твёрдой"
8570,3,-,-,,,"Јаманныҥ jолы jайтак болор, jазап басса, кӧҥ болор (Погов.) Дорога плохого - [человека] будет скользкой, но, если идти ней правильно, то будет твёрдой"
8570,4,"[человека] будет скользкой, но, если идти",человека будет скользкой но если идти,,,"Јаманныҥ jолы jайтак болор, jазап басса, кӧҥ болор (Погов.) Дорога плохого - [человека] будет скользкой, но, если идти ней правильно, то будет твёрдой"
8570,5,"ней правильно, то будет твёрдой",ней правильно то будет твёрдой,,,"Јаманныҥ jолы jайтак болор, jазап басса, кӧҥ болор (Погов.) Дорога плохого - [человека] будет скользкой, но, если идти ней правильно, то будет твёрдой"
8573,1,кӧҥдӧй баш пустоголо-,кӧҥдӧй баш пустоголо,,,"кӧҥдӧй баш пустоголовый, глупый человек; кӧҥдӧй мылтык нокалиберное фитильное ружьё; Кӧҥдӧйдӧҥ кӧк бӧрӱ чыга конды (Заг.) Из пустоты рый волк выскочил"
8573,2,"вый, глупый человек",вый глупый человек,,,"кӧҥдӧй баш пустоголовый, глупый человек; кӧҥдӧй мылтык нокалиберное фитильное ружьё; Кӧҥдӧйдӧҥ кӧк бӧрӱ чыга конды (Заг.) Из пустоты рый волк выскочил"
8573,3,кӧҥдӧй мылтык,кӧҥдӧй мылтык,,,"кӧҥдӧй баш пустоголовый, глупый человек; кӧҥдӧй мылтык нокалиберное фитильное ружьё; Кӧҥдӧйдӧҥ кӧк бӧрӱ чыга конды (Заг.) Из пустоты рый волк выскочил"
8573,4,нокалиберное фитильное ружьё,нокалиберное фитильное ружьё,,,"кӧҥдӧй баш пустоголовый, глупый человек; кӧҥдӧй мылтык нокалиберное фитильное ружьё; Кӧҥдӧйдӧҥ кӧк бӧрӱ чыга конды (Заг.) Из пустоты рый волк выскочил"
8573,5,Кӧҥдӧйдӧҥ,кӧҥдӧйдӧҥ,,,"кӧҥдӧй баш пустоголовый, глупый человек; кӧҥдӧй мылтык нокалиберное фитильное ружьё; Кӧҥдӧйдӧҥ кӧк бӧрӱ чыга конды (Заг.) Из пустоты рый волк выскочил"
8573,6,кӧк бӧрӱ чыга конды (Заг.) Из пустоты,кӧк бӧрӱ чыга конды заг из пустоты,,,"кӧҥдӧй баш пустоголовый, глупый человек; кӧҥдӧй мылтык нокалиберное фитильное ружьё; Кӧҥдӧйдӧҥ кӧк бӧрӱ чыга конды (Заг.) Из пустоты рый волк выскочил"
8573,7,рый волк выскочил,рый волк выскочил,,,"кӧҥдӧй баш пустоголовый, глупый человек; кӧҥдӧй мылтык нокалиберное фитильное ружьё; Кӧҥдӧйдӧҥ кӧк бӧрӱ чыга конды (Заг.) Из пустоты рый волк выскочил"
8593,1,"кӧҥкӧрӧ кӧрӧр смотреть вниз, упрямиться",кӧҥкӧрӧ кӧрӧр смотреть вниз упрямиться,,,"кӧҥкӧрӧ кӧрӧр смотреть вниз, упрямиться"
8600,1,кӧӧ кумак россыпь из,кӧӧ кумак россыпь из,,,кӧӧ кумак россыпь из плоских камней
8600,2,плоских камней,плоских камней,,,кӧӧ кумак россыпь из плоских камней
8613,1,Кӧӧлмӧк сууда,кӧӧлмӧк сууда,,,"Кӧӧлмӧк сууда кӧрмӧс болор (Погов.) В стоячей (букв. - запруженной, озёрной) воде черти водятся"
8613,2,кӧрмӧс болор (Погов.) В стоячей (букв.,кӧрмӧс болор погов в стоячей букв,,,"Кӧӧлмӧк сууда кӧрмӧс болор (Погов.) В стоячей (букв. - запруженной, озёрной) воде черти водятся"
8613,3,-,-,,,"Кӧӧлмӧк сууда кӧрмӧс болор (Погов.) В стоячей (букв. - запруженной, озёрной) воде черти водятся"
8613,4,"запруженной, озёрной) воде черти водятся",запруженной озёрной воде черти водятся,,,"Кӧӧлмӧк сууда кӧрмӧс болор (Погов.) В стоячей (букв. - запруженной, озёрной) воде черти водятся"
8633,1,Кӧӧрӧҥкӧй кӧлгӧ дӧ калып,кӧӧрӧҥкӧй кӧлгӧ дӧ калып,,,Кӧӧрӧҥкӧй кӧлгӧ дӧ калып ийер (Погов.) Легко возбудимый человек может и в озеро прыгнуть
8633,2,ийер (Погов.) Легко возбудимый человек,ийер погов легко возбудимый человек,,,Кӧӧрӧҥкӧй кӧлгӧ дӧ калып ийер (Погов.) Легко возбудимый человек может и в озеро прыгнуть
8633,3,может и в озеро прыгнуть,может и в озеро прыгнуть,,,Кӧӧрӧҥкӧй кӧлгӧ дӧ калып ийер (Погов.) Легко возбудимый человек может и в озеро прыгнуть
8646,1,кӧп,кӧп,,,"кӧп катап многократно; кӧп jаны большая часть, большинство; кӧп саба, кӧп сабазы большинство; кӧп сабазында большей частью; кӧп тоо грам. множественное число"
8646,2,катап многократно,катап многократно,,,"кӧп катап многократно; кӧп jаны большая часть, большинство; кӧп саба, кӧп сабазы большинство; кӧп сабазында большей частью; кӧп тоо грам. множественное число"
8646,3,кӧп jаны большая,кӧп jаны большая,,,"кӧп катап многократно; кӧп jаны большая часть, большинство; кӧп саба, кӧп сабазы большинство; кӧп сабазында большей частью; кӧп тоо грам. множественное число"
8646,4,"часть, большинство",часть большинство,,,"кӧп катап многократно; кӧп jаны большая часть, большинство; кӧп саба, кӧп сабазы большинство; кӧп сабазында большей частью; кӧп тоо грам. множественное число"
8646,5,"кӧп саба, кӧп сабазы",кӧп саба кӧп сабазы,,,"кӧп катап многократно; кӧп jаны большая часть, большинство; кӧп саба, кӧп сабазы большинство; кӧп сабазында большей частью; кӧп тоо грам. множественное число"
8646,6,большинство,большинство,,,"кӧп катап многократно; кӧп jаны большая часть, большинство; кӧп саба, кӧп сабазы большинство; кӧп сабазында большей частью; кӧп тоо грам. множественное число"
8646,7,кӧп сабазында большей,кӧп сабазында большей,,,"кӧп катап многократно; кӧп jаны большая часть, большинство; кӧп саба, кӧп сабазы большинство; кӧп сабазында большей частью; кӧп тоо грам. множественное число"
8646,8,частью,частью,,,"кӧп катап многократно; кӧп jаны большая часть, большинство; кӧп саба, кӧп сабазы большинство; кӧп сабазында большей частью; кӧп тоо грам. множественное число"
8646,9,кӧп тоо грам. множественное число,кӧп тоо грам множественное число,,,"кӧп катап многократно; кӧп jаны большая часть, большинство; кӧп саба, кӧп сабазы большинство; кӧп сабазында большей частью; кӧп тоо грам. множественное число"
8648,1,кӧпкӧнчӧ,кӧпкӧнчӧ,,,"кӧпкӧнчӧ уйуктаар долго спать, пухнуть от спячки; кӧпкӧнчӧ ичер много пить, напиваться до вздутия"
8648,2,"уйуктаар долго спать, пухнуть от спячки",уйуктаар долго спать пухнуть от спячки,,,"кӧпкӧнчӧ уйуктаар долго спать, пухнуть от спячки; кӧпкӧнчӧ ичер много пить, напиваться до вздутия"
8648,3,"кӧпкӧнчӧ ичер много пить, напиваться до",кӧпкӧнчӧ ичер много пить напиваться до,,,"кӧпкӧнчӧ уйуктаар долго спать, пухнуть от спячки; кӧпкӧнчӧ ичер много пить, напиваться до вздутия"
8648,4,вздутия,вздутия,,,"кӧпкӧнчӧ уйуктаар долго спать, пухнуть от спячки; кӧпкӧнчӧ ичер много пить, напиваться до вздутия"
8662,1,кӧпчидип ийер улус бар эмей база,кӧпчидип ийер улус бар эмей база,,,"кӧпчидип ийер улус бар эмей база тӧмӧн (Б. Укачин) Конечно же, есть люди, которые кӧрбӧй преувеличивают услышанное питать"
8662,2,тӧмӧн,тӧмӧн,,,"кӧпчидип ийер улус бар эмей база тӧмӧн (Б. Укачин) Конечно же, есть люди, которые кӧрбӧй преувеличивают услышанное питать"
8662,3,"(Б. Укачин) Конечно же, есть люди, которые",б укачин конечно же есть люди которые,,,"кӧпчидип ийер улус бар эмей база тӧмӧн (Б. Укачин) Конечно же, есть люди, которые кӧрбӧй преувеличивают услышанное питать"
8662,4,кӧрбӧй,кӧрбӧй,,,"кӧпчидип ийер улус бар эмей база тӧмӧн (Б. Укачин) Конечно же, есть люди, которые кӧрбӧй преувеличивают услышанное питать"
8662,5,преувеличивают услышанное,преувеличивают услышанное,,,"кӧпчидип ийер улус бар эмей база тӧмӧн (Б. Укачин) Конечно же, есть люди, которые кӧрбӧй преувеличивают услышанное питать"
8662,6,питать,питать,,,"кӧпчидип ийер улус бар эмей база тӧмӧн (Б. Укачин) Конечно же, есть люди, которые кӧрбӧй преувеличивают услышанное питать"
8675,1,кӧрбӧсти кӧргӱзер,кӧрбӧсти кӧргӱзер,,,"кӧрбӧсти кӧргӱзер показать, где раки зимуют (букв. показать то, чего нельзя увидеть)"
8675,2,"показать, где раки зимуют (букв. показать то,",показать где раки зимуют букв показать то,,,"кӧрбӧсти кӧргӱзер показать, где раки зимуют (букв. показать то, чего нельзя увидеть)"
8675,3,чего нельзя увидеть),чего нельзя увидеть,,,"кӧрбӧсти кӧргӱзер показать, где раки зимуют (букв. показать то, чего нельзя увидеть)"
8684,1,кӧрмӧзи,кӧрмӧзи,,,"кӧрмӧзи тудар беситься; кӧрмӧзи ӧдӧр перестать беситься, успокоиться; Кӧрмӧс сени кӧргӧй!"
8684,2,тудар беситься,тудар беситься,,,"кӧрмӧзи тудар беситься; кӧрмӧзи ӧдӧр перестать беситься, успокоиться; Кӧрмӧс сени кӧргӧй!"
8684,3,кӧрмӧзи ӧдӧр перестать,кӧрмӧзи ӧдӧр перестать,,,"кӧрмӧзи тудар беситься; кӧрмӧзи ӧдӧр перестать беситься, успокоиться; Кӧрмӧс сени кӧргӧй!"
8684,4,"беситься, успокоиться",беситься успокоиться,,,"кӧрмӧзи тудар беситься; кӧрмӧзи ӧдӧр перестать беситься, успокоиться; Кӧрмӧс сени кӧргӧй!"
8684,5,Кӧрмӧс сени кӧргӧй!,кӧрмӧс сени кӧргӧй,,,"кӧрмӧзи тудар беситься; кӧрмӧзи ӧдӧр перестать беситься, успокоиться; Кӧрмӧс сени кӧргӧй!"
8686,1,кӧрнӧӧ тынышту ат,кӧрнӧӧ тынышту ат,,,кӧрнӧӧ тынышту ат лошадь с горячим дыханием; кӧрнӧӧ кӧстӱ горящим взором
8686,2,лошадь с горячим дыханием,лошадь с горячим дыханием,,,кӧрнӧӧ тынышту ат лошадь с горячим дыханием; кӧрнӧӧ кӧстӱ горящим взором
8686,3,кӧрнӧӧ кӧстӱ,кӧрнӧӧ кӧстӱ,,,кӧрнӧӧ тынышту ат лошадь с горячим дыханием; кӧрнӧӧ кӧстӱ горящим взором
8686,4,горящим взором,горящим взором,,,кӧрнӧӧ тынышту ат лошадь с горячим дыханием; кӧрнӧӧ кӧстӱ горящим взором
8692,1,кол,кол,,,кол кӧрӧӧчи хиромант
8692,2,кӧрӧӧчи хиромант,кӧрӧӧчи хиромант,,,кол кӧрӧӧчи хиромант
8728,1,Эки карындаш,эки карындаш,,,"Эки карындаш jӱзин кӧрӱшпес (Заг.) Два брата не видят лица друг друга; Кӧрӱже, кӧрӱже, кӧӧш кийер (Посл.) Глядя друг на друга, и чугунок наденут (о бессмысленном подражании) -"
8728,2,jӱзин кӧрӱшпес (Заг.) Два брата не видят,jӱзин кӧрӱшпес заг два брата не видят,,,"Эки карындаш jӱзин кӧрӱшпес (Заг.) Два брата не видят лица друг друга; Кӧрӱже, кӧрӱже, кӧӧш кийер (Посл.) Глядя друг на друга, и чугунок наденут (о бессмысленном подражании) -"
8728,3,лица друг друга,лица друг друга,,,"Эки карындаш jӱзин кӧрӱшпес (Заг.) Два брата не видят лица друг друга; Кӧрӱже, кӧрӱже, кӧӧш кийер (Посл.) Глядя друг на друга, и чугунок наденут (о бессмысленном подражании) -"
8728,4,"Кӧрӱже, кӧрӱже, кӧӧш",кӧрӱже кӧрӱже кӧӧш,,,"Эки карындаш jӱзин кӧрӱшпес (Заг.) Два брата не видят лица друг друга; Кӧрӱже, кӧрӱже, кӧӧш кийер (Посл.) Глядя друг на друга, и чугунок наденут (о бессмысленном подражании) -"
8728,5,"кийер (Посл.) Глядя друг на друга, и чугунок",кийер посл глядя друг на друга и чугунок,,,"Эки карындаш jӱзин кӧрӱшпес (Заг.) Два брата не видят лица друг друга; Кӧрӱже, кӧрӱже, кӧӧш кийер (Посл.) Глядя друг на друга, и чугунок наденут (о бессмысленном подражании) -"
8728,6,наденут (о бессмысленном подражании),наденут о бессмысленном подражании,,,"Эки карындаш jӱзин кӧрӱшпес (Заг.) Два брата не видят лица друг друга; Кӧрӱже, кӧрӱже, кӧӧш кийер (Посл.) Глядя друг на друга, и чугунок наденут (о бессмысленном подражании) -"
8728,7,-,-,,,"Эки карындаш jӱзин кӧрӱшпес (Заг.) Два брата не видят лица друг друга; Кӧрӱже, кӧрӱже, кӧӧш кийер (Посл.) Глядя друг на друга, и чугунок наденут (о бессмысленном подражании) -"
8739,1,ач кӧс жадный,ач кӧс жадный,,,"ач кӧс жадный; завистливый; кӧс jок слепой; кӧс кылбыгар јаражай ослепительная красавица; кӧзи jетпес кижи подслеповатый человек; кӧс jетпес чӧлдӧр необозримые степи; кӧзи тойбос жадный, алчный; глаза завидущие; кӧскӧ илинер бросаться в глаза, привлекать внимание; кӧскӧ илинбес, кӧс тийбес незаметный; кӧс тийди сглазил; кӧскӧ тийер обращать внимание; jаман кӧс дурной глаз; jаман кӧс болор быть изгоем; кӧскӧ (кӧзине) айдар говорить в глаза; кӧс албас, кӧс кыйбас не отводить глаз, не отрывать взгляда; кӧстиҥ кӧскӧ, кӧстӧҥ кӧскӧ с глазу на глаз; кӧс салар глаз положить; улустыҥ кӧзинче на виду у всех, принародно; кӧс талдай за глаза, в отсутствие кого-либо (говорить, ругать); кӧзи ачылар начинать понимать, прозреть; кӧзи jарыыр эвф. родить (о женщине); эки ле кӧс 1) об очень похудевшем человеке; 2) смотреть не спуская глаз; Кӧс коркор, кол коркыбас (Посл.) Глаза боятся, руки делают;"
8739,2,завистливый,завистливый,,,"ач кӧс жадный; завистливый; кӧс jок слепой; кӧс кылбыгар јаражай ослепительная красавица; кӧзи jетпес кижи подслеповатый человек; кӧс jетпес чӧлдӧр необозримые степи; кӧзи тойбос жадный, алчный; глаза завидущие; кӧскӧ илинер бросаться в глаза, привлекать внимание; кӧскӧ илинбес, кӧс тийбес незаметный; кӧс тийди сглазил; кӧскӧ тийер обращать внимание; jаман кӧс дурной глаз; jаман кӧс болор быть изгоем; кӧскӧ (кӧзине) айдар говорить в глаза; кӧс албас, кӧс кыйбас не отводить глаз, не отрывать взгляда; кӧстиҥ кӧскӧ, кӧстӧҥ кӧскӧ с глазу на глаз; кӧс салар глаз положить; улустыҥ кӧзинче на виду у всех, принародно; кӧс талдай за глаза, в отсутствие кого-либо (говорить, ругать); кӧзи ачылар начинать понимать, прозреть; кӧзи jарыыр эвф. родить (о женщине); эки ле кӧс 1) об очень похудевшем человеке; 2) смотреть не спуская глаз; Кӧс коркор, кол коркыбас (Посл.) Глаза боятся, руки делают;"
8739,3,кӧс jок слепой,кӧс jок слепой,,,"ач кӧс жадный; завистливый; кӧс jок слепой; кӧс кылбыгар јаражай ослепительная красавица; кӧзи jетпес кижи подслеповатый человек; кӧс jетпес чӧлдӧр необозримые степи; кӧзи тойбос жадный, алчный; глаза завидущие; кӧскӧ илинер бросаться в глаза, привлекать внимание; кӧскӧ илинбес, кӧс тийбес незаметный; кӧс тийди сглазил; кӧскӧ тийер обращать внимание; jаман кӧс дурной глаз; jаман кӧс болор быть изгоем; кӧскӧ (кӧзине) айдар говорить в глаза; кӧс албас, кӧс кыйбас не отводить глаз, не отрывать взгляда; кӧстиҥ кӧскӧ, кӧстӧҥ кӧскӧ с глазу на глаз; кӧс салар глаз положить; улустыҥ кӧзинче на виду у всех, принародно; кӧс талдай за глаза, в отсутствие кого-либо (говорить, ругать); кӧзи ачылар начинать понимать, прозреть; кӧзи jарыыр эвф. родить (о женщине); эки ле кӧс 1) об очень похудевшем человеке; 2) смотреть не спуская глаз; Кӧс коркор, кол коркыбас (Посл.) Глаза боятся, руки делают;"
8739,4,кӧс кылбыгар јаражай,кӧс кылбыгар јаражай,,,"ач кӧс жадный; завистливый; кӧс jок слепой; кӧс кылбыгар јаражай ослепительная красавица; кӧзи jетпес кижи подслеповатый человек; кӧс jетпес чӧлдӧр необозримые степи; кӧзи тойбос жадный, алчный; глаза завидущие; кӧскӧ илинер бросаться в глаза, привлекать внимание; кӧскӧ илинбес, кӧс тийбес незаметный; кӧс тийди сглазил; кӧскӧ тийер обращать внимание; jаман кӧс дурной глаз; jаман кӧс болор быть изгоем; кӧскӧ (кӧзине) айдар говорить в глаза; кӧс албас, кӧс кыйбас не отводить глаз, не отрывать взгляда; кӧстиҥ кӧскӧ, кӧстӧҥ кӧскӧ с глазу на глаз; кӧс салар глаз положить; улустыҥ кӧзинче на виду у всех, принародно; кӧс талдай за глаза, в отсутствие кого-либо (говорить, ругать); кӧзи ачылар начинать понимать, прозреть; кӧзи jарыыр эвф. родить (о женщине); эки ле кӧс 1) об очень похудевшем человеке; 2) смотреть не спуская глаз; Кӧс коркор, кол коркыбас (Посл.) Глаза боятся, руки делают;"
8739,5,ослепительная красавица,ослепительная красавица,,,"ач кӧс жадный; завистливый; кӧс jок слепой; кӧс кылбыгар јаражай ослепительная красавица; кӧзи jетпес кижи подслеповатый человек; кӧс jетпес чӧлдӧр необозримые степи; кӧзи тойбос жадный, алчный; глаза завидущие; кӧскӧ илинер бросаться в глаза, привлекать внимание; кӧскӧ илинбес, кӧс тийбес незаметный; кӧс тийди сглазил; кӧскӧ тийер обращать внимание; jаман кӧс дурной глаз; jаман кӧс болор быть изгоем; кӧскӧ (кӧзине) айдар говорить в глаза; кӧс албас, кӧс кыйбас не отводить глаз, не отрывать взгляда; кӧстиҥ кӧскӧ, кӧстӧҥ кӧскӧ с глазу на глаз; кӧс салар глаз положить; улустыҥ кӧзинче на виду у всех, принародно; кӧс талдай за глаза, в отсутствие кого-либо (говорить, ругать); кӧзи ачылар начинать понимать, прозреть; кӧзи jарыыр эвф. родить (о женщине); эки ле кӧс 1) об очень похудевшем человеке; 2) смотреть не спуская глаз; Кӧс коркор, кол коркыбас (Посл.) Глаза боятся, руки делают;"
8739,6,кӧзи jетпес кижи,кӧзи jетпес кижи,,,"ач кӧс жадный; завистливый; кӧс jок слепой; кӧс кылбыгар јаражай ослепительная красавица; кӧзи jетпес кижи подслеповатый человек; кӧс jетпес чӧлдӧр необозримые степи; кӧзи тойбос жадный, алчный; глаза завидущие; кӧскӧ илинер бросаться в глаза, привлекать внимание; кӧскӧ илинбес, кӧс тийбес незаметный; кӧс тийди сглазил; кӧскӧ тийер обращать внимание; jаман кӧс дурной глаз; jаман кӧс болор быть изгоем; кӧскӧ (кӧзине) айдар говорить в глаза; кӧс албас, кӧс кыйбас не отводить глаз, не отрывать взгляда; кӧстиҥ кӧскӧ, кӧстӧҥ кӧскӧ с глазу на глаз; кӧс салар глаз положить; улустыҥ кӧзинче на виду у всех, принародно; кӧс талдай за глаза, в отсутствие кого-либо (говорить, ругать); кӧзи ачылар начинать понимать, прозреть; кӧзи jарыыр эвф. родить (о женщине); эки ле кӧс 1) об очень похудевшем человеке; 2) смотреть не спуская глаз; Кӧс коркор, кол коркыбас (Посл.) Глаза боятся, руки делают;"
8739,7,подслеповатый человек,подслеповатый человек,,,"ач кӧс жадный; завистливый; кӧс jок слепой; кӧс кылбыгар јаражай ослепительная красавица; кӧзи jетпес кижи подслеповатый человек; кӧс jетпес чӧлдӧр необозримые степи; кӧзи тойбос жадный, алчный; глаза завидущие; кӧскӧ илинер бросаться в глаза, привлекать внимание; кӧскӧ илинбес, кӧс тийбес незаметный; кӧс тийди сглазил; кӧскӧ тийер обращать внимание; jаман кӧс дурной глаз; jаман кӧс болор быть изгоем; кӧскӧ (кӧзине) айдар говорить в глаза; кӧс албас, кӧс кыйбас не отводить глаз, не отрывать взгляда; кӧстиҥ кӧскӧ, кӧстӧҥ кӧскӧ с глазу на глаз; кӧс салар глаз положить; улустыҥ кӧзинче на виду у всех, принародно; кӧс талдай за глаза, в отсутствие кого-либо (говорить, ругать); кӧзи ачылар начинать понимать, прозреть; кӧзи jарыыр эвф. родить (о женщине); эки ле кӧс 1) об очень похудевшем человеке; 2) смотреть не спуская глаз; Кӧс коркор, кол коркыбас (Посл.) Глаза боятся, руки делают;"
8739,8,кӧс jетпес чӧлдӧр,кӧс jетпес чӧлдӧр,,,"ач кӧс жадный; завистливый; кӧс jок слепой; кӧс кылбыгар јаражай ослепительная красавица; кӧзи jетпес кижи подслеповатый человек; кӧс jетпес чӧлдӧр необозримые степи; кӧзи тойбос жадный, алчный; глаза завидущие; кӧскӧ илинер бросаться в глаза, привлекать внимание; кӧскӧ илинбес, кӧс тийбес незаметный; кӧс тийди сглазил; кӧскӧ тийер обращать внимание; jаман кӧс дурной глаз; jаман кӧс болор быть изгоем; кӧскӧ (кӧзине) айдар говорить в глаза; кӧс албас, кӧс кыйбас не отводить глаз, не отрывать взгляда; кӧстиҥ кӧскӧ, кӧстӧҥ кӧскӧ с глазу на глаз; кӧс салар глаз положить; улустыҥ кӧзинче на виду у всех, принародно; кӧс талдай за глаза, в отсутствие кого-либо (говорить, ругать); кӧзи ачылар начинать понимать, прозреть; кӧзи jарыыр эвф. родить (о женщине); эки ле кӧс 1) об очень похудевшем человеке; 2) смотреть не спуская глаз; Кӧс коркор, кол коркыбас (Посл.) Глаза боятся, руки делают;"
8739,9,необозримые степи,необозримые степи,,,"ач кӧс жадный; завистливый; кӧс jок слепой; кӧс кылбыгар јаражай ослепительная красавица; кӧзи jетпес кижи подслеповатый человек; кӧс jетпес чӧлдӧр необозримые степи; кӧзи тойбос жадный, алчный; глаза завидущие; кӧскӧ илинер бросаться в глаза, привлекать внимание; кӧскӧ илинбес, кӧс тийбес незаметный; кӧс тийди сглазил; кӧскӧ тийер обращать внимание; jаман кӧс дурной глаз; jаман кӧс болор быть изгоем; кӧскӧ (кӧзине) айдар говорить в глаза; кӧс албас, кӧс кыйбас не отводить глаз, не отрывать взгляда; кӧстиҥ кӧскӧ, кӧстӧҥ кӧскӧ с глазу на глаз; кӧс салар глаз положить; улустыҥ кӧзинче на виду у всех, принародно; кӧс талдай за глаза, в отсутствие кого-либо (говорить, ругать); кӧзи ачылар начинать понимать, прозреть; кӧзи jарыыр эвф. родить (о женщине); эки ле кӧс 1) об очень похудевшем человеке; 2) смотреть не спуская глаз; Кӧс коркор, кол коркыбас (Посл.) Глаза боятся, руки делают;"
8739,10,"кӧзи тойбос жадный,",кӧзи тойбос жадный,,,"ач кӧс жадный; завистливый; кӧс jок слепой; кӧс кылбыгар јаражай ослепительная красавица; кӧзи jетпес кижи подслеповатый человек; кӧс jетпес чӧлдӧр необозримые степи; кӧзи тойбос жадный, алчный; глаза завидущие; кӧскӧ илинер бросаться в глаза, привлекать внимание; кӧскӧ илинбес, кӧс тийбес незаметный; кӧс тийди сглазил; кӧскӧ тийер обращать внимание; jаман кӧс дурной глаз; jаман кӧс болор быть изгоем; кӧскӧ (кӧзине) айдар говорить в глаза; кӧс албас, кӧс кыйбас не отводить глаз, не отрывать взгляда; кӧстиҥ кӧскӧ, кӧстӧҥ кӧскӧ с глазу на глаз; кӧс салар глаз положить; улустыҥ кӧзинче на виду у всех, принародно; кӧс талдай за глаза, в отсутствие кого-либо (говорить, ругать); кӧзи ачылар начинать понимать, прозреть; кӧзи jарыыр эвф. родить (о женщине); эки ле кӧс 1) об очень похудевшем человеке; 2) смотреть не спуская глаз; Кӧс коркор, кол коркыбас (Посл.) Глаза боятся, руки делают;"
8739,11,алчный,алчный,,,"ач кӧс жадный; завистливый; кӧс jок слепой; кӧс кылбыгар јаражай ослепительная красавица; кӧзи jетпес кижи подслеповатый человек; кӧс jетпес чӧлдӧр необозримые степи; кӧзи тойбос жадный, алчный; глаза завидущие; кӧскӧ илинер бросаться в глаза, привлекать внимание; кӧскӧ илинбес, кӧс тийбес незаметный; кӧс тийди сглазил; кӧскӧ тийер обращать внимание; jаман кӧс дурной глаз; jаман кӧс болор быть изгоем; кӧскӧ (кӧзине) айдар говорить в глаза; кӧс албас, кӧс кыйбас не отводить глаз, не отрывать взгляда; кӧстиҥ кӧскӧ, кӧстӧҥ кӧскӧ с глазу на глаз; кӧс салар глаз положить; улустыҥ кӧзинче на виду у всех, принародно; кӧс талдай за глаза, в отсутствие кого-либо (говорить, ругать); кӧзи ачылар начинать понимать, прозреть; кӧзи jарыыр эвф. родить (о женщине); эки ле кӧс 1) об очень похудевшем человеке; 2) смотреть не спуская глаз; Кӧс коркор, кол коркыбас (Посл.) Глаза боятся, руки делают;"
8739,12,глаза завидущие,глаза завидущие,,,"ач кӧс жадный; завистливый; кӧс jок слепой; кӧс кылбыгар јаражай ослепительная красавица; кӧзи jетпес кижи подслеповатый человек; кӧс jетпес чӧлдӧр необозримые степи; кӧзи тойбос жадный, алчный; глаза завидущие; кӧскӧ илинер бросаться в глаза, привлекать внимание; кӧскӧ илинбес, кӧс тийбес незаметный; кӧс тийди сглазил; кӧскӧ тийер обращать внимание; jаман кӧс дурной глаз; jаман кӧс болор быть изгоем; кӧскӧ (кӧзине) айдар говорить в глаза; кӧс албас, кӧс кыйбас не отводить глаз, не отрывать взгляда; кӧстиҥ кӧскӧ, кӧстӧҥ кӧскӧ с глазу на глаз; кӧс салар глаз положить; улустыҥ кӧзинче на виду у всех, принародно; кӧс талдай за глаза, в отсутствие кого-либо (говорить, ругать); кӧзи ачылар начинать понимать, прозреть; кӧзи jарыыр эвф. родить (о женщине); эки ле кӧс 1) об очень похудевшем человеке; 2) смотреть не спуская глаз; Кӧс коркор, кол коркыбас (Посл.) Глаза боятся, руки делают;"
8739,13,кӧскӧ илинер,кӧскӧ илинер,,,"ач кӧс жадный; завистливый; кӧс jок слепой; кӧс кылбыгар јаражай ослепительная красавица; кӧзи jетпес кижи подслеповатый человек; кӧс jетпес чӧлдӧр необозримые степи; кӧзи тойбос жадный, алчный; глаза завидущие; кӧскӧ илинер бросаться в глаза, привлекать внимание; кӧскӧ илинбес, кӧс тийбес незаметный; кӧс тийди сглазил; кӧскӧ тийер обращать внимание; jаман кӧс дурной глаз; jаман кӧс болор быть изгоем; кӧскӧ (кӧзине) айдар говорить в глаза; кӧс албас, кӧс кыйбас не отводить глаз, не отрывать взгляда; кӧстиҥ кӧскӧ, кӧстӧҥ кӧскӧ с глазу на глаз; кӧс салар глаз положить; улустыҥ кӧзинче на виду у всех, принародно; кӧс талдай за глаза, в отсутствие кого-либо (говорить, ругать); кӧзи ачылар начинать понимать, прозреть; кӧзи jарыыр эвф. родить (о женщине); эки ле кӧс 1) об очень похудевшем человеке; 2) смотреть не спуская глаз; Кӧс коркор, кол коркыбас (Посл.) Глаза боятся, руки делают;"
8739,14,"бросаться в глаза, привлекать внимание",бросаться в глаза привлекать внимание,,,"ач кӧс жадный; завистливый; кӧс jок слепой; кӧс кылбыгар јаражай ослепительная красавица; кӧзи jетпес кижи подслеповатый человек; кӧс jетпес чӧлдӧр необозримые степи; кӧзи тойбос жадный, алчный; глаза завидущие; кӧскӧ илинер бросаться в глаза, привлекать внимание; кӧскӧ илинбес, кӧс тийбес незаметный; кӧс тийди сглазил; кӧскӧ тийер обращать внимание; jаман кӧс дурной глаз; jаман кӧс болор быть изгоем; кӧскӧ (кӧзине) айдар говорить в глаза; кӧс албас, кӧс кыйбас не отводить глаз, не отрывать взгляда; кӧстиҥ кӧскӧ, кӧстӧҥ кӧскӧ с глазу на глаз; кӧс салар глаз положить; улустыҥ кӧзинче на виду у всех, принародно; кӧс талдай за глаза, в отсутствие кого-либо (говорить, ругать); кӧзи ачылар начинать понимать, прозреть; кӧзи jарыыр эвф. родить (о женщине); эки ле кӧс 1) об очень похудевшем человеке; 2) смотреть не спуская глаз; Кӧс коркор, кол коркыбас (Посл.) Глаза боятся, руки делают;"
8739,15,"кӧскӧ илинбес, кӧс тийбес незаметный",кӧскӧ илинбес кӧс тийбес незаметный,,,"ач кӧс жадный; завистливый; кӧс jок слепой; кӧс кылбыгар јаражай ослепительная красавица; кӧзи jетпес кижи подслеповатый человек; кӧс jетпес чӧлдӧр необозримые степи; кӧзи тойбос жадный, алчный; глаза завидущие; кӧскӧ илинер бросаться в глаза, привлекать внимание; кӧскӧ илинбес, кӧс тийбес незаметный; кӧс тийди сглазил; кӧскӧ тийер обращать внимание; jаман кӧс дурной глаз; jаман кӧс болор быть изгоем; кӧскӧ (кӧзине) айдар говорить в глаза; кӧс албас, кӧс кыйбас не отводить глаз, не отрывать взгляда; кӧстиҥ кӧскӧ, кӧстӧҥ кӧскӧ с глазу на глаз; кӧс салар глаз положить; улустыҥ кӧзинче на виду у всех, принародно; кӧс талдай за глаза, в отсутствие кого-либо (говорить, ругать); кӧзи ачылар начинать понимать, прозреть; кӧзи jарыыр эвф. родить (о женщине); эки ле кӧс 1) об очень похудевшем человеке; 2) смотреть не спуская глаз; Кӧс коркор, кол коркыбас (Посл.) Глаза боятся, руки делают;"
8739,16,кӧс тийди сглазил,кӧс тийди сглазил,,,"ач кӧс жадный; завистливый; кӧс jок слепой; кӧс кылбыгар јаражай ослепительная красавица; кӧзи jетпес кижи подслеповатый человек; кӧс jетпес чӧлдӧр необозримые степи; кӧзи тойбос жадный, алчный; глаза завидущие; кӧскӧ илинер бросаться в глаза, привлекать внимание; кӧскӧ илинбес, кӧс тийбес незаметный; кӧс тийди сглазил; кӧскӧ тийер обращать внимание; jаман кӧс дурной глаз; jаман кӧс болор быть изгоем; кӧскӧ (кӧзине) айдар говорить в глаза; кӧс албас, кӧс кыйбас не отводить глаз, не отрывать взгляда; кӧстиҥ кӧскӧ, кӧстӧҥ кӧскӧ с глазу на глаз; кӧс салар глаз положить; улустыҥ кӧзинче на виду у всех, принародно; кӧс талдай за глаза, в отсутствие кого-либо (говорить, ругать); кӧзи ачылар начинать понимать, прозреть; кӧзи jарыыр эвф. родить (о женщине); эки ле кӧс 1) об очень похудевшем человеке; 2) смотреть не спуская глаз; Кӧс коркор, кол коркыбас (Посл.) Глаза боятся, руки делают;"
8739,17,кӧскӧ тийер обращать,кӧскӧ тийер обращать,,,"ач кӧс жадный; завистливый; кӧс jок слепой; кӧс кылбыгар јаражай ослепительная красавица; кӧзи jетпес кижи подслеповатый человек; кӧс jетпес чӧлдӧр необозримые степи; кӧзи тойбос жадный, алчный; глаза завидущие; кӧскӧ илинер бросаться в глаза, привлекать внимание; кӧскӧ илинбес, кӧс тийбес незаметный; кӧс тийди сглазил; кӧскӧ тийер обращать внимание; jаман кӧс дурной глаз; jаман кӧс болор быть изгоем; кӧскӧ (кӧзине) айдар говорить в глаза; кӧс албас, кӧс кыйбас не отводить глаз, не отрывать взгляда; кӧстиҥ кӧскӧ, кӧстӧҥ кӧскӧ с глазу на глаз; кӧс салар глаз положить; улустыҥ кӧзинче на виду у всех, принародно; кӧс талдай за глаза, в отсутствие кого-либо (говорить, ругать); кӧзи ачылар начинать понимать, прозреть; кӧзи jарыыр эвф. родить (о женщине); эки ле кӧс 1) об очень похудевшем человеке; 2) смотреть не спуская глаз; Кӧс коркор, кол коркыбас (Посл.) Глаза боятся, руки делают;"
8739,18,внимание,внимание,,,"ач кӧс жадный; завистливый; кӧс jок слепой; кӧс кылбыгар јаражай ослепительная красавица; кӧзи jетпес кижи подслеповатый человек; кӧс jетпес чӧлдӧр необозримые степи; кӧзи тойбос жадный, алчный; глаза завидущие; кӧскӧ илинер бросаться в глаза, привлекать внимание; кӧскӧ илинбес, кӧс тийбес незаметный; кӧс тийди сглазил; кӧскӧ тийер обращать внимание; jаман кӧс дурной глаз; jаман кӧс болор быть изгоем; кӧскӧ (кӧзине) айдар говорить в глаза; кӧс албас, кӧс кыйбас не отводить глаз, не отрывать взгляда; кӧстиҥ кӧскӧ, кӧстӧҥ кӧскӧ с глазу на глаз; кӧс салар глаз положить; улустыҥ кӧзинче на виду у всех, принародно; кӧс талдай за глаза, в отсутствие кого-либо (говорить, ругать); кӧзи ачылар начинать понимать, прозреть; кӧзи jарыыр эвф. родить (о женщине); эки ле кӧс 1) об очень похудевшем человеке; 2) смотреть не спуская глаз; Кӧс коркор, кол коркыбас (Посл.) Глаза боятся, руки делают;"
8739,19,jаман кӧс дурной глаз,jаман кӧс дурной глаз,,,"ач кӧс жадный; завистливый; кӧс jок слепой; кӧс кылбыгар јаражай ослепительная красавица; кӧзи jетпес кижи подслеповатый человек; кӧс jетпес чӧлдӧр необозримые степи; кӧзи тойбос жадный, алчный; глаза завидущие; кӧскӧ илинер бросаться в глаза, привлекать внимание; кӧскӧ илинбес, кӧс тийбес незаметный; кӧс тийди сглазил; кӧскӧ тийер обращать внимание; jаман кӧс дурной глаз; jаман кӧс болор быть изгоем; кӧскӧ (кӧзине) айдар говорить в глаза; кӧс албас, кӧс кыйбас не отводить глаз, не отрывать взгляда; кӧстиҥ кӧскӧ, кӧстӧҥ кӧскӧ с глазу на глаз; кӧс салар глаз положить; улустыҥ кӧзинче на виду у всех, принародно; кӧс талдай за глаза, в отсутствие кого-либо (говорить, ругать); кӧзи ачылар начинать понимать, прозреть; кӧзи jарыыр эвф. родить (о женщине); эки ле кӧс 1) об очень похудевшем человеке; 2) смотреть не спуская глаз; Кӧс коркор, кол коркыбас (Посл.) Глаза боятся, руки делают;"
8739,20,jаман кӧс,jаман кӧс,,,"ач кӧс жадный; завистливый; кӧс jок слепой; кӧс кылбыгар јаражай ослепительная красавица; кӧзи jетпес кижи подслеповатый человек; кӧс jетпес чӧлдӧр необозримые степи; кӧзи тойбос жадный, алчный; глаза завидущие; кӧскӧ илинер бросаться в глаза, привлекать внимание; кӧскӧ илинбес, кӧс тийбес незаметный; кӧс тийди сглазил; кӧскӧ тийер обращать внимание; jаман кӧс дурной глаз; jаман кӧс болор быть изгоем; кӧскӧ (кӧзине) айдар говорить в глаза; кӧс албас, кӧс кыйбас не отводить глаз, не отрывать взгляда; кӧстиҥ кӧскӧ, кӧстӧҥ кӧскӧ с глазу на глаз; кӧс салар глаз положить; улустыҥ кӧзинче на виду у всех, принародно; кӧс талдай за глаза, в отсутствие кого-либо (говорить, ругать); кӧзи ачылар начинать понимать, прозреть; кӧзи jарыыр эвф. родить (о женщине); эки ле кӧс 1) об очень похудевшем человеке; 2) смотреть не спуская глаз; Кӧс коркор, кол коркыбас (Посл.) Глаза боятся, руки делают;"
8739,21,болор быть изгоем,болор быть изгоем,,,"ач кӧс жадный; завистливый; кӧс jок слепой; кӧс кылбыгар јаражай ослепительная красавица; кӧзи jетпес кижи подслеповатый человек; кӧс jетпес чӧлдӧр необозримые степи; кӧзи тойбос жадный, алчный; глаза завидущие; кӧскӧ илинер бросаться в глаза, привлекать внимание; кӧскӧ илинбес, кӧс тийбес незаметный; кӧс тийди сглазил; кӧскӧ тийер обращать внимание; jаман кӧс дурной глаз; jаман кӧс болор быть изгоем; кӧскӧ (кӧзине) айдар говорить в глаза; кӧс албас, кӧс кыйбас не отводить глаз, не отрывать взгляда; кӧстиҥ кӧскӧ, кӧстӧҥ кӧскӧ с глазу на глаз; кӧс салар глаз положить; улустыҥ кӧзинче на виду у всех, принародно; кӧс талдай за глаза, в отсутствие кого-либо (говорить, ругать); кӧзи ачылар начинать понимать, прозреть; кӧзи jарыыр эвф. родить (о женщине); эки ле кӧс 1) об очень похудевшем человеке; 2) смотреть не спуская глаз; Кӧс коркор, кол коркыбас (Посл.) Глаза боятся, руки делают;"
8739,22,кӧскӧ (кӧзине) айдар,кӧскӧ кӧзине айдар,,,"ач кӧс жадный; завистливый; кӧс jок слепой; кӧс кылбыгар јаражай ослепительная красавица; кӧзи jетпес кижи подслеповатый человек; кӧс jетпес чӧлдӧр необозримые степи; кӧзи тойбос жадный, алчный; глаза завидущие; кӧскӧ илинер бросаться в глаза, привлекать внимание; кӧскӧ илинбес, кӧс тийбес незаметный; кӧс тийди сглазил; кӧскӧ тийер обращать внимание; jаман кӧс дурной глаз; jаман кӧс болор быть изгоем; кӧскӧ (кӧзине) айдар говорить в глаза; кӧс албас, кӧс кыйбас не отводить глаз, не отрывать взгляда; кӧстиҥ кӧскӧ, кӧстӧҥ кӧскӧ с глазу на глаз; кӧс салар глаз положить; улустыҥ кӧзинче на виду у всех, принародно; кӧс талдай за глаза, в отсутствие кого-либо (говорить, ругать); кӧзи ачылар начинать понимать, прозреть; кӧзи jарыыр эвф. родить (о женщине); эки ле кӧс 1) об очень похудевшем человеке; 2) смотреть не спуская глаз; Кӧс коркор, кол коркыбас (Посл.) Глаза боятся, руки делают;"
8739,23,говорить в глаза,говорить в глаза,,,"ач кӧс жадный; завистливый; кӧс jок слепой; кӧс кылбыгар јаражай ослепительная красавица; кӧзи jетпес кижи подслеповатый человек; кӧс jетпес чӧлдӧр необозримые степи; кӧзи тойбос жадный, алчный; глаза завидущие; кӧскӧ илинер бросаться в глаза, привлекать внимание; кӧскӧ илинбес, кӧс тийбес незаметный; кӧс тийди сглазил; кӧскӧ тийер обращать внимание; jаман кӧс дурной глаз; jаман кӧс болор быть изгоем; кӧскӧ (кӧзине) айдар говорить в глаза; кӧс албас, кӧс кыйбас не отводить глаз, не отрывать взгляда; кӧстиҥ кӧскӧ, кӧстӧҥ кӧскӧ с глазу на глаз; кӧс салар глаз положить; улустыҥ кӧзинче на виду у всех, принародно; кӧс талдай за глаза, в отсутствие кого-либо (говорить, ругать); кӧзи ачылар начинать понимать, прозреть; кӧзи jарыыр эвф. родить (о женщине); эки ле кӧс 1) об очень похудевшем человеке; 2) смотреть не спуская глаз; Кӧс коркор, кол коркыбас (Посл.) Глаза боятся, руки делают;"
8739,24,"кӧс албас, кӧс кыйбас не",кӧс албас кӧс кыйбас не,,,"ач кӧс жадный; завистливый; кӧс jок слепой; кӧс кылбыгар јаражай ослепительная красавица; кӧзи jетпес кижи подслеповатый человек; кӧс jетпес чӧлдӧр необозримые степи; кӧзи тойбос жадный, алчный; глаза завидущие; кӧскӧ илинер бросаться в глаза, привлекать внимание; кӧскӧ илинбес, кӧс тийбес незаметный; кӧс тийди сглазил; кӧскӧ тийер обращать внимание; jаман кӧс дурной глаз; jаман кӧс болор быть изгоем; кӧскӧ (кӧзине) айдар говорить в глаза; кӧс албас, кӧс кыйбас не отводить глаз, не отрывать взгляда; кӧстиҥ кӧскӧ, кӧстӧҥ кӧскӧ с глазу на глаз; кӧс салар глаз положить; улустыҥ кӧзинче на виду у всех, принародно; кӧс талдай за глаза, в отсутствие кого-либо (говорить, ругать); кӧзи ачылар начинать понимать, прозреть; кӧзи jарыыр эвф. родить (о женщине); эки ле кӧс 1) об очень похудевшем человеке; 2) смотреть не спуская глаз; Кӧс коркор, кол коркыбас (Посл.) Глаза боятся, руки делают;"
8739,25,"отводить глаз, не отрывать взгляда",отводить глаз не отрывать взгляда,,,"ач кӧс жадный; завистливый; кӧс jок слепой; кӧс кылбыгар јаражай ослепительная красавица; кӧзи jетпес кижи подслеповатый человек; кӧс jетпес чӧлдӧр необозримые степи; кӧзи тойбос жадный, алчный; глаза завидущие; кӧскӧ илинер бросаться в глаза, привлекать внимание; кӧскӧ илинбес, кӧс тийбес незаметный; кӧс тийди сглазил; кӧскӧ тийер обращать внимание; jаман кӧс дурной глаз; jаман кӧс болор быть изгоем; кӧскӧ (кӧзине) айдар говорить в глаза; кӧс албас, кӧс кыйбас не отводить глаз, не отрывать взгляда; кӧстиҥ кӧскӧ, кӧстӧҥ кӧскӧ с глазу на глаз; кӧс салар глаз положить; улустыҥ кӧзинче на виду у всех, принародно; кӧс талдай за глаза, в отсутствие кого-либо (говорить, ругать); кӧзи ачылар начинать понимать, прозреть; кӧзи jарыыр эвф. родить (о женщине); эки ле кӧс 1) об очень похудевшем человеке; 2) смотреть не спуская глаз; Кӧс коркор, кол коркыбас (Посл.) Глаза боятся, руки делают;"
8739,26,кӧстиҥ,кӧстиҥ,,,"ач кӧс жадный; завистливый; кӧс jок слепой; кӧс кылбыгар јаражай ослепительная красавица; кӧзи jетпес кижи подслеповатый человек; кӧс jетпес чӧлдӧр необозримые степи; кӧзи тойбос жадный, алчный; глаза завидущие; кӧскӧ илинер бросаться в глаза, привлекать внимание; кӧскӧ илинбес, кӧс тийбес незаметный; кӧс тийди сглазил; кӧскӧ тийер обращать внимание; jаман кӧс дурной глаз; jаман кӧс болор быть изгоем; кӧскӧ (кӧзине) айдар говорить в глаза; кӧс албас, кӧс кыйбас не отводить глаз, не отрывать взгляда; кӧстиҥ кӧскӧ, кӧстӧҥ кӧскӧ с глазу на глаз; кӧс салар глаз положить; улустыҥ кӧзинче на виду у всех, принародно; кӧс талдай за глаза, в отсутствие кого-либо (говорить, ругать); кӧзи ачылар начинать понимать, прозреть; кӧзи jарыыр эвф. родить (о женщине); эки ле кӧс 1) об очень похудевшем человеке; 2) смотреть не спуская глаз; Кӧс коркор, кол коркыбас (Посл.) Глаза боятся, руки делают;"
8739,27,"кӧскӧ, кӧстӧҥ кӧскӧ с глазу на глаз",кӧскӧ кӧстӧҥ кӧскӧ с глазу на глаз,,,"ач кӧс жадный; завистливый; кӧс jок слепой; кӧс кылбыгар јаражай ослепительная красавица; кӧзи jетпес кижи подслеповатый человек; кӧс jетпес чӧлдӧр необозримые степи; кӧзи тойбос жадный, алчный; глаза завидущие; кӧскӧ илинер бросаться в глаза, привлекать внимание; кӧскӧ илинбес, кӧс тийбес незаметный; кӧс тийди сглазил; кӧскӧ тийер обращать внимание; jаман кӧс дурной глаз; jаман кӧс болор быть изгоем; кӧскӧ (кӧзине) айдар говорить в глаза; кӧс албас, кӧс кыйбас не отводить глаз, не отрывать взгляда; кӧстиҥ кӧскӧ, кӧстӧҥ кӧскӧ с глазу на глаз; кӧс салар глаз положить; улустыҥ кӧзинче на виду у всех, принародно; кӧс талдай за глаза, в отсутствие кого-либо (говорить, ругать); кӧзи ачылар начинать понимать, прозреть; кӧзи jарыыр эвф. родить (о женщине); эки ле кӧс 1) об очень похудевшем человеке; 2) смотреть не спуская глаз; Кӧс коркор, кол коркыбас (Посл.) Глаза боятся, руки делают;"
8739,28,кӧс,кӧс,,,"ач кӧс жадный; завистливый; кӧс jок слепой; кӧс кылбыгар јаражай ослепительная красавица; кӧзи jетпес кижи подслеповатый человек; кӧс jетпес чӧлдӧр необозримые степи; кӧзи тойбос жадный, алчный; глаза завидущие; кӧскӧ илинер бросаться в глаза, привлекать внимание; кӧскӧ илинбес, кӧс тийбес незаметный; кӧс тийди сглазил; кӧскӧ тийер обращать внимание; jаман кӧс дурной глаз; jаман кӧс болор быть изгоем; кӧскӧ (кӧзине) айдар говорить в глаза; кӧс албас, кӧс кыйбас не отводить глаз, не отрывать взгляда; кӧстиҥ кӧскӧ, кӧстӧҥ кӧскӧ с глазу на глаз; кӧс салар глаз положить; улустыҥ кӧзинче на виду у всех, принародно; кӧс талдай за глаза, в отсутствие кого-либо (говорить, ругать); кӧзи ачылар начинать понимать, прозреть; кӧзи jарыыр эвф. родить (о женщине); эки ле кӧс 1) об очень похудевшем человеке; 2) смотреть не спуская глаз; Кӧс коркор, кол коркыбас (Посл.) Глаза боятся, руки делают;"
8739,29,салар глаз положить,салар глаз положить,,,"ач кӧс жадный; завистливый; кӧс jок слепой; кӧс кылбыгар јаражай ослепительная красавица; кӧзи jетпес кижи подслеповатый человек; кӧс jетпес чӧлдӧр необозримые степи; кӧзи тойбос жадный, алчный; глаза завидущие; кӧскӧ илинер бросаться в глаза, привлекать внимание; кӧскӧ илинбес, кӧс тийбес незаметный; кӧс тийди сглазил; кӧскӧ тийер обращать внимание; jаман кӧс дурной глаз; jаман кӧс болор быть изгоем; кӧскӧ (кӧзине) айдар говорить в глаза; кӧс албас, кӧс кыйбас не отводить глаз, не отрывать взгляда; кӧстиҥ кӧскӧ, кӧстӧҥ кӧскӧ с глазу на глаз; кӧс салар глаз положить; улустыҥ кӧзинче на виду у всех, принародно; кӧс талдай за глаза, в отсутствие кого-либо (говорить, ругать); кӧзи ачылар начинать понимать, прозреть; кӧзи jарыыр эвф. родить (о женщине); эки ле кӧс 1) об очень похудевшем человеке; 2) смотреть не спуская глаз; Кӧс коркор, кол коркыбас (Посл.) Глаза боятся, руки делают;"
8739,30,улустыҥ кӧзинче на,улустыҥ кӧзинче на,,,"ач кӧс жадный; завистливый; кӧс jок слепой; кӧс кылбыгар јаражай ослепительная красавица; кӧзи jетпес кижи подслеповатый человек; кӧс jетпес чӧлдӧр необозримые степи; кӧзи тойбос жадный, алчный; глаза завидущие; кӧскӧ илинер бросаться в глаза, привлекать внимание; кӧскӧ илинбес, кӧс тийбес незаметный; кӧс тийди сглазил; кӧскӧ тийер обращать внимание; jаман кӧс дурной глаз; jаман кӧс болор быть изгоем; кӧскӧ (кӧзине) айдар говорить в глаза; кӧс албас, кӧс кыйбас не отводить глаз, не отрывать взгляда; кӧстиҥ кӧскӧ, кӧстӧҥ кӧскӧ с глазу на глаз; кӧс салар глаз положить; улустыҥ кӧзинче на виду у всех, принародно; кӧс талдай за глаза, в отсутствие кого-либо (говорить, ругать); кӧзи ачылар начинать понимать, прозреть; кӧзи jарыыр эвф. родить (о женщине); эки ле кӧс 1) об очень похудевшем человеке; 2) смотреть не спуская глаз; Кӧс коркор, кол коркыбас (Посл.) Глаза боятся, руки делают;"
8739,31,"виду у всех, принародно",виду у всех принародно,,,"ач кӧс жадный; завистливый; кӧс jок слепой; кӧс кылбыгар јаражай ослепительная красавица; кӧзи jетпес кижи подслеповатый человек; кӧс jетпес чӧлдӧр необозримые степи; кӧзи тойбос жадный, алчный; глаза завидущие; кӧскӧ илинер бросаться в глаза, привлекать внимание; кӧскӧ илинбес, кӧс тийбес незаметный; кӧс тийди сглазил; кӧскӧ тийер обращать внимание; jаман кӧс дурной глаз; jаман кӧс болор быть изгоем; кӧскӧ (кӧзине) айдар говорить в глаза; кӧс албас, кӧс кыйбас не отводить глаз, не отрывать взгляда; кӧстиҥ кӧскӧ, кӧстӧҥ кӧскӧ с глазу на глаз; кӧс салар глаз положить; улустыҥ кӧзинче на виду у всех, принародно; кӧс талдай за глаза, в отсутствие кого-либо (говорить, ругать); кӧзи ачылар начинать понимать, прозреть; кӧзи jарыыр эвф. родить (о женщине); эки ле кӧс 1) об очень похудевшем человеке; 2) смотреть не спуская глаз; Кӧс коркор, кол коркыбас (Посл.) Глаза боятся, руки делают;"
8739,32,"кӧс талдай за глаза,",кӧс талдай за глаза,,,"ач кӧс жадный; завистливый; кӧс jок слепой; кӧс кылбыгар јаражай ослепительная красавица; кӧзи jетпес кижи подслеповатый человек; кӧс jетпес чӧлдӧр необозримые степи; кӧзи тойбос жадный, алчный; глаза завидущие; кӧскӧ илинер бросаться в глаза, привлекать внимание; кӧскӧ илинбес, кӧс тийбес незаметный; кӧс тийди сглазил; кӧскӧ тийер обращать внимание; jаман кӧс дурной глаз; jаман кӧс болор быть изгоем; кӧскӧ (кӧзине) айдар говорить в глаза; кӧс албас, кӧс кыйбас не отводить глаз, не отрывать взгляда; кӧстиҥ кӧскӧ, кӧстӧҥ кӧскӧ с глазу на глаз; кӧс салар глаз положить; улустыҥ кӧзинче на виду у всех, принародно; кӧс талдай за глаза, в отсутствие кого-либо (говорить, ругать); кӧзи ачылар начинать понимать, прозреть; кӧзи jарыыр эвф. родить (о женщине); эки ле кӧс 1) об очень похудевшем человеке; 2) смотреть не спуская глаз; Кӧс коркор, кол коркыбас (Посл.) Глаза боятся, руки делают;"
8739,33,"в отсутствие кого-либо (говорить, ругать)",в отсутствие коголибо говорить ругать,,,"ач кӧс жадный; завистливый; кӧс jок слепой; кӧс кылбыгар јаражай ослепительная красавица; кӧзи jетпес кижи подслеповатый человек; кӧс jетпес чӧлдӧр необозримые степи; кӧзи тойбос жадный, алчный; глаза завидущие; кӧскӧ илинер бросаться в глаза, привлекать внимание; кӧскӧ илинбес, кӧс тийбес незаметный; кӧс тийди сглазил; кӧскӧ тийер обращать внимание; jаман кӧс дурной глаз; jаман кӧс болор быть изгоем; кӧскӧ (кӧзине) айдар говорить в глаза; кӧс албас, кӧс кыйбас не отводить глаз, не отрывать взгляда; кӧстиҥ кӧскӧ, кӧстӧҥ кӧскӧ с глазу на глаз; кӧс салар глаз положить; улустыҥ кӧзинче на виду у всех, принародно; кӧс талдай за глаза, в отсутствие кого-либо (говорить, ругать); кӧзи ачылар начинать понимать, прозреть; кӧзи jарыыр эвф. родить (о женщине); эки ле кӧс 1) об очень похудевшем человеке; 2) смотреть не спуская глаз; Кӧс коркор, кол коркыбас (Посл.) Глаза боятся, руки делают;"
8739,34,"кӧзи ачылар начинать понимать, прозреть",кӧзи ачылар начинать понимать прозреть,,,"ач кӧс жадный; завистливый; кӧс jок слепой; кӧс кылбыгар јаражай ослепительная красавица; кӧзи jетпес кижи подслеповатый человек; кӧс jетпес чӧлдӧр необозримые степи; кӧзи тойбос жадный, алчный; глаза завидущие; кӧскӧ илинер бросаться в глаза, привлекать внимание; кӧскӧ илинбес, кӧс тийбес незаметный; кӧс тийди сглазил; кӧскӧ тийер обращать внимание; jаман кӧс дурной глаз; jаман кӧс болор быть изгоем; кӧскӧ (кӧзине) айдар говорить в глаза; кӧс албас, кӧс кыйбас не отводить глаз, не отрывать взгляда; кӧстиҥ кӧскӧ, кӧстӧҥ кӧскӧ с глазу на глаз; кӧс салар глаз положить; улустыҥ кӧзинче на виду у всех, принародно; кӧс талдай за глаза, в отсутствие кого-либо (говорить, ругать); кӧзи ачылар начинать понимать, прозреть; кӧзи jарыыр эвф. родить (о женщине); эки ле кӧс 1) об очень похудевшем человеке; 2) смотреть не спуская глаз; Кӧс коркор, кол коркыбас (Посл.) Глаза боятся, руки делают;"
8739,35,кӧзи jарыыр эвф. родить (о женщине),кӧзи jарыыр эвф родить о женщине,,,"ач кӧс жадный; завистливый; кӧс jок слепой; кӧс кылбыгар јаражай ослепительная красавица; кӧзи jетпес кижи подслеповатый человек; кӧс jетпес чӧлдӧр необозримые степи; кӧзи тойбос жадный, алчный; глаза завидущие; кӧскӧ илинер бросаться в глаза, привлекать внимание; кӧскӧ илинбес, кӧс тийбес незаметный; кӧс тийди сглазил; кӧскӧ тийер обращать внимание; jаман кӧс дурной глаз; jаман кӧс болор быть изгоем; кӧскӧ (кӧзине) айдар говорить в глаза; кӧс албас, кӧс кыйбас не отводить глаз, не отрывать взгляда; кӧстиҥ кӧскӧ, кӧстӧҥ кӧскӧ с глазу на глаз; кӧс салар глаз положить; улустыҥ кӧзинче на виду у всех, принародно; кӧс талдай за глаза, в отсутствие кого-либо (говорить, ругать); кӧзи ачылар начинать понимать, прозреть; кӧзи jарыыр эвф. родить (о женщине); эки ле кӧс 1) об очень похудевшем человеке; 2) смотреть не спуская глаз; Кӧс коркор, кол коркыбас (Посл.) Глаза боятся, руки делают;"
8739,36,эки,эки,,,"ач кӧс жадный; завистливый; кӧс jок слепой; кӧс кылбыгар јаражай ослепительная красавица; кӧзи jетпес кижи подслеповатый человек; кӧс jетпес чӧлдӧр необозримые степи; кӧзи тойбос жадный, алчный; глаза завидущие; кӧскӧ илинер бросаться в глаза, привлекать внимание; кӧскӧ илинбес, кӧс тийбес незаметный; кӧс тийди сглазил; кӧскӧ тийер обращать внимание; jаман кӧс дурной глаз; jаман кӧс болор быть изгоем; кӧскӧ (кӧзине) айдар говорить в глаза; кӧс албас, кӧс кыйбас не отводить глаз, не отрывать взгляда; кӧстиҥ кӧскӧ, кӧстӧҥ кӧскӧ с глазу на глаз; кӧс салар глаз положить; улустыҥ кӧзинче на виду у всех, принародно; кӧс талдай за глаза, в отсутствие кого-либо (говорить, ругать); кӧзи ачылар начинать понимать, прозреть; кӧзи jарыыр эвф. родить (о женщине); эки ле кӧс 1) об очень похудевшем человеке; 2) смотреть не спуская глаз; Кӧс коркор, кол коркыбас (Посл.) Глаза боятся, руки делают;"
8739,37,ле кӧс 1) об очень похудевшем человеке,ле кӧс 1 об очень похудевшем человеке,,,"ач кӧс жадный; завистливый; кӧс jок слепой; кӧс кылбыгар јаражай ослепительная красавица; кӧзи jетпес кижи подслеповатый человек; кӧс jетпес чӧлдӧр необозримые степи; кӧзи тойбос жадный, алчный; глаза завидущие; кӧскӧ илинер бросаться в глаза, привлекать внимание; кӧскӧ илинбес, кӧс тийбес незаметный; кӧс тийди сглазил; кӧскӧ тийер обращать внимание; jаман кӧс дурной глаз; jаман кӧс болор быть изгоем; кӧскӧ (кӧзине) айдар говорить в глаза; кӧс албас, кӧс кыйбас не отводить глаз, не отрывать взгляда; кӧстиҥ кӧскӧ, кӧстӧҥ кӧскӧ с глазу на глаз; кӧс салар глаз положить; улустыҥ кӧзинче на виду у всех, принародно; кӧс талдай за глаза, в отсутствие кого-либо (говорить, ругать); кӧзи ачылар начинать понимать, прозреть; кӧзи jарыыр эвф. родить (о женщине); эки ле кӧс 1) об очень похудевшем человеке; 2) смотреть не спуская глаз; Кӧс коркор, кол коркыбас (Посл.) Глаза боятся, руки делают;"
8739,38,2) смотреть не спуская глаз,2 смотреть не спуская глаз,,,"ач кӧс жадный; завистливый; кӧс jок слепой; кӧс кылбыгар јаражай ослепительная красавица; кӧзи jетпес кижи подслеповатый человек; кӧс jетпес чӧлдӧр необозримые степи; кӧзи тойбос жадный, алчный; глаза завидущие; кӧскӧ илинер бросаться в глаза, привлекать внимание; кӧскӧ илинбес, кӧс тийбес незаметный; кӧс тийди сглазил; кӧскӧ тийер обращать внимание; jаман кӧс дурной глаз; jаман кӧс болор быть изгоем; кӧскӧ (кӧзине) айдар говорить в глаза; кӧс албас, кӧс кыйбас не отводить глаз, не отрывать взгляда; кӧстиҥ кӧскӧ, кӧстӧҥ кӧскӧ с глазу на глаз; кӧс салар глаз положить; улустыҥ кӧзинче на виду у всех, принародно; кӧс талдай за глаза, в отсутствие кого-либо (говорить, ругать); кӧзи ачылар начинать понимать, прозреть; кӧзи jарыыр эвф. родить (о женщине); эки ле кӧс 1) об очень похудевшем человеке; 2) смотреть не спуская глаз; Кӧс коркор, кол коркыбас (Посл.) Глаза боятся, руки делают;"
8739,39,"Кӧс коркор, кол",кӧс коркор кол,,,"ач кӧс жадный; завистливый; кӧс jок слепой; кӧс кылбыгар јаражай ослепительная красавица; кӧзи jетпес кижи подслеповатый человек; кӧс jетпес чӧлдӧр необозримые степи; кӧзи тойбос жадный, алчный; глаза завидущие; кӧскӧ илинер бросаться в глаза, привлекать внимание; кӧскӧ илинбес, кӧс тийбес незаметный; кӧс тийди сглазил; кӧскӧ тийер обращать внимание; jаман кӧс дурной глаз; jаман кӧс болор быть изгоем; кӧскӧ (кӧзине) айдар говорить в глаза; кӧс албас, кӧс кыйбас не отводить глаз, не отрывать взгляда; кӧстиҥ кӧскӧ, кӧстӧҥ кӧскӧ с глазу на глаз; кӧс салар глаз положить; улустыҥ кӧзинче на виду у всех, принародно; кӧс талдай за глаза, в отсутствие кого-либо (говорить, ругать); кӧзи ачылар начинать понимать, прозреть; кӧзи jарыыр эвф. родить (о женщине); эки ле кӧс 1) об очень похудевшем человеке; 2) смотреть не спуская глаз; Кӧс коркор, кол коркыбас (Посл.) Глаза боятся, руки делают;"
8739,40,"коркыбас (Посл.) Глаза боятся, руки делают",коркыбас посл глаза боятся руки делают,,,"ач кӧс жадный; завистливый; кӧс jок слепой; кӧс кылбыгар јаражай ослепительная красавица; кӧзи jетпес кижи подслеповатый человек; кӧс jетпес чӧлдӧр необозримые степи; кӧзи тойбос жадный, алчный; глаза завидущие; кӧскӧ илинер бросаться в глаза, привлекать внимание; кӧскӧ илинбес, кӧс тийбес незаметный; кӧс тийди сглазил; кӧскӧ тийер обращать внимание; jаман кӧс дурной глаз; jаман кӧс болор быть изгоем; кӧскӧ (кӧзине) айдар говорить в глаза; кӧс албас, кӧс кыйбас не отводить глаз, не отрывать взгляда; кӧстиҥ кӧскӧ, кӧстӧҥ кӧскӧ с глазу на глаз; кӧс салар глаз положить; улустыҥ кӧзинче на виду у всех, принародно; кӧс талдай за глаза, в отсутствие кого-либо (говорить, ругать); кӧзи ачылар начинать понимать, прозреть; кӧзи jарыыр эвф. родить (о женщине); эки ле кӧс 1) об очень похудевшем человеке; 2) смотреть не спуская глаз; Кӧс коркор, кол коркыбас (Посл.) Глаза боятся, руки делают;"
8745,1,"кӧс-баш jок напролом, безрассудно",кӧсбаш jок напролом безрассудно,,,"кӧс-баш jок напролом, безрассудно; невзирая ни на что; кӧс-баш jок jӱгӱрер бежать напролом"
8745,2,невзирая ни на что,невзирая ни на что,,,"кӧс-баш jок напролом, безрассудно; невзирая ни на что; кӧс-баш jок jӱгӱрер бежать напролом"
8745,3,кӧс-баш jок jӱгӱрер,кӧсбаш jок jӱгӱрер,,,"кӧс-баш jок напролом, безрассудно; невзирая ни на что; кӧс-баш jок jӱгӱрер бежать напролом"
8745,4,бежать напролом,бежать напролом,,,"кӧс-баш jок напролом, безрассудно; невзирая ни на что; кӧс-баш jок jӱгӱрер бежать напролом"
8767,1,кӧчӧр,кӧчӧр,,,кӧчӧр глагол грам. переходный глагол -
8767,2,глагол грам. переходный глагол,глагол грам переходный глагол,,,кӧчӧр глагол грам. переходный глагол -
8767,3,-,-,,,кӧчӧр глагол грам. переходный глагол -
8776,1,койу кӧчӧ праздник развязывания пут по,койу кӧчӧ праздник развязывания пут по,,,койу кӧчӧ праздник развязывания пут по случаю исполнения одного года ребёнку (букв. густой перловый суп)
8776,2,случаю исполнения одного года ребёнку,случаю исполнения одного года ребёнку,,,койу кӧчӧ праздник развязывания пут по случаю исполнения одного года ребёнку (букв. густой перловый суп)
8776,3,(букв. густой перловый суп),букв густой перловый суп,,,койу кӧчӧ праздник развязывания пут по случаю исполнения одного года ребёнку (букв. густой перловый суп)
8782,1,кӧчӱктиҥ сӧӧги копчик,кӧчӱктиҥ сӧӧги копчик,,,кӧчӱктиҥ сӧӧги копчик
8783,1,кӧчӱрер темдек грам. переносный,кӧчӱрер темдек грам переносный,,,кӧчӱрер темдек грам. переносный
8794,1,креске тӱжер,креске тӱжер,,,"креске тӱжер креститься, принять православную веру"
8794,2,"креститься, принять православную веру",креститься принять православную веру,,,"креске тӱжер креститься, принять православную веру"
8859,1,кудайы jок безбожник,кудайы jок безбожник,,,кудайы jок безбожник;
8878,1,Курут,курут,,,"Курут јийле, кудурган, сарју јийле, сайраган (Погов.) Съев сырчик, расшалился, съев масло, насладился"
8878,2,"јийле, кудурган, сарју јийле, сайраган",јийле кудурган сарју јийле сайраган,,,"Курут јийле, кудурган, сарју јийле, сайраган (Погов.) Съев сырчик, расшалился, съев масло, насладился"
8878,3,"(Погов.) Съев сырчик, расшалился, съев",погов съев сырчик расшалился съев,,,"Курут јийле, кудурган, сарју јийле, сайраган (Погов.) Съев сырчик, расшалился, съев масло, насладился"
8878,4,"масло, насладился",масло насладился,,,"Курут јийле, кудурган, сарју јийле, сайраган (Погов.) Съев сырчик, расшалился, съев масло, насладился"
8923,1,"куйругын толгоор накрутить хвост,",куйругын толгоор накрутить хвост,,,"куйругын толгоор накрутить хвост, дать взбучку, намылить голову; куйрук уулап барар ехать гуськом; куйругында сӱӱртелер плестись в хвосте; Эртенги куйруктаҥ бӱгӱнги ӧкпӧ артык (Погов.) Лучше синица в руках, чем журавль в небе (букв."
8923,2,"дать взбучку, намылить голову",дать взбучку намылить голову,,,"куйругын толгоор накрутить хвост, дать взбучку, намылить голову; куйрук уулап барар ехать гуськом; куйругында сӱӱртелер плестись в хвосте; Эртенги куйруктаҥ бӱгӱнги ӧкпӧ артык (Погов.) Лучше синица в руках, чем журавль в небе (букв."
8923,3,куйрук уулап,куйрук уулап,,,"куйругын толгоор накрутить хвост, дать взбучку, намылить голову; куйрук уулап барар ехать гуськом; куйругында сӱӱртелер плестись в хвосте; Эртенги куйруктаҥ бӱгӱнги ӧкпӧ артык (Погов.) Лучше синица в руках, чем журавль в небе (букв."
8923,4,барар ехать гуськом,барар ехать гуськом,,,"куйругын толгоор накрутить хвост, дать взбучку, намылить голову; куйрук уулап барар ехать гуськом; куйругында сӱӱртелер плестись в хвосте; Эртенги куйруктаҥ бӱгӱнги ӧкпӧ артык (Погов.) Лучше синица в руках, чем журавль в небе (букв."
8923,5,куйругында сӱӱртелер,куйругында сӱӱртелер,,,"куйругын толгоор накрутить хвост, дать взбучку, намылить голову; куйрук уулап барар ехать гуськом; куйругында сӱӱртелер плестись в хвосте; Эртенги куйруктаҥ бӱгӱнги ӧкпӧ артык (Погов.) Лучше синица в руках, чем журавль в небе (букв."
8923,6,плестись в хвосте,плестись в хвосте,,,"куйругын толгоор накрутить хвост, дать взбучку, намылить голову; куйрук уулап барар ехать гуськом; куйругында сӱӱртелер плестись в хвосте; Эртенги куйруктаҥ бӱгӱнги ӧкпӧ артык (Погов.) Лучше синица в руках, чем журавль в небе (букв."
8923,7,Эртенги куйруктаҥ,эртенги куйруктаҥ,,,"куйругын толгоор накрутить хвост, дать взбучку, намылить голову; куйрук уулап барар ехать гуськом; куйругында сӱӱртелер плестись в хвосте; Эртенги куйруктаҥ бӱгӱнги ӧкпӧ артык (Погов.) Лучше синица в руках, чем журавль в небе (букв."
8923,8,бӱгӱнги ӧкпӧ артык (Погов.) Лучше,бӱгӱнги ӧкпӧ артык погов лучше,,,"куйругын толгоор накрутить хвост, дать взбучку, намылить голову; куйрук уулап барар ехать гуськом; куйругында сӱӱртелер плестись в хвосте; Эртенги куйруктаҥ бӱгӱнги ӧкпӧ артык (Погов.) Лучше синица в руках, чем журавль в небе (букв."
8923,9,"синица в руках, чем журавль в небе (букв.",синица в руках чем журавль в небе букв,,,"куйругын толгоор накрутить хвост, дать взбучку, намылить голову; куйрук уулап барар ехать гуськом; куйругында сӱӱртелер плестись в хвосте; Эртенги куйруктаҥ бӱгӱнги ӧкпӧ артык (Погов.) Лучше синица в руках, чем журавль в небе (букв."
8940,1,"Куйулгакка јӱзерге јаман,",куйулгакка јӱзерге јаман,,,"Куйулгакка јӱзерге јаман, култур кижиге коштонорго јаман (Посл.)"
8940,2,култур кижиге коштонорго јаман (Посл.),култур кижиге коштонорго јаман посл,,,"Куйулгакка јӱзерге јаман, култур кижиге коштонорго јаман (Посл.)"
8952,1,Jаказын кӧрзӧҥ,jаказын кӧрзӧҥ,"бий,",,"Jаказын кӧрзӧҥ — бий, угын суразаҥ — кул (Погов.) Посмотришь на ворот ― господин, спросишь родословную ― раб"
8952,2,угын суразаҥ,угын суразаҥ,кул (Погов.) Посмотришь,,"Jаказын кӧрзӧҥ — бий, угын суразаҥ — кул (Погов.) Посмотришь на ворот ― господин, спросишь родословную ― раб"
8952,3,"на ворот ― господин, спросишь родословную",на ворот господин спросишь родословную,,,"Jаказын кӧрзӧҥ — бий, угын суразаҥ — кул (Погов.) Посмотришь на ворот ― господин, спросишь родословную ― раб"
8952,4,― раб,раб,,,"Jаказын кӧрзӧҥ — бий, угын суразаҥ — кул (Погов.) Посмотришь на ворот ― господин, спросишь родословную ― раб"
8954,1,куладыдый куу весь седой,куладыдый куу весь седой,,,куладыдый куу весь седой (букв. седой как лунь)
8954,2,(букв. седой как лунь),букв седой как лунь,,,куладыдый куу весь седой (букв. седой как лунь)
8955,1,узун кулак любопытный,узун кулак любопытный,,,узун кулак любопытный; ай кулак чуткий (о человеке); кулак јок глухой; кулагы јетпес недослышащий; кулагына јетпес не доходит до ушей; кулагы сыктайт в ухе звенит; кулактыҥ кырыла угар слушать краем уха; кулактыҥ кырына да албас и ухом не вести; кулагына да илинбес и ухом
8955,2,ай,ай,,,узун кулак любопытный; ай кулак чуткий (о человеке); кулак јок глухой; кулагы јетпес недослышащий; кулагына јетпес не доходит до ушей; кулагы сыктайт в ухе звенит; кулактыҥ кырыла угар слушать краем уха; кулактыҥ кырына да албас и ухом не вести; кулагына да илинбес и ухом
8955,3,кулак чуткий (о человеке),кулак чуткий о человеке,,,узун кулак любопытный; ай кулак чуткий (о человеке); кулак јок глухой; кулагы јетпес недослышащий; кулагына јетпес не доходит до ушей; кулагы сыктайт в ухе звенит; кулактыҥ кырыла угар слушать краем уха; кулактыҥ кырына да албас и ухом не вести; кулагына да илинбес и ухом
8955,4,кулак јок глухой,кулак јок глухой,,,узун кулак любопытный; ай кулак чуткий (о человеке); кулак јок глухой; кулагы јетпес недослышащий; кулагына јетпес не доходит до ушей; кулагы сыктайт в ухе звенит; кулактыҥ кырыла угар слушать краем уха; кулактыҥ кырына да албас и ухом не вести; кулагына да илинбес и ухом
8955,5,кулагы јетпес недослышащий,кулагы јетпес недослышащий,,,узун кулак любопытный; ай кулак чуткий (о человеке); кулак јок глухой; кулагы јетпес недослышащий; кулагына јетпес не доходит до ушей; кулагы сыктайт в ухе звенит; кулактыҥ кырыла угар слушать краем уха; кулактыҥ кырына да албас и ухом не вести; кулагына да илинбес и ухом
8955,6,кулагына,кулагына,,,узун кулак любопытный; ай кулак чуткий (о человеке); кулак јок глухой; кулагы јетпес недослышащий; кулагына јетпес не доходит до ушей; кулагы сыктайт в ухе звенит; кулактыҥ кырыла угар слушать краем уха; кулактыҥ кырына да албас и ухом не вести; кулагына да илинбес и ухом
8955,7,јетпес не доходит до ушей,јетпес не доходит до ушей,,,узун кулак любопытный; ай кулак чуткий (о человеке); кулак јок глухой; кулагы јетпес недослышащий; кулагына јетпес не доходит до ушей; кулагы сыктайт в ухе звенит; кулактыҥ кырыла угар слушать краем уха; кулактыҥ кырына да албас и ухом не вести; кулагына да илинбес и ухом
8955,8,кулагы сыктайт в,кулагы сыктайт в,,,узун кулак любопытный; ай кулак чуткий (о человеке); кулак јок глухой; кулагы јетпес недослышащий; кулагына јетпес не доходит до ушей; кулагы сыктайт в ухе звенит; кулактыҥ кырыла угар слушать краем уха; кулактыҥ кырына да албас и ухом не вести; кулагына да илинбес и ухом
8955,9,ухе звенит,ухе звенит,,,узун кулак любопытный; ай кулак чуткий (о человеке); кулак јок глухой; кулагы јетпес недослышащий; кулагына јетпес не доходит до ушей; кулагы сыктайт в ухе звенит; кулактыҥ кырыла угар слушать краем уха; кулактыҥ кырына да албас и ухом не вести; кулагына да илинбес и ухом
8955,10,кулактыҥ кырыла угар слушать,кулактыҥ кырыла угар слушать,,,узун кулак любопытный; ай кулак чуткий (о человеке); кулак јок глухой; кулагы јетпес недослышащий; кулагына јетпес не доходит до ушей; кулагы сыктайт в ухе звенит; кулактыҥ кырыла угар слушать краем уха; кулактыҥ кырына да албас и ухом не вести; кулагына да илинбес и ухом
8955,11,краем уха,краем уха,,,узун кулак любопытный; ай кулак чуткий (о человеке); кулак јок глухой; кулагы јетпес недослышащий; кулагына јетпес не доходит до ушей; кулагы сыктайт в ухе звенит; кулактыҥ кырыла угар слушать краем уха; кулактыҥ кырына да албас и ухом не вести; кулагына да илинбес и ухом
8955,12,кулактыҥ кырына да албас и,кулактыҥ кырына да албас и,,,узун кулак любопытный; ай кулак чуткий (о человеке); кулак јок глухой; кулагы јетпес недослышащий; кулагына јетпес не доходит до ушей; кулагы сыктайт в ухе звенит; кулактыҥ кырыла угар слушать краем уха; кулактыҥ кырына да албас и ухом не вести; кулагына да илинбес и ухом
8955,13,ухом не вести,ухом не вести,,,узун кулак любопытный; ай кулак чуткий (о человеке); кулак јок глухой; кулагы јетпес недослышащий; кулагына јетпес не доходит до ушей; кулагы сыктайт в ухе звенит; кулактыҥ кырыла угар слушать краем уха; кулактыҥ кырына да албас и ухом не вести; кулагына да илинбес и ухом
8955,14,кулагына да илинбес и ухом,кулагына да илинбес и ухом,,,узун кулак любопытный; ай кулак чуткий (о человеке); кулак јок глухой; кулагы јетпес недослышащий; кулагына јетпес не доходит до ушей; кулагы сыктайт в ухе звенит; кулактыҥ кырыла угар слушать краем уха; кулактыҥ кырына да албас и ухом не вести; кулагына да илинбес и ухом
8962,1,"Кумдустыҥ куйругы кулаш, камдуныҥ",кумдустыҥ куйругы кулаш камдуныҥ,,,"Кумдустыҥ куйругы кулаш, камдуныҥ куйругы карыш (Погов.) У бобра хвост — сажень; у выдры хвост — вершок -"
8962,2,куйругы карыш (Погов.) У бобра хвост —,куйругы карыш погов у бобра хвост,,,"Кумдустыҥ куйругы кулаш, камдуныҥ куйругы карыш (Погов.) У бобра хвост — сажень; у выдры хвост — вершок -"
8962,3,сажень,сажень,,,"Кумдустыҥ куйругы кулаш, камдуныҥ куйругы карыш (Погов.) У бобра хвост — сажень; у выдры хвост — вершок -"
8962,4,у выдры хвост,у выдры хвост,вершок,,"Кумдустыҥ куйругы кулаш, камдуныҥ куйругы карыш (Погов.) У бобра хвост — сажень; у выдры хвост — вершок -"
8962,5,-,-,,,"Кумдустыҥ куйругы кулаш, камдуныҥ куйругы карыш (Погов.) У бобра хвост — сажень; у выдры хвост — вершок -"
8984,1,"Кумакту ашты тиш сӱӱбес, култур",кумакту ашты тиш сӱӱбес култур,,,"Кумакту ашты тиш сӱӱбес, култур кижини јон сӱӱбес (Посл.) Зерно с песком не любят зубы, лукавого человека не любит народ"
8984,2,кижини јон сӱӱбес (Посл.) Зерно с песком,кижини јон сӱӱбес посл зерно с песком,,,"Кумакту ашты тиш сӱӱбес, култур кижини јон сӱӱбес (Посл.) Зерно с песком не любят зубы, лукавого человека не любит народ"
8984,3,"не любят зубы, лукавого человека не любит",не любят зубы лукавого человека не любит,,,"Кумакту ашты тиш сӱӱбес, култур кижини јон сӱӱбес (Посл.) Зерно с песком не любят зубы, лукавого человека не любит народ"
8984,4,народ,народ,,,"Кумакту ашты тиш сӱӱбес, култур кижини јон сӱӱбес (Посл.) Зерно с песком не любят зубы, лукавого человека не любит народ"
9001,1,Кулагына кумак ургандый (Погов.),кулагына кумак ургандый погов,,,Кулагына кумак ургандый (Погов.)
9049,1,бир кураа,бир кураа,,,бир кураа одного возраста
9049,2,одного возраста,одного возраста,,,бир кураа одного возраста
9055,1,кураан булуттар,кураан булуттар,,,кураан булуттар перистые облака
9055,2,перистые облака,перистые облака,,,кураан булуттар перистые облака
9057,1,куран ай август,куран ай август,,,куран ай август
9096,1,куркуны,куркуны,,,"куркуны сынган потерпел неудачу, опустил руки; куркунын сындырар: 1) обломать крылья; 2) перен. осадить, умерить пыл, лишить возможности; куркуны тыҥыыр 1) вырастать; 2) становиться сильным"
9096,2,"сынган потерпел неудачу, опустил руки",сынган потерпел неудачу опустил руки,,,"куркуны сынган потерпел неудачу, опустил руки; куркунын сындырар: 1) обломать крылья; 2) перен. осадить, умерить пыл, лишить возможности; куркуны тыҥыыр 1) вырастать; 2) становиться сильным"
9096,3,куркунын сындырар: 1) обломать,куркунын сындырар 1 обломать,,,"куркуны сынган потерпел неудачу, опустил руки; куркунын сындырар: 1) обломать крылья; 2) перен. осадить, умерить пыл, лишить возможности; куркуны тыҥыыр 1) вырастать; 2) становиться сильным"
9096,4,крылья,крылья,,,"куркуны сынган потерпел неудачу, опустил руки; куркунын сындырар: 1) обломать крылья; 2) перен. осадить, умерить пыл, лишить возможности; куркуны тыҥыыр 1) вырастать; 2) становиться сильным"
9096,5,"2) перен. осадить, умерить пыл,",2 перен осадить умерить пыл,,,"куркуны сынган потерпел неудачу, опустил руки; куркунын сындырар: 1) обломать крылья; 2) перен. осадить, умерить пыл, лишить возможности; куркуны тыҥыыр 1) вырастать; 2) становиться сильным"
9096,6,лишить возможности,лишить возможности,,,"куркуны сынган потерпел неудачу, опустил руки; куркунын сындырар: 1) обломать крылья; 2) перен. осадить, умерить пыл, лишить возможности; куркуны тыҥыыр 1) вырастать; 2) становиться сильным"
9096,7,куркуны тыҥыыр,куркуны тыҥыыр,,,"куркуны сынган потерпел неудачу, опустил руки; куркунын сындырар: 1) обломать крылья; 2) перен. осадить, умерить пыл, лишить возможности; куркуны тыҥыыр 1) вырастать; 2) становиться сильным"
9096,8,1) вырастать,1 вырастать,,,"куркуны сынган потерпел неудачу, опустил руки; куркунын сындырар: 1) обломать крылья; 2) перен. осадить, умерить пыл, лишить возможности; куркуны тыҥыыр 1) вырастать; 2) становиться сильным"
9096,9,2) становиться сильным,2 становиться сильным,,,"куркуны сынган потерпел неудачу, опустил руки; куркунын сындырар: 1) обломать крылья; 2) перен. осадить, умерить пыл, лишить возможности; куркуны тыҥыыр 1) вырастать; 2) становиться сильным"
9114,1,кара курсак,кара курсак,,,"кара курсак 1) постная пища; 2) кое-какое пропитание; курсагына кару кижи чревоугодник, обжора, любящий поесть; курсагына ла јӱрген кижи человек, зарабатывающий только на пропитание"
9114,2,1) постная пища,1 постная пища,,,"кара курсак 1) постная пища; 2) кое-какое пропитание; курсагына кару кижи чревоугодник, обжора, любящий поесть; курсагына ла јӱрген кижи человек, зарабатывающий только на пропитание"
9114,3,2) кое-какое пропитание,2 коекакое пропитание,,,"кара курсак 1) постная пища; 2) кое-какое пропитание; курсагына кару кижи чревоугодник, обжора, любящий поесть; курсагына ла јӱрген кижи человек, зарабатывающий только на пропитание"
9114,4,"курсагына кару кижи чревоугодник,",курсагына кару кижи чревоугодник,,,"кара курсак 1) постная пища; 2) кое-какое пропитание; курсагына кару кижи чревоугодник, обжора, любящий поесть; курсагына ла јӱрген кижи человек, зарабатывающий только на пропитание"
9114,5,"обжора, любящий поесть",обжора любящий поесть,,,"кара курсак 1) постная пища; 2) кое-какое пропитание; курсагына кару кижи чревоугодник, обжора, любящий поесть; курсагына ла јӱрген кижи человек, зарабатывающий только на пропитание"
9114,6,курсагына ла,курсагына ла,,,"кара курсак 1) постная пища; 2) кое-какое пропитание; курсагына кару кижи чревоугодник, обжора, любящий поесть; курсагына ла јӱрген кижи человек, зарабатывающий только на пропитание"
9114,7,"јӱрген кижи человек, зарабатывающий",јӱрген кижи человек зарабатывающий,,,"кара курсак 1) постная пища; 2) кое-какое пропитание; курсагына кару кижи чревоугодник, обжора, любящий поесть; курсагына ла јӱрген кижи человек, зарабатывающий только на пропитание"
9114,8,только на пропитание,только на пропитание,,,"кара курсак 1) постная пища; 2) кое-какое пропитание; курсагына кару кижи чревоугодник, обжора, любящий поесть; курсагына ла јӱрген кижи человек, зарабатывающий только на пропитание"
9123,1,кыл,кыл,,,"кыл курт глист; курты кыймыраар (кайнаар) перен. 1) ёрзать, вертеться; 2) кокетничать, поступать легкомысленно"
9123,2,курт глист,курт глист,,,"кыл курт глист; курты кыймыраар (кайнаар) перен. 1) ёрзать, вертеться; 2) кокетничать, поступать легкомысленно"
9123,3,курты кыймыраар (кайнаар),курты кыймыраар кайнаар,,,"кыл курт глист; курты кыймыраар (кайнаар) перен. 1) ёрзать, вертеться; 2) кокетничать, поступать легкомысленно"
9123,4,"перен. 1) ёрзать, вертеться",перен 1 ёрзать вертеться,,,"кыл курт глист; курты кыймыраар (кайнаар) перен. 1) ёрзать, вертеться; 2) кокетничать, поступать легкомысленно"
9123,5,"2) кокетничать,",2 кокетничать,,,"кыл курт глист; курты кыймыраар (кайнаар) перен. 1) ёрзать, вертеться; 2) кокетничать, поступать легкомысленно"
9123,6,поступать легкомысленно,поступать легкомысленно,,,"кыл курт глист; курты кыймыраар (кайнаар) перен. 1) ёрзать, вертеться; 2) кокетничать, поступать легкомысленно"
9132,1,"кӧдӧни куртту груб. 1) непоседа, озорник",кӧдӧни куртту груб 1 непоседа озорник,,,"кӧдӧни куртту груб. 1) непоседа, озорник; 2) вертопрах, ветреный человек"
9132,2,"2) вертопрах, ветреный человек",2 вертопрах ветреный человек,,,"кӧдӧни куртту груб. 1) непоседа, озорник; 2) вертопрах, ветреный человек"
9152,1,курумшы,курумшы,,,курумшы русский (о человеке)
9152,2,русский (о человеке),русский о человеке,,,курумшы русский (о человеке)
9188,1,кускузы келер тошнить,кускузы келер тошнить,,,кускузы келер тошнить
9195,1,"куды чыгар бояться,",куды чыгар бояться,,,"куды чыгар бояться, душа в пятки уходит; кут jок качар убегать без оглядки"
9195,2,душа в пятки уходит,душа в пятки уходит,,,"куды чыгар бояться, душа в пятки уходит; кут jок качар убегать без оглядки"
9195,3,кут jок качар убегать,кут jок качар убегать,,,"куды чыгар бояться, душа в пятки уходит; кут jок качар убегать без оглядки"
9195,4,без оглядки,без оглядки,,,"куды чыгар бояться, душа в пятки уходит; кут jок качар убегать без оглядки"
9211,1,куу,куу,,,куу не баш череп ср.
9211,2,не баш череп,не баш череп,,,куу не баш череп ср.
9211,3,ср.,ср,,,куу не баш череп ср.
9219,1,ӧчин куур мстить,ӧчин куур мстить,,,ӧчин куур мстить; ӱбин куур требовать наследства; куузы кирер довольствоваться;
9219,2,ӱбин куур требовать,ӱбин куур требовать,,,ӧчин куур мстить; ӱбин куур требовать наследства; куузы кирер довольствоваться;
9219,3,наследства,наследства,,,ӧчин куур мстить; ӱбин куур требовать наследства; куузы кирер довольствоваться;
9219,4,куузы кирер довольствоваться,куузы кирер довольствоваться,,,ӧчин куур мстить; ӱбин куур требовать наследства; куузы кирер довольствоваться;
9238,1,Карганныҥ куугы тайыс (Погов.) У,карганныҥ куугы тайыс погов у,,,Карганныҥ куугы тайыс (Погов.) У старого мочевой пузырь неглубокий
9238,2,старого мочевой пузырь неглубокий,старого мочевой пузырь неглубокий,,,Карганныҥ куугы тайыс (Погов.) У старого мочевой пузырь неглубокий
9286,1,"Кӧс тӧ jок, тил де jок, колго алза,",кӧс тӧ jок тил де jок колго алза,,,"Кӧс тӧ jок, тил де jок, колго алза, куучынчы (Заг.) Нет ни глаз, ни языка, а в руки возьмёшь – разговорчивый"
9286,2,"куучынчы (Заг.) Нет ни глаз, ни языка, а в",куучынчы заг нет ни глаз ни языка а в,,,"Кӧс тӧ jок, тил де jок, колго алза, куучынчы (Заг.) Нет ни глаз, ни языка, а в руки возьмёшь – разговорчивый"
9286,3,руки возьмёшь,руки возьмёшь,разговорчивый,,"Кӧс тӧ jок, тил де jок, колго алза, куучынчы (Заг.) Нет ни глаз, ни языка, а в руки возьмёшь – разговорчивый"
9309,1,Jӱс кучыйак кӧл карайт (Заг.) Сто,jӱс кучыйак кӧл карайт заг сто,,,Jӱс кучыйак кӧл карайт (Заг.) Сто птичек смотрят в озеро
9309,2,птичек смотрят в озеро,птичек смотрят в озеро,,,Jӱс кучыйак кӧл карайт (Заг.) Сто птичек смотрят в озеро
9311,1,куш jӱректӱ трусливый,куш jӱректӱ трусливый,,,куш jӱректӱ трусливый;
9327,1,Бӧрӱге мал кӱдеткен (Погов.) Заставили,бӧрӱге мал кӱдеткен погов заставили,,,Бӧрӱге мал кӱдеткен (Погов.) Заставили волка стеречь скот
9327,2,волка стеречь скот,волка стеречь скот,,,Бӧрӱге мал кӱдеткен (Погов.) Заставили волка стеречь скот
9360,1,калганчы кӱзӱҥи последний звонок,калганчы кӱзӱҥи последний звонок,,,калганчы кӱзӱҥи последний звонок; кӱзӱҥи-чечек бот. колокольчик
9360,2,кӱзӱҥи-чечек бот. колокольчик,кӱзӱҥичечек бот колокольчик,,,калганчы кӱзӱҥи последний звонок; кӱзӱҥи-чечек бот. колокольчик
9379,1,ичи кӱйер завидовать,ичи кӱйер завидовать,,,"ичи кӱйер завидовать; кӱнге кӱйер загорать; Одыракта от кӱйет,"
9379,2,кӱнге кӱйер загорать,кӱнге кӱйер загорать,,,"ичи кӱйер завидовать; кӱнге кӱйер загорать; Одыракта от кӱйет,"
9379,3,"Одыракта от кӱйет,",одыракта от кӱйет,,,"ичи кӱйер завидовать; кӱнге кӱйер загорать; Одыракта от кӱйет,"
9384,1,"Кӱйгӱр де болзо, Чобрада изӱ",кӱйгӱр де болзо чобрада изӱ,,,"Кӱйгӱр де болзо, Чобрада изӱ jок (Погов.) Хотя и легко разгорается, Тепла от коры лиственницы нет"
9384,2,"jок (Погов.) Хотя и легко разгорается, Тепла",jок погов хотя и легко разгорается тепла,,,"Кӱйгӱр де болзо, Чобрада изӱ jок (Погов.) Хотя и легко разгорается, Тепла от коры лиственницы нет"
9384,3,от коры лиственницы нет,от коры лиственницы нет,,,"Кӱйгӱр де болзо, Чобрада изӱ jок (Погов.) Хотя и легко разгорается, Тепла от коры лиственницы нет"
9393,1,Кӱйече де кӱйӱ эмей,кӱйече де кӱйӱ эмей,,,Кӱйече де кӱйӱ эмей (Погов.) Зять ведь и [размером] с моль зять
9393,2,(Погов.) Зять ведь и [размером] с моль зять,погов зять ведь и размером с моль зять,,,Кӱйече де кӱйӱ эмей (Погов.) Зять ведь и [размером] с моль зять
9403,1,"Кӱӱнзекте чамча jок, Кӱйӱнчекте мак jок",кӱӱнзекте чамча jок кӱйӱнчекте мак jок,,,"Кӱӱнзекте чамча jок, Кӱйӱнчекте мак jок (Погов.) У добряка рубахи нет, У завистника из славы нет; Кӱйӱнчекте амыр jок (Погов.) У завистника покоя нет"
9403,2,"(Погов.) У добряка рубахи нет, У завистника",погов у добряка рубахи нет у завистника,,,"Кӱӱнзекте чамча jок, Кӱйӱнчекте мак jок (Погов.) У добряка рубахи нет, У завистника из славы нет; Кӱйӱнчекте амыр jок (Погов.) У завистника покоя нет"
9403,3,из славы нет,из славы нет,,,"Кӱӱнзекте чамча jок, Кӱйӱнчекте мак jок (Погов.) У добряка рубахи нет, У завистника из славы нет; Кӱйӱнчекте амыр jок (Погов.) У завистника покоя нет"
9403,4,Кӱйӱнчекте амыр jок (Погов.) У,кӱйӱнчекте амыр jок погов у,,,"Кӱӱнзекте чамча jок, Кӱйӱнчекте мак jок (Погов.) У добряка рубахи нет, У завистника из славы нет; Кӱйӱнчекте амыр jок (Погов.) У завистника покоя нет"
9403,5,завистника покоя нет,завистника покоя нет,,,"Кӱӱнзекте чамча jок, Кӱйӱнчекте мак jок (Погов.) У добряка рубахи нет, У завистника из славы нет; Кӱйӱнчекте амыр jок (Погов.) У завистника покоя нет"
9407,1,кӱкӱрт-чечек бот. тюльпан,кӱкӱртчечек бот тюльпан,,,кӱкӱрт-чечек бот. тюльпан
9411,1,кӱл чымыл,кӱл чымыл,,,кӱл чымыл мошка
9411,2,мошка,мошка,,,кӱл чымыл мошка
9415,1,Кӱлер ка-,кӱлер ка,,,Кӱлер казан кӱлге кайнайт (Заг.) Бронзовый котёл в золе кипит
9415,2,зан кӱлге кайнайт (Заг.) Бронзовый котёл в,зан кӱлге кайнайт заг бронзовый котёл в,,,Кӱлер казан кӱлге кайнайт (Заг.) Бронзовый котёл в золе кипит
9415,3,золе кипит,золе кипит,,,Кӱлер казан кӱлге кайнайт (Заг.) Бронзовый котёл в золе кипит
9428,1,"Кӱлӱктерле кӱрешпе, Кӱчи jокко",кӱлӱктерле кӱрешпе кӱчи jокко,,,"Кӱлӱктерле кӱрешпе, Кӱчи jокко кӱчӱркебе (Погов.) С сильными не борись,"
9428,2,"кӱчӱркебе (Погов.) С сильными не борись,",кӱчӱркебе погов с сильными не борись,,,"Кӱлӱктерле кӱрешпе, Кӱчи jокко кӱчӱркебе (Погов.) С сильными не борись,"
9462,1,кӱн,кӱн,,,"кӱн карыкканы солнечное затмение; кӱн ашканы закат; кӱн чыкканы восход; кӱн эртеде заранее; кӱн эртелеп заранее, пораньше; кӱн тескери наоборот, против часовой стрелки (букв. против хода солнца); кӱн кӧрбӧй jӱрер жить очень плохо, трудно; Бир кӱнге jастырганы муҥ кӱнге барар (Посл.) Ошибка одного дня продлится на тысячи дней"
9462,2,карыкканы солнечное затмение,карыкканы солнечное затмение,,,"кӱн карыкканы солнечное затмение; кӱн ашканы закат; кӱн чыкканы восход; кӱн эртеде заранее; кӱн эртелеп заранее, пораньше; кӱн тескери наоборот, против часовой стрелки (букв. против хода солнца); кӱн кӧрбӧй jӱрер жить очень плохо, трудно; Бир кӱнге jастырганы муҥ кӱнге барар (Посл.) Ошибка одного дня продлится на тысячи дней"
9462,3,кӱн ашка-,кӱн ашка,,,"кӱн карыкканы солнечное затмение; кӱн ашканы закат; кӱн чыкканы восход; кӱн эртеде заранее; кӱн эртелеп заранее, пораньше; кӱн тескери наоборот, против часовой стрелки (букв. против хода солнца); кӱн кӧрбӧй jӱрер жить очень плохо, трудно; Бир кӱнге jастырганы муҥ кӱнге барар (Посл.) Ошибка одного дня продлится на тысячи дней"
9462,4,ны закат,ны закат,,,"кӱн карыкканы солнечное затмение; кӱн ашканы закат; кӱн чыкканы восход; кӱн эртеде заранее; кӱн эртелеп заранее, пораньше; кӱн тескери наоборот, против часовой стрелки (букв. против хода солнца); кӱн кӧрбӧй jӱрер жить очень плохо, трудно; Бир кӱнге jастырганы муҥ кӱнге барар (Посл.) Ошибка одного дня продлится на тысячи дней"
9462,5,кӱн чыкканы восход,кӱн чыкканы восход,,,"кӱн карыкканы солнечное затмение; кӱн ашканы закат; кӱн чыкканы восход; кӱн эртеде заранее; кӱн эртелеп заранее, пораньше; кӱн тескери наоборот, против часовой стрелки (букв. против хода солнца); кӱн кӧрбӧй jӱрер жить очень плохо, трудно; Бир кӱнге jастырганы муҥ кӱнге барар (Посл.) Ошибка одного дня продлится на тысячи дней"
9462,6,кӱн эртеде,кӱн эртеде,,,"кӱн карыкканы солнечное затмение; кӱн ашканы закат; кӱн чыкканы восход; кӱн эртеде заранее; кӱн эртелеп заранее, пораньше; кӱн тескери наоборот, против часовой стрелки (букв. против хода солнца); кӱн кӧрбӧй jӱрер жить очень плохо, трудно; Бир кӱнге jастырганы муҥ кӱнге барар (Посл.) Ошибка одного дня продлится на тысячи дней"
9462,7,заранее,заранее,,,"кӱн карыкканы солнечное затмение; кӱн ашканы закат; кӱн чыкканы восход; кӱн эртеде заранее; кӱн эртелеп заранее, пораньше; кӱн тескери наоборот, против часовой стрелки (букв. против хода солнца); кӱн кӧрбӧй jӱрер жить очень плохо, трудно; Бир кӱнге jастырганы муҥ кӱнге барар (Посл.) Ошибка одного дня продлится на тысячи дней"
9462,8,"кӱн эртелеп заранее, пораньше",кӱн эртелеп заранее пораньше,,,"кӱн карыкканы солнечное затмение; кӱн ашканы закат; кӱн чыкканы восход; кӱн эртеде заранее; кӱн эртелеп заранее, пораньше; кӱн тескери наоборот, против часовой стрелки (букв. против хода солнца); кӱн кӧрбӧй jӱрер жить очень плохо, трудно; Бир кӱнге jастырганы муҥ кӱнге барар (Посл.) Ошибка одного дня продлится на тысячи дней"
9462,9,кӱн,кӱн,,,"кӱн карыкканы солнечное затмение; кӱн ашканы закат; кӱн чыкканы восход; кӱн эртеде заранее; кӱн эртелеп заранее, пораньше; кӱн тескери наоборот, против часовой стрелки (букв. против хода солнца); кӱн кӧрбӧй jӱрер жить очень плохо, трудно; Бир кӱнге jастырганы муҥ кӱнге барар (Посл.) Ошибка одного дня продлится на тысячи дней"
9462,10,"тескери наоборот, против часовой стрел-",тескери наоборот против часовой стрел,,,"кӱн карыкканы солнечное затмение; кӱн ашканы закат; кӱн чыкканы восход; кӱн эртеде заранее; кӱн эртелеп заранее, пораньше; кӱн тескери наоборот, против часовой стрелки (букв. против хода солнца); кӱн кӧрбӧй jӱрер жить очень плохо, трудно; Бир кӱнге jастырганы муҥ кӱнге барар (Посл.) Ошибка одного дня продлится на тысячи дней"
9462,11,ки (букв. против хода солнца),ки букв против хода солнца,,,"кӱн карыкканы солнечное затмение; кӱн ашканы закат; кӱн чыкканы восход; кӱн эртеде заранее; кӱн эртелеп заранее, пораньше; кӱн тескери наоборот, против часовой стрелки (букв. против хода солнца); кӱн кӧрбӧй jӱрер жить очень плохо, трудно; Бир кӱнге jастырганы муҥ кӱнге барар (Посл.) Ошибка одного дня продлится на тысячи дней"
9462,12,кӱн кӧрбӧй,кӱн кӧрбӧй,,,"кӱн карыкканы солнечное затмение; кӱн ашканы закат; кӱн чыкканы восход; кӱн эртеде заранее; кӱн эртелеп заранее, пораньше; кӱн тескери наоборот, против часовой стрелки (букв. против хода солнца); кӱн кӧрбӧй jӱрер жить очень плохо, трудно; Бир кӱнге jастырганы муҥ кӱнге барар (Посл.) Ошибка одного дня продлится на тысячи дней"
9462,13,"jӱрер жить очень плохо, трудно",jӱрер жить очень плохо трудно,,,"кӱн карыкканы солнечное затмение; кӱн ашканы закат; кӱн чыкканы восход; кӱн эртеде заранее; кӱн эртелеп заранее, пораньше; кӱн тескери наоборот, против часовой стрелки (букв. против хода солнца); кӱн кӧрбӧй jӱрер жить очень плохо, трудно; Бир кӱнге jастырганы муҥ кӱнге барар (Посл.) Ошибка одного дня продлится на тысячи дней"
9462,14,Бир кӱнге,бир кӱнге,,,"кӱн карыкканы солнечное затмение; кӱн ашканы закат; кӱн чыкканы восход; кӱн эртеде заранее; кӱн эртелеп заранее, пораньше; кӱн тескери наоборот, против часовой стрелки (букв. против хода солнца); кӱн кӧрбӧй jӱрер жить очень плохо, трудно; Бир кӱнге jастырганы муҥ кӱнге барар (Посл.) Ошибка одного дня продлится на тысячи дней"
9462,15,jастырганы муҥ кӱнге барар (Посл.) Ошиб-,jастырганы муҥ кӱнге барар посл ошиб,,,"кӱн карыкканы солнечное затмение; кӱн ашканы закат; кӱн чыкканы восход; кӱн эртеде заранее; кӱн эртелеп заранее, пораньше; кӱн тескери наоборот, против часовой стрелки (букв. против хода солнца); кӱн кӧрбӧй jӱрер жить очень плохо, трудно; Бир кӱнге jастырганы муҥ кӱнге барар (Посл.) Ошибка одного дня продлится на тысячи дней"
9462,16,ка одного дня продлится на тысячи дней,ка одного дня продлится на тысячи дней,,,"кӱн карыкканы солнечное затмение; кӱн ашканы закат; кӱн чыкканы восход; кӱн эртеде заранее; кӱн эртелеп заранее, пораньше; кӱн тескери наоборот, против часовой стрелки (букв. против хода солнца); кӱн кӧрбӧй jӱрер жить очень плохо, трудно; Бир кӱнге jастырганы муҥ кӱнге барар (Посл.) Ошибка одного дня продлится на тысячи дней"
9475,1,Кӱндӱниҥ доскозы,кӱндӱниҥ доскозы,,,Кӱндӱниҥ доскозы
9493,1,"Ат jакшызы мактулу, кижи jакшызы",ат jакшызы мактулу кижи jакшызы,,,"Ат jакшызы мактулу, кижи jакшызы кӱндӱлӱ (Погов.) Хороший конь – в почёте,"
9493,2,кӱндӱлӱ (Погов.) Хороший конь,кӱндӱлӱ погов хороший конь,"в почёте,",,"Ат jакшызы мактулу, кижи jакшызы кӱндӱлӱ (Погов.) Хороший конь – в почёте,"
9514,1,Кӱнӱркектиҥ,кӱнӱркектиҥ,,,"Кӱнӱркектиҥ кӱӱни ӧчӧр, Кӱйӱнчектиҥ кӱли-оды ӧчӧр (Погов.) У ревнивого желание угаснет, У завистливого огонь угаснет; Кӱлде чок jок,"
9514,2,"кӱӱни ӧчӧр, Кӱйӱнчектиҥ кӱли-оды ӧчӧр",кӱӱни ӧчӧр кӱйӱнчектиҥ кӱлиоды ӧчӧр,,,"Кӱнӱркектиҥ кӱӱни ӧчӧр, Кӱйӱнчектиҥ кӱли-оды ӧчӧр (Погов.) У ревнивого желание угаснет, У завистливого огонь угаснет; Кӱлде чок jок,"
9514,3,"(Погов.) У ревнивого желание угаснет, У за-",погов у ревнивого желание угаснет у за,,,"Кӱнӱркектиҥ кӱӱни ӧчӧр, Кӱйӱнчектиҥ кӱли-оды ӧчӧр (Погов.) У ревнивого желание угаснет, У завистливого огонь угаснет; Кӱлде чок jок,"
9514,4,вистливого огонь угаснет,вистливого огонь угаснет,,,"Кӱнӱркектиҥ кӱӱни ӧчӧр, Кӱйӱнчектиҥ кӱли-оды ӧчӧр (Погов.) У ревнивого желание угаснет, У завистливого огонь угаснет; Кӱлде чок jок,"
9514,5,"Кӱлде чок jок,",кӱлде чок jок,,,"Кӱнӱркектиҥ кӱӱни ӧчӧр, Кӱйӱнчектиҥ кӱли-оды ӧчӧр (Погов.) У ревнивого желание угаснет, У завистливого огонь угаснет; Кӱлде чок jок,"
9646,1,кижи кӱӱни человеческое достоин-,кижи кӱӱни человеческое достоин,,,кижи кӱӱни человеческое достоинство; кӱӱнге тийер надоедать
9646,2,ство,ство,,,кижи кӱӱни человеческое достоинство; кӱӱнге тийер надоедать
9646,3,кӱӱнге тийер надоедать,кӱӱнге тийер надоедать,,,кижи кӱӱни человеческое достоинство; кӱӱнге тийер надоедать
9695,1,кыjыгы курыыр нервни-,кыjыгы курыыр нервни,,,"кыjыгы курыыр нервничать, раздражаться с"
9695,2,"чать, раздражаться",чать раздражаться,,,"кыjыгы курыыр нервничать, раздражаться с"
9695,3,с,с,,,"кыjыгы курыыр нервничать, раздражаться с"
9737,1,оозы кызыыр начать хмелеть,оозы кызыыр начать хмелеть,,,оозы кызыыр начать хмелеть
9743,1,кызыл таҥ,кызыл таҥ,,,"кызыл таҥ красное зарево, зарница; кызыл эҥир время перед заходом солнца (букв. красный вечер); кызыл тын жизнь; кызыл тынын кыйар убить; кызыл кол голыми руками; кызыл колдыҥ кӱчиле 1) собственными силами; -"
9743,2,"красное зарево, зарница",красное зарево зарница,,,"кызыл таҥ красное зарево, зарница; кызыл эҥир время перед заходом солнца (букв. красный вечер); кызыл тын жизнь; кызыл тынын кыйар убить; кызыл кол голыми руками; кызыл колдыҥ кӱчиле 1) собственными силами; -"
9743,3,кызыл эҥир время,кызыл эҥир время,,,"кызыл таҥ красное зарево, зарница; кызыл эҥир время перед заходом солнца (букв. красный вечер); кызыл тын жизнь; кызыл тынын кыйар убить; кызыл кол голыми руками; кызыл колдыҥ кӱчиле 1) собственными силами; -"
9743,4,перед заходом солнца (букв. красный вечер),перед заходом солнца букв красный вечер,,,"кызыл таҥ красное зарево, зарница; кызыл эҥир время перед заходом солнца (букв. красный вечер); кызыл тын жизнь; кызыл тынын кыйар убить; кызыл кол голыми руками; кызыл колдыҥ кӱчиле 1) собственными силами; -"
9743,5,кызыл тын жизнь,кызыл тын жизнь,,,"кызыл таҥ красное зарево, зарница; кызыл эҥир время перед заходом солнца (букв. красный вечер); кызыл тын жизнь; кызыл тынын кыйар убить; кызыл кол голыми руками; кызыл колдыҥ кӱчиле 1) собственными силами; -"
9743,6,кызыл тынын кыйар,кызыл тынын кыйар,,,"кызыл таҥ красное зарево, зарница; кызыл эҥир время перед заходом солнца (букв. красный вечер); кызыл тын жизнь; кызыл тынын кыйар убить; кызыл кол голыми руками; кызыл колдыҥ кӱчиле 1) собственными силами; -"
9743,7,убить,убить,,,"кызыл таҥ красное зарево, зарница; кызыл эҥир время перед заходом солнца (букв. красный вечер); кызыл тын жизнь; кызыл тынын кыйар убить; кызыл кол голыми руками; кызыл колдыҥ кӱчиле 1) собственными силами; -"
9743,8,кызыл кол голыми руками,кызыл кол голыми руками,,,"кызыл таҥ красное зарево, зарница; кызыл эҥир время перед заходом солнца (букв. красный вечер); кызыл тын жизнь; кызыл тынын кыйар убить; кызыл кол голыми руками; кызыл колдыҥ кӱчиле 1) собственными силами; -"
9743,9,кызыл,кызыл,,,"кызыл таҥ красное зарево, зарница; кызыл эҥир время перед заходом солнца (букв. красный вечер); кызыл тын жизнь; кызыл тынын кыйар убить; кызыл кол голыми руками; кызыл колдыҥ кӱчиле 1) собственными силами; -"
9743,10,колдыҥ кӱчиле 1) собственными силами,колдыҥ кӱчиле 1 собственными силами,,,"кызыл таҥ красное зарево, зарница; кызыл эҥир время перед заходом солнца (букв. красный вечер); кызыл тын жизнь; кызыл тынын кыйар убить; кызыл кол голыми руками; кызыл колдыҥ кӱчиле 1) собственными силами; -"
9743,11,-,-,,,"кызыл таҥ красное зарево, зарница; кызыл эҥир время перед заходом солнца (букв. красный вечер); кызыл тын жизнь; кызыл тынын кыйар убить; кызыл кол голыми руками; кызыл колдыҥ кӱчиле 1) собственными силами; -"
9825,1,кыйма чы-,кыйма чы,,,кыйма чыгары геморрой
9825,2,гары геморрой,гары геморрой,,,кыйма чыгары геморрой
9836,1,кый-,кый,,,"кыймык јок неподвижно, без движения"
9836,2,"мык јок неподвижно, без движения",мык јок неподвижно без движения,,,"кыймык јок неподвижно, без движения"
9837,1,Кыймыкта-,кыймыкта,,,"Кыймыктаган кижи кыр ажар (Погов.) Кто движется, тот гору перейдёт"
9837,2,"ган кижи кыр ажар (Погов.) Кто движется,",ган кижи кыр ажар погов кто движется,,,"Кыймыктаган кижи кыр ажар (Погов.) Кто движется, тот гору перейдёт"
9837,3,тот гору перейдёт,тот гору перейдёт,,,"Кыймыктаган кижи кыр ажар (Погов.) Кто движется, тот гору перейдёт"
9871,1,учы-кыйузы јок без конца,учыкыйузы јок без конца,,,учы-кыйузы јок без конца края -
9871,2,края,края,,,учы-кыйузы јок без конца края -
9871,3,-,-,,,учы-кыйузы јок без конца края -
9889,1,кыйын-тӱбек страдания и беды,кыйынтӱбек страдания и беды,,,кыйын-тӱбек страдания и беды; кыйын-шыра страдания и мучения
9889,2,кыйын-шыра страдания и мучения,кыйыншыра страдания и мучения,,,кыйын-тӱбек страдания и беды; кыйын-шыра страдания и мучения
9903,1,кыл jодо,кыл jодо,,,кыл jодо худые ноги; jӱрӱми кыл бажында жизнь на волоске
9903,2,худые ноги,худые ноги,,,кыл jодо худые ноги; jӱрӱми кыл бажында жизнь на волоске
9903,3,jӱрӱми кыл бажында жизнь,jӱрӱми кыл бажында жизнь,,,кыл jодо худые ноги; jӱрӱми кыл бажында жизнь на волоске
9903,4,на волоске,на волоске,,,кыл jодо худые ноги; jӱрӱми кыл бажында жизнь на волоске
9922,1,"Аш кылгада, бала кабайда (Посл.) Уро-",аш кылгада бала кабайда посл уро,,,"Аш кылгада, бала кабайда (Посл.) Урожай виден по всходам, ребёнок ‒ в младенчестве (букв. в колыбели)"
9922,2,"жай виден по всходам, ребёнок ‒ в младенче-",жай виден по всходам ребёнок в младенче,,,"Аш кылгада, бала кабайда (Посл.) Урожай виден по всходам, ребёнок ‒ в младенчестве (букв. в колыбели)"
9922,3,стве (букв. в колыбели),стве букв в колыбели,,,"Аш кылгада, бала кабайда (Посл.) Урожай виден по всходам, ребёнок ‒ в младенчестве (букв. в колыбели)"
9946,1,Кылыгы јакшы уул кыстаҥ,кылыгы јакшы уул кыстаҥ,,,Кылыгы јакшы уул кыстаҥ јараш (Погов.) Парень с добрым нравом краше девушки
9946,2,јараш (Погов.) Парень с добрым нравом кра-,јараш погов парень с добрым нравом кра,,,Кылыгы јакшы уул кыстаҥ јараш (Погов.) Парень с добрым нравом краше девушки
9946,3,ше девушки,ше девушки,,,Кылыгы јакшы уул кыстаҥ јараш (Погов.) Парень с добрым нравом краше девушки
10015,1,алын кып приёмная,алын кып приёмная,,,алын кып приёмная
10039,1,кӧстиҥ кырыла,кӧстиҥ кырыла,,,кӧстиҥ кырыла кӧрӧр смотреть краем глаза; взглянуть глазком; кулактыҥ кырыла угар слушать вполуха
10039,2,кӧрӧр смотреть краем глаза,кӧрӧр смотреть краем глаза,,,кӧстиҥ кырыла кӧрӧр смотреть краем глаза; взглянуть глазком; кулактыҥ кырыла угар слушать вполуха
10039,3,взглянуть,взглянуть,,,кӧстиҥ кырыла кӧрӧр смотреть краем глаза; взглянуть глазком; кулактыҥ кырыла угар слушать вполуха
10039,4,глазком,глазком,,,кӧстиҥ кырыла кӧрӧр смотреть краем глаза; взглянуть глазком; кулактыҥ кырыла угар слушать вполуха
10039,5,кулактыҥ кырыла угар слушать,кулактыҥ кырыла угар слушать,,,кӧстиҥ кырыла кӧрӧр смотреть краем глаза; взглянуть глазком; кулактыҥ кырыла угар слушать вполуха
10039,6,вполуха,вполуха,,,кӧстиҥ кырыла кӧрӧр смотреть краем глаза; взглянуть глазком; кулактыҥ кырыла угар слушать вполуха
10042,1,кыра ижи пахотные работы,кыра ижи пахотные работы,,,кыра ижи пахотные работы
10154,1,тилин кыска тудар,тилин кыска тудар,,,тилин кыска тудар держать язык за зубами
10154,2,держать язык за зубами,держать язык за зубами,,,тилин кыска тудар держать язык за зубами
10198,1,кычузы канар 1) вдоволь,кычузы канар 1 вдоволь,,,"кычузы канар 1) вдоволь почесаться; 2) перен. удовлетворить какое-л. желание; кычузын берер дать взбучку кому-л., показать, где раки зимуют"
10198,2,почесаться,почесаться,,,"кычузы канар 1) вдоволь почесаться; 2) перен. удовлетворить какое-л. желание; кычузын берер дать взбучку кому-л., показать, где раки зимуют"
10198,3,2) перен. удовлетворить какое-л.,2 перен удовлетворить какоел,,,"кычузы канар 1) вдоволь почесаться; 2) перен. удовлетворить какое-л. желание; кычузын берер дать взбучку кому-л., показать, где раки зимуют"
10198,4,желание,желание,,,"кычузы канар 1) вдоволь почесаться; 2) перен. удовлетворить какое-л. желание; кычузын берер дать взбучку кому-л., показать, где раки зимуют"
10198,5,кычузын берер дать взбучку,кычузын берер дать взбучку,,,"кычузы канар 1) вдоволь почесаться; 2) перен. удовлетворить какое-л. желание; кычузын берер дать взбучку кому-л., показать, где раки зимуют"
10198,6,"кому-л., показать, где раки зимуют",комул показать где раки зимуют,,,"кычузы канар 1) вдоволь почесаться; 2) перен. удовлетворить какое-л. желание; кычузын берер дать взбучку кому-л., показать, где раки зимуют"
10219,1,Керишчеҥниҥ,керишчеҥниҥ,,,"Керишчеҥниҥ тили кычыткакту, согушчаҥныҥ колы кычыткакту (Погов.) У любителя ругаться язык чешется (букв. язык с зудом), у любителя подраться руки чешутся (букв. руки с зудом)"
10219,2,"тили кычыткакту, согушчаҥныҥ колы",тили кычыткакту согушчаҥныҥ колы,,,"Керишчеҥниҥ тили кычыткакту, согушчаҥныҥ колы кычыткакту (Погов.) У любителя ругаться язык чешется (букв. язык с зудом), у любителя подраться руки чешутся (букв. руки с зудом)"
10219,3,кычыткакту (Погов.) У любителя ругаться,кычыткакту погов у любителя ругаться,,,"Керишчеҥниҥ тили кычыткакту, согушчаҥныҥ колы кычыткакту (Погов.) У любителя ругаться язык чешется (букв. язык с зудом), у любителя подраться руки чешутся (букв. руки с зудом)"
10219,4,"язык чешется (букв. язык с зудом), у люби-",язык чешется букв язык с зудом у люби,,,"Керишчеҥниҥ тили кычыткакту, согушчаҥныҥ колы кычыткакту (Погов.) У любителя ругаться язык чешется (букв. язык с зудом), у любителя подраться руки чешутся (букв. руки с зудом)"
10219,5,теля подраться руки чешутся (букв. руки с,теля подраться руки чешутся букв руки с,,,"Керишчеҥниҥ тили кычыткакту, согушчаҥныҥ колы кычыткакту (Погов.) У любителя ругаться язык чешется (букв. язык с зудом), у любителя подраться руки чешутся (букв. руки с зудом)"
10219,6,зудом),зудом,,,"Керишчеҥниҥ тили кычыткакту, согушчаҥныҥ колы кычыткакту (Погов.) У любителя ругаться язык чешется (букв. язык с зудом), у любителя подраться руки чешутся (букв. руки с зудом)"
10224,1,Кышкыда кар,кышкыда кар,,,"Кышкыда кар <да> сурап албазыҥ Зимой <даже> снега не выпросишь (о скупом, жадном человеке)"
10224,2,<да> сурап албазыҥ Зимой <даже> снега не,да сурап албазыҥ зимой даже снега не,,,"Кышкыда кар <да> сурап албазыҥ Зимой <даже> снега не выпросишь (о скупом, жадном человеке)"
10224,3,"выпросишь (о скупом, жадном человеке)",выпросишь о скупом жадном человеке,,,"Кышкыда кар <да> сурап албазыҥ Зимой <даже> снега не выпросишь (о скупом, жадном человеке)"
10400,1,Магат акчадаҥ баалу (Погов.) Уговор до-,магат акчадаҥ баалу погов уговор до,,,Магат акчадаҥ баалу (Погов.) Уговор домаароже денег
10400,2,маароже денег,маа роже денег,,,Магат акчадаҥ баалу (Погов.) Уговор домаароже денег
10431,1,макка чыгар,макка чыгар,,,"макка чыгар прославиться, стать известным"
10431,2,"прославиться, стать известным",прославиться стать известным,,,"макка чыгар прославиться, стать известным"
10437,1,макалузын межд. 1) здо-,макалузын межд 1 здо,,,"макалузын межд. 1) здорово, прекрасно, отлично; 2) так тебе (ему) и надо"
10437,2,"рово, прекрасно, отлично",рово прекрасно отлично,,,"макалузын межд. 1) здорово, прекрасно, отлично; 2) так тебе (ему) и надо"
10437,3,2) так тебе (ему) и,2 так тебе ему и,,,"макалузын межд. 1) здорово, прекрасно, отлично; 2) так тебе (ему) и надо"
10437,4,надо,надо,,,"макалузын межд. 1) здорово, прекрасно, отлично; 2) так тебе (ему) и надо"
10453,1,мал-,мал,,,"малаш ӧскӱрери (тудары) скотоводство, животноводство"
10453,2,"аш ӧскӱрери (тудары) скотоводство, живот-",аш ӧскӱрери тудары скотоводство живот,,,"малаш ӧскӱрери (тудары) скотоводство, животноводство"
10453,3,новодство,новодство,,,"малаш ӧскӱрери (тудары) скотоводство, животноводство"
10475,1,маҥ бажына 1) на бегу,маҥ бажына 1 на бегу,,,маҥ бажына 1) на бегу; 2) на скаку
10475,2,2) на скаку,2 на скаку,,,маҥ бажына 1) на бегу; 2) на скаку
10477,1,"калыҥ (как, килеҥ) маҥдай",калыҥ как килеҥ маҥдай,,,"калыҥ (как, килеҥ) маҥдай бессовестный, наглый"
10477,2,"бессовестный, наглый",бессовестный наглый,,,"калыҥ (как, килеҥ) маҥдай бессовестный, наглый"
10626,1,Аш ичкенчеҥ,аш ичкенчеҥ,,,"Аш ичкенчеҥ меҥдебе, атка минзеҥ – токтобо (Погов.)"
10626,2,"меҥдебе, атка минзеҥ",меҥдебе атка минзеҥ,токтобо (Погов.),,"Аш ичкенчеҥ меҥдебе, атка минзеҥ – токтобо (Погов.)"
10675,1,Мечин jыл Год,мечин jыл год,,,Мечин jыл Год
10767,1,мойнына са-,мойнына са,,,"мойнына салар штрафовать, обязывать выплачивать"
10767,2,"лар штрафовать, обязывать выплачивать",лар штрафовать обязывать выплачивать,,,"мойнына салар штрафовать, обязывать выплачивать"
10857,1,мӧҥкӱ кӧдӱрер хоронить,мӧҥкӱ кӧдӱрер хоронить,,,мӧҥкӱ кӧдӱрер хоронить
10867,1,кӧк мӧӧн совсем мокрый,кӧк мӧӧн совсем мокрый,,,кӧк мӧӧн совсем мокрый
10875,1,Jеҥип алза,jеҥип алза,"мӧри,",,"Jеҥип алза – мӧри, jеҥдиртип ийзе – ӧлӱми (Погов.) Если победит – его удача, если проиграет – его смерть"
10875,2,jеҥдиртип ийзе,jеҥдиртип ийзе,ӧлӱми (Погов.) Если побе-,,"Jеҥип алза – мӧри, jеҥдиртип ийзе – ӧлӱми (Погов.) Если победит – его удача, если проиграет – его смерть"
10875,3,дит,дит,"его удача, если проиграет – его смерть",,"Jеҥип алза – мӧри, jеҥдиртип ийзе – ӧлӱми (Погов.) Если победит – его удача, если проиграет – его смерть"
11167,1,кара,кара,,,"кара неме нечистый, злой дух"
11167,2,"неме нечистый, злой дух",неме нечистый злой дух,,,"кара неме нечистый, злой дух"
11386,1,кӧкси ойлу,кӧкси ойлу,,,"кӧкси ойлу дрый, умный [человек] (букв. грудь его драя, умная)"
11386,2,"дрый, умный [человек] (букв. грудь его",дрый умный человек букв грудь его,,,"кӧкси ойлу дрый, умный [человек] (букв. грудь его драя, умная)"
11386,3,"драя, умная)",драя умная,,,"кӧкси ойлу дрый, умный [человек] (букв. грудь его драя, умная)"
11418,1,Эл-,эл,,,Эл-
11527,1,"оноҥ ары затем,",оноҥ ары затем,,,"оноҥ ары затем, после этого; оноҥ башка а не то; в противном случае; оноҥ бери с тех пор"
11527,2,после этого,после этого,,,"оноҥ ары затем, после этого; оноҥ башка а не то; в противном случае; оноҥ бери с тех пор"
11527,3,оноҥ башка а не то,оноҥ башка а не то,,,"оноҥ ары затем, после этого; оноҥ башка а не то; в противном случае; оноҥ бери с тех пор"
11527,4,в против-,в против,,,"оноҥ ары затем, после этого; оноҥ башка а не то; в противном случае; оноҥ бери с тех пор"
11527,5,ном случае,ном случае,,,"оноҥ ары затем, после этого; оноҥ башка а не то; в противном случае; оноҥ бери с тех пор"
11527,6,оноҥ бери с тех пор,оноҥ бери с тех пор,,,"оноҥ ары затем, после этого; оноҥ башка а не то; в противном случае; оноҥ бери с тех пор"
11607,1,баланыҥ,баланыҥ,,,баланыҥ оорузы схватки
11607,2,оорузы схватки,оорузы схватки,,,баланыҥ оорузы схватки
11621,1,Иштеҥкейдиҥ оозы,иштеҥкейдиҥ оозы,,,"Иштеҥкейдиҥ оозы (Погов.) У работяги рот жирный; улустыҥ оозына тӱжер быть предметом разговоров, сплетен, пересудов; оозы бош болтливый (букв. рот свободный)"
11621,2,(Погов.) У работяги рот жирный,погов у работяги рот жирный,,,"Иштеҥкейдиҥ оозы (Погов.) У работяги рот жирный; улустыҥ оозына тӱжер быть предметом разговоров, сплетен, пересудов; оозы бош болтливый (букв. рот свободный)"
11621,3,улустыҥ,улустыҥ,,,"Иштеҥкейдиҥ оозы (Погов.) У работяги рот жирный; улустыҥ оозына тӱжер быть предметом разговоров, сплетен, пересудов; оозы бош болтливый (букв. рот свободный)"
11621,4,"оозына тӱжер быть предметом разговоров,",оозына тӱжер быть предметом разговоров,,,"Иштеҥкейдиҥ оозы (Погов.) У работяги рот жирный; улустыҥ оозына тӱжер быть предметом разговоров, сплетен, пересудов; оозы бош болтливый (букв. рот свободный)"
11621,5,"сплетен, пересудов",сплетен пересудов,,,"Иштеҥкейдиҥ оозы (Погов.) У работяги рот жирный; улустыҥ оозына тӱжер быть предметом разговоров, сплетен, пересудов; оозы бош болтливый (букв. рот свободный)"
11621,6,оозы бош болтливый,оозы бош болтливый,,,"Иштеҥкейдиҥ оозы (Погов.) У работяги рот жирный; улустыҥ оозына тӱжер быть предметом разговоров, сплетен, пересудов; оозы бош болтливый (букв. рот свободный)"
11621,7,(букв. рот свободный),букв рот свободный,,,"Иштеҥкейдиҥ оозы (Погов.) У работяги рот жирный; улустыҥ оозына тӱжер быть предметом разговоров, сплетен, пересудов; оозы бош болтливый (букв. рот свободный)"
11636,1,оп-соп тӱже бе-,опсоп тӱже бе,,,"оп-соп тӱже берер растеряться лоОПСЫРКА1) жеманиться, манерничать; тыҥ опсыркаар сильно жеманиться; 2) выделываться, вести себя несерьёзно; каэдип призничать"
11636,2,рер растеряться,рер растеряться,,,"оп-соп тӱже берер растеряться лоОПСЫРКА1) жеманиться, манерничать; тыҥ опсыркаар сильно жеманиться; 2) выделываться, вести себя несерьёзно; каэдип призничать"
11636,3,"лоОПСЫРКА1) жеманиться, манерни-",ло опсырка 1 жеманиться манерни,,,"оп-соп тӱже берер растеряться лоОПСЫРКА1) жеманиться, манерничать; тыҥ опсыркаар сильно жеманиться; 2) выделываться, вести себя несерьёзно; каэдип призничать"
11636,4,чать,чать,,,"оп-соп тӱже берер растеряться лоОПСЫРКА1) жеманиться, манерничать; тыҥ опсыркаар сильно жеманиться; 2) выделываться, вести себя несерьёзно; каэдип призничать"
11636,5,тыҥ опсыркаар сильно жеманиться,тыҥ опсыркаар сильно жеманиться,,,"оп-соп тӱже берер растеряться лоОПСЫРКА1) жеманиться, манерничать; тыҥ опсыркаар сильно жеманиться; 2) выделываться, вести себя несерьёзно; каэдип призничать"
11636,6,"2) выделываться, вести себя несерьёзно",2 выделываться вести себя несерьёзно,,,"оп-соп тӱже берер растеряться лоОПСЫРКА1) жеманиться, манерничать; тыҥ опсыркаар сильно жеманиться; 2) выделываться, вести себя несерьёзно; каэдип призничать"
11636,7,ка-,ка,,,"оп-соп тӱже берер растеряться лоОПСЫРКА1) жеманиться, манерничать; тыҥ опсыркаар сильно жеманиться; 2) выделываться, вести себя несерьёзно; каэдип призничать"
11636,8,эдип призничать,эдип призничать,,,"оп-соп тӱже берер растеряться лоОПСЫРКА1) жеманиться, манерничать; тыҥ опсыркаар сильно жеманиться; 2) выделываться, вести себя несерьёзно; каэдип призничать"
11705,1,орток куучын лингв. диалог,орток куучын лингв диалог,,,орток куучын лингв. диалог
11791,1,ара ӧдӱк обувь с холщёвыми голенища-,ара ӧдӱк обувь с холщёвыми голенища,,,"ара ӧдӱк обувь с холщёвыми голенищами; башпак ӧдӱк кожаная обувь с мягкими голенищами из войлока; булгайры ӧдӱк обувь из мягкой крашеной кожи; бычкак ӧдӱк обувь из лапок (оленя, лося); кӧм ӧдӱк обувь из яловой кожи; чарык ӧдӱк кожаная обувь с суконными голенищами ӦДӰК-КИЙИМ собир. одежда и обувь; ср. ӧдӱк-тон; эски ӧдӱк-кийим старая одежда и обувь"
11791,2,ми,ми,,,"ара ӧдӱк обувь с холщёвыми голенищами; башпак ӧдӱк кожаная обувь с мягкими голенищами из войлока; булгайры ӧдӱк обувь из мягкой крашеной кожи; бычкак ӧдӱк обувь из лапок (оленя, лося); кӧм ӧдӱк обувь из яловой кожи; чарык ӧдӱк кожаная обувь с суконными голенищами ӦДӰК-КИЙИМ собир. одежда и обувь; ср. ӧдӱк-тон; эски ӧдӱк-кийим старая одежда и обувь"
11791,3,башпак ӧдӱк кожаная обувь с мягкими,башпак ӧдӱк кожаная обувь с мягкими,,,"ара ӧдӱк обувь с холщёвыми голенищами; башпак ӧдӱк кожаная обувь с мягкими голенищами из войлока; булгайры ӧдӱк обувь из мягкой крашеной кожи; бычкак ӧдӱк обувь из лапок (оленя, лося); кӧм ӧдӱк обувь из яловой кожи; чарык ӧдӱк кожаная обувь с суконными голенищами ӦДӰК-КИЙИМ собир. одежда и обувь; ср. ӧдӱк-тон; эски ӧдӱк-кийим старая одежда и обувь"
11791,4,голенищами из войлока,голенищами из войлока,,,"ара ӧдӱк обувь с холщёвыми голенищами; башпак ӧдӱк кожаная обувь с мягкими голенищами из войлока; булгайры ӧдӱк обувь из мягкой крашеной кожи; бычкак ӧдӱк обувь из лапок (оленя, лося); кӧм ӧдӱк обувь из яловой кожи; чарык ӧдӱк кожаная обувь с суконными голенищами ӦДӰК-КИЙИМ собир. одежда и обувь; ср. ӧдӱк-тон; эски ӧдӱк-кийим старая одежда и обувь"
11791,5,булгайры ӧдӱк,булгайры ӧдӱк,,,"ара ӧдӱк обувь с холщёвыми голенищами; башпак ӧдӱк кожаная обувь с мягкими голенищами из войлока; булгайры ӧдӱк обувь из мягкой крашеной кожи; бычкак ӧдӱк обувь из лапок (оленя, лося); кӧм ӧдӱк обувь из яловой кожи; чарык ӧдӱк кожаная обувь с суконными голенищами ӦДӰК-КИЙИМ собир. одежда и обувь; ср. ӧдӱк-тон; эски ӧдӱк-кийим старая одежда и обувь"
11791,6,обувь из мягкой крашеной кожи,обувь из мягкой крашеной кожи,,,"ара ӧдӱк обувь с холщёвыми голенищами; башпак ӧдӱк кожаная обувь с мягкими голенищами из войлока; булгайры ӧдӱк обувь из мягкой крашеной кожи; бычкак ӧдӱк обувь из лапок (оленя, лося); кӧм ӧдӱк обувь из яловой кожи; чарык ӧдӱк кожаная обувь с суконными голенищами ӦДӰК-КИЙИМ собир. одежда и обувь; ср. ӧдӱк-тон; эски ӧдӱк-кийим старая одежда и обувь"
11791,7,бычкак,бычкак,,,"ара ӧдӱк обувь с холщёвыми голенищами; башпак ӧдӱк кожаная обувь с мягкими голенищами из войлока; булгайры ӧдӱк обувь из мягкой крашеной кожи; бычкак ӧдӱк обувь из лапок (оленя, лося); кӧм ӧдӱк обувь из яловой кожи; чарык ӧдӱк кожаная обувь с суконными голенищами ӦДӰК-КИЙИМ собир. одежда и обувь; ср. ӧдӱк-тон; эски ӧдӱк-кийим старая одежда и обувь"
11791,8,"ӧдӱк обувь из лапок (оленя, лося)",ӧдӱк обувь из лапок оленя лося,,,"ара ӧдӱк обувь с холщёвыми голенищами; башпак ӧдӱк кожаная обувь с мягкими голенищами из войлока; булгайры ӧдӱк обувь из мягкой крашеной кожи; бычкак ӧдӱк обувь из лапок (оленя, лося); кӧм ӧдӱк обувь из яловой кожи; чарык ӧдӱк кожаная обувь с суконными голенищами ӦДӰК-КИЙИМ собир. одежда и обувь; ср. ӧдӱк-тон; эски ӧдӱк-кийим старая одежда и обувь"
11791,9,кӧм ӧдӱк,кӧм ӧдӱк,,,"ара ӧдӱк обувь с холщёвыми голенищами; башпак ӧдӱк кожаная обувь с мягкими голенищами из войлока; булгайры ӧдӱк обувь из мягкой крашеной кожи; бычкак ӧдӱк обувь из лапок (оленя, лося); кӧм ӧдӱк обувь из яловой кожи; чарык ӧдӱк кожаная обувь с суконными голенищами ӦДӰК-КИЙИМ собир. одежда и обувь; ср. ӧдӱк-тон; эски ӧдӱк-кийим старая одежда и обувь"
11791,10,обувь из яловой кожи,обувь из яловой кожи,,,"ара ӧдӱк обувь с холщёвыми голенищами; башпак ӧдӱк кожаная обувь с мягкими голенищами из войлока; булгайры ӧдӱк обувь из мягкой крашеной кожи; бычкак ӧдӱк обувь из лапок (оленя, лося); кӧм ӧдӱк обувь из яловой кожи; чарык ӧдӱк кожаная обувь с суконными голенищами ӦДӰК-КИЙИМ собир. одежда и обувь; ср. ӧдӱк-тон; эски ӧдӱк-кийим старая одежда и обувь"
11791,11,чарык ӧдӱк кожаная,чарык ӧдӱк кожаная,,,"ара ӧдӱк обувь с холщёвыми голенищами; башпак ӧдӱк кожаная обувь с мягкими голенищами из войлока; булгайры ӧдӱк обувь из мягкой крашеной кожи; бычкак ӧдӱк обувь из лапок (оленя, лося); кӧм ӧдӱк обувь из яловой кожи; чарык ӧдӱк кожаная обувь с суконными голенищами ӦДӰК-КИЙИМ собир. одежда и обувь; ср. ӧдӱк-тон; эски ӧдӱк-кийим старая одежда и обувь"
11791,12,обувь с суконными голенищами,обувь с суконными голенищами,,,"ара ӧдӱк обувь с холщёвыми голенищами; башпак ӧдӱк кожаная обувь с мягкими голенищами из войлока; булгайры ӧдӱк обувь из мягкой крашеной кожи; бычкак ӧдӱк обувь из лапок (оленя, лося); кӧм ӧдӱк обувь из яловой кожи; чарык ӧдӱк кожаная обувь с суконными голенищами ӦДӰК-КИЙИМ собир. одежда и обувь; ср. ӧдӱк-тон; эски ӧдӱк-кийим старая одежда и обувь"
11791,13,ӦДӰК-КИЙИМ собир. одежда и обувь,ӧдӱккийим собир одежда и обувь,,,"ара ӧдӱк обувь с холщёвыми голенищами; башпак ӧдӱк кожаная обувь с мягкими голенищами из войлока; булгайры ӧдӱк обувь из мягкой крашеной кожи; бычкак ӧдӱк обувь из лапок (оленя, лося); кӧм ӧдӱк обувь из яловой кожи; чарык ӧдӱк кожаная обувь с суконными голенищами ӦДӰК-КИЙИМ собир. одежда и обувь; ср. ӧдӱк-тон; эски ӧдӱк-кийим старая одежда и обувь"
11791,14,ср. ӧдӱк-тон,ср ӧдӱктон,,,"ара ӧдӱк обувь с холщёвыми голенищами; башпак ӧдӱк кожаная обувь с мягкими голенищами из войлока; булгайры ӧдӱк обувь из мягкой крашеной кожи; бычкак ӧдӱк обувь из лапок (оленя, лося); кӧм ӧдӱк обувь из яловой кожи; чарык ӧдӱк кожаная обувь с суконными голенищами ӦДӰК-КИЙИМ собир. одежда и обувь; ср. ӧдӱк-тон; эски ӧдӱк-кийим старая одежда и обувь"
11791,15,эски ӧдӱк-кийим старая одеж-,эски ӧдӱккийим старая одеж,,,"ара ӧдӱк обувь с холщёвыми голенищами; башпак ӧдӱк кожаная обувь с мягкими голенищами из войлока; булгайры ӧдӱк обувь из мягкой крашеной кожи; бычкак ӧдӱк обувь из лапок (оленя, лося); кӧм ӧдӱк обувь из яловой кожи; чарык ӧдӱк кожаная обувь с суконными голенищами ӦДӰК-КИЙИМ собир. одежда и обувь; ср. ӧдӱк-тон; эски ӧдӱк-кийим старая одежда и обувь"
11791,16,да и обувь,да и обувь,,,"ара ӧдӱк обувь с холщёвыми голенищами; башпак ӧдӱк кожаная обувь с мягкими голенищами из войлока; булгайры ӧдӱк обувь из мягкой крашеной кожи; бычкак ӧдӱк обувь из лапок (оленя, лося); кӧм ӧдӱк обувь из яловой кожи; чарык ӧдӱк кожаная обувь с суконными голенищами ӦДӰК-КИЙИМ собир. одежда и обувь; ср. ӧдӱк-тон; эски ӧдӱк-кийим старая одежда и обувь"
11800,1,Тилдиҥ ӧдӱҥизи,тилдиҥ ӧдӱҥизи,,,Тилдиҥ ӧдӱҥизи кылыштаҥ курч (Погов.) Острота языка острее меча
11800,2,кылыштаҥ курч (Погов.) Острота языка,кылыштаҥ курч погов острота языка,,,Тилдиҥ ӧдӱҥизи кылыштаҥ курч (Погов.) Острота языка острее меча
11800,3,острее меча,острее меча,,,Тилдиҥ ӧдӱҥизи кылыштаҥ курч (Погов.) Острота языка острее меча
11816,1,ӧзӧкти ӧртӧӧр причи-,ӧзӧкти ӧртӧӧр причи,,,"ӧзӧкти ӧртӧӧр причинять душевную боль; ӧзӧккӧ ӧдӧр брать за душу, пронизывать душу ӦЗӦК II долина; низина, низменность; Ӧзӧктӧ, сууныҥ jарадында, Имрек деп деремне турган (С. Суразаков) В долине, на берегу реки находилась деревня с названием"
11816,2,нять душевную боль,нять душевную боль,,,"ӧзӧкти ӧртӧӧр причинять душевную боль; ӧзӧккӧ ӧдӧр брать за душу, пронизывать душу ӦЗӦК II долина; низина, низменность; Ӧзӧктӧ, сууныҥ jарадында, Имрек деп деремне турган (С. Суразаков) В долине, на берегу реки находилась деревня с названием"
11816,3,ӧзӧккӧ ӧдӧр брать за,ӧзӧккӧ ӧдӧр брать за,,,"ӧзӧкти ӧртӧӧр причинять душевную боль; ӧзӧккӧ ӧдӧр брать за душу, пронизывать душу ӦЗӦК II долина; низина, низменность; Ӧзӧктӧ, сууныҥ jарадында, Имрек деп деремне турган (С. Суразаков) В долине, на берегу реки находилась деревня с названием"
11816,4,"душу, пронизывать душу",душу пронизывать душу,,,"ӧзӧкти ӧртӧӧр причинять душевную боль; ӧзӧккӧ ӧдӧр брать за душу, пронизывать душу ӦЗӦК II долина; низина, низменность; Ӧзӧктӧ, сууныҥ jарадында, Имрек деп деремне турган (С. Суразаков) В долине, на берегу реки находилась деревня с названием"
11816,5,ӦЗӦК II долина,ӧзӧк ii долина,,,"ӧзӧкти ӧртӧӧр причинять душевную боль; ӧзӧккӧ ӧдӧр брать за душу, пронизывать душу ӦЗӦК II долина; низина, низменность; Ӧзӧктӧ, сууныҥ jарадында, Имрек деп деремне турган (С. Суразаков) В долине, на берегу реки находилась деревня с названием"
11816,6,"низина, низменность",низина низменность,,,"ӧзӧкти ӧртӧӧр причинять душевную боль; ӧзӧккӧ ӧдӧр брать за душу, пронизывать душу ӦЗӦК II долина; низина, низменность; Ӧзӧктӧ, сууныҥ jарадында, Имрек деп деремне турган (С. Суразаков) В долине, на берегу реки находилась деревня с названием"
11816,7,"Ӧзӧктӧ, сууныҥ jарадында, Имрек деп де-",ӧзӧктӧ сууныҥ jарадында имрек деп де,,,"ӧзӧкти ӧртӧӧр причинять душевную боль; ӧзӧккӧ ӧдӧр брать за душу, пронизывать душу ӦЗӦК II долина; низина, низменность; Ӧзӧктӧ, сууныҥ jарадында, Имрек деп деремне турган (С. Суразаков) В долине, на берегу реки находилась деревня с названием"
11816,8,"ремне турган (С. Суразаков) В долине, на",ремне турган с суразаков в долине на,,,"ӧзӧкти ӧртӧӧр причинять душевную боль; ӧзӧккӧ ӧдӧр брать за душу, пронизывать душу ӦЗӦК II долина; низина, низменность; Ӧзӧктӧ, сууныҥ jарадында, Имрек деп деремне турган (С. Суразаков) В долине, на берегу реки находилась деревня с названием"
11816,9,берегу реки находилась деревня с названием,берегу реки находилась деревня с названием,,,"ӧзӧкти ӧртӧӧр причинять душевную боль; ӧзӧккӧ ӧдӧр брать за душу, пронизывать душу ӦЗӦК II долина; низина, низменность; Ӧзӧктӧ, сууныҥ jарадында, Имрек деп деремне турган (С. Суразаков) В долине, на берегу реки находилась деревня с названием"
11817,1,ӧзӧк-буурды коскорор бередить душу,ӧзӧкбуурды коскорор бередить душу,,,"ӧзӧк-буурды коскорор бередить душу; ӧзӧк-бууры карарар сильно проголодаться; ӧзӧк-бууры jимиреер сильно испугаться ӦЗӦК-JАЛАҤ собир. долина и поле; «Мал киштебес болзо, ончо ӧзӧк-jалаҥдар ээн артар эмей» — деп, ол jаантайын айда-"
11817,2,ӧзӧк-бууры карарар сильно проголодаться,ӧзӧкбууры карарар сильно проголодаться,,,"ӧзӧк-буурды коскорор бередить душу; ӧзӧк-бууры карарар сильно проголодаться; ӧзӧк-бууры jимиреер сильно испугаться ӦЗӦК-JАЛАҤ собир. долина и поле; «Мал киштебес болзо, ончо ӧзӧк-jалаҥдар ээн артар эмей» — деп, ол jаантайын айда-"
11817,3,ӧзӧк-бууры jимиреер сильно испугаться,ӧзӧкбууры jимиреер сильно испугаться,,,"ӧзӧк-буурды коскорор бередить душу; ӧзӧк-бууры карарар сильно проголодаться; ӧзӧк-бууры jимиреер сильно испугаться ӦЗӦК-JАЛАҤ собир. долина и поле; «Мал киштебес болзо, ончо ӧзӧк-jалаҥдар ээн артар эмей» — деп, ол jаантайын айда-"
11817,4,ӦЗӦК-JАЛАҤ собир. долина и поле,ӧзӧкjалаҥ собир долина и поле,,,"ӧзӧк-буурды коскорор бередить душу; ӧзӧк-бууры карарар сильно проголодаться; ӧзӧк-бууры jимиреер сильно испугаться ӦЗӦК-JАЛАҤ собир. долина и поле; «Мал киштебес болзо, ончо ӧзӧк-jалаҥдар ээн артар эмей» — деп, ол jаантайын айда-"
11817,5,"«Мал киштебес болзо, ончо ӧзӧк-jалаҥдар",мал киштебес болзо ончо ӧзӧкjалаҥдар,,,"ӧзӧк-буурды коскорор бередить душу; ӧзӧк-бууры карарар сильно проголодаться; ӧзӧк-бууры jимиреер сильно испугаться ӦЗӦК-JАЛАҤ собир. долина и поле; «Мал киштебес болзо, ончо ӧзӧк-jалаҥдар ээн артар эмей» — деп, ол jаантайын айда-"
11817,6,ээн артар эмей»,ээн артар эмей,"деп, ол jаантайын айда-",,"ӧзӧк-буурды коскорор бередить душу; ӧзӧк-бууры карарар сильно проголодаться; ӧзӧк-бууры jимиреер сильно испугаться ӦЗӦК-JАЛАҤ собир. долина и поле; «Мал киштебес болзо, ончо ӧзӧк-jалаҥдар ээн артар эмей» — деп, ол jаантайын айда-"
11824,1,ӧткӧн ӧй грам.,ӧткӧн ӧй грам,,,"ӧткӧн ӧй грам. прошедшее время; тургуза ӧй грам. настоящее время; келер ӧй грам. будущее время; ♦ Ӧйдӧҥ jаан jаргычы jок, ӧйлӧ ӧчӧжӧри jок (Посл.) Нет судьи выше времени, перечить времени нет смысла ӦЙ II 1. мера, норма; ср. кем; кажы немеде ӧйи, кеми бар у каждой вещи есть мера, норма; бир ле ӧйинде jӱрер керек жить нужно в пределах одной нормы; 2. впору, в меру; Платье, кызыл ботинка, кӱски тон — ончозы ӧй болгон (Л. Кокышев) Платье, красные ботинки, осеннее пальто — всё было впору; ♦ ӧйинеҥ ӧткӱре чрезмерно;"
11824,2,прошедшее время,прошедшее время,,,"ӧткӧн ӧй грам. прошедшее время; тургуза ӧй грам. настоящее время; келер ӧй грам. будущее время; ♦ Ӧйдӧҥ jаан jаргычы jок, ӧйлӧ ӧчӧжӧри jок (Посл.) Нет судьи выше времени, перечить времени нет смысла ӦЙ II 1. мера, норма; ср. кем; кажы немеде ӧйи, кеми бар у каждой вещи есть мера, норма; бир ле ӧйинде jӱрер керек жить нужно в пределах одной нормы; 2. впору, в меру; Платье, кызыл ботинка, кӱски тон — ончозы ӧй болгон (Л. Кокышев) Платье, красные ботинки, осеннее пальто — всё было впору; ♦ ӧйинеҥ ӧткӱре чрезмерно;"
11824,3,тургуза ӧй грам. насто-,тургуза ӧй грам насто,,,"ӧткӧн ӧй грам. прошедшее время; тургуза ӧй грам. настоящее время; келер ӧй грам. будущее время; ♦ Ӧйдӧҥ jаан jаргычы jок, ӧйлӧ ӧчӧжӧри jок (Посл.) Нет судьи выше времени, перечить времени нет смысла ӦЙ II 1. мера, норма; ср. кем; кажы немеде ӧйи, кеми бар у каждой вещи есть мера, норма; бир ле ӧйинде jӱрер керек жить нужно в пределах одной нормы; 2. впору, в меру; Платье, кызыл ботинка, кӱски тон — ончозы ӧй болгон (Л. Кокышев) Платье, красные ботинки, осеннее пальто — всё было впору; ♦ ӧйинеҥ ӧткӱре чрезмерно;"
11824,4,ящее время,ящее время,,,"ӧткӧн ӧй грам. прошедшее время; тургуза ӧй грам. настоящее время; келер ӧй грам. будущее время; ♦ Ӧйдӧҥ jаан jаргычы jок, ӧйлӧ ӧчӧжӧри jок (Посл.) Нет судьи выше времени, перечить времени нет смысла ӦЙ II 1. мера, норма; ср. кем; кажы немеде ӧйи, кеми бар у каждой вещи есть мера, норма; бир ле ӧйинде jӱрер керек жить нужно в пределах одной нормы; 2. впору, в меру; Платье, кызыл ботинка, кӱски тон — ончозы ӧй болгон (Л. Кокышев) Платье, красные ботинки, осеннее пальто — всё было впору; ♦ ӧйинеҥ ӧткӱре чрезмерно;"
11824,5,келер ӧй грам. будущее время,келер ӧй грам будущее время,,,"ӧткӧн ӧй грам. прошедшее время; тургуза ӧй грам. настоящее время; келер ӧй грам. будущее время; ♦ Ӧйдӧҥ jаан jаргычы jок, ӧйлӧ ӧчӧжӧри jок (Посл.) Нет судьи выше времени, перечить времени нет смысла ӦЙ II 1. мера, норма; ср. кем; кажы немеде ӧйи, кеми бар у каждой вещи есть мера, норма; бир ле ӧйинде jӱрер керек жить нужно в пределах одной нормы; 2. впору, в меру; Платье, кызыл ботинка, кӱски тон — ончозы ӧй болгон (Л. Кокышев) Платье, красные ботинки, осеннее пальто — всё было впору; ♦ ӧйинеҥ ӧткӱре чрезмерно;"
11824,6,"♦ Ӧйдӧҥ jаан jаргычы jок, ӧйлӧ ӧчӧжӧри",ӧйдӧҥ jаан jаргычы jок ӧйлӧ ӧчӧжӧри,,,"ӧткӧн ӧй грам. прошедшее время; тургуза ӧй грам. настоящее время; келер ӧй грам. будущее время; ♦ Ӧйдӧҥ jаан jаргычы jок, ӧйлӧ ӧчӧжӧри jок (Посл.) Нет судьи выше времени, перечить времени нет смысла ӦЙ II 1. мера, норма; ср. кем; кажы немеде ӧйи, кеми бар у каждой вещи есть мера, норма; бир ле ӧйинде jӱрер керек жить нужно в пределах одной нормы; 2. впору, в меру; Платье, кызыл ботинка, кӱски тон — ончозы ӧй болгон (Л. Кокышев) Платье, красные ботинки, осеннее пальто — всё было впору; ♦ ӧйинеҥ ӧткӱре чрезмерно;"
11824,7,"jок (Посл.) Нет судьи выше времени, пере-",jок посл нет судьи выше времени пере,,,"ӧткӧн ӧй грам. прошедшее время; тургуза ӧй грам. настоящее время; келер ӧй грам. будущее время; ♦ Ӧйдӧҥ jаан jаргычы jок, ӧйлӧ ӧчӧжӧри jок (Посл.) Нет судьи выше времени, перечить времени нет смысла ӦЙ II 1. мера, норма; ср. кем; кажы немеде ӧйи, кеми бар у каждой вещи есть мера, норма; бир ле ӧйинде jӱрер керек жить нужно в пределах одной нормы; 2. впору, в меру; Платье, кызыл ботинка, кӱски тон — ончозы ӧй болгон (Л. Кокышев) Платье, красные ботинки, осеннее пальто — всё было впору; ♦ ӧйинеҥ ӧткӱре чрезмерно;"
11824,8,чить времени нет смысла,чить времени нет смысла,,,"ӧткӧн ӧй грам. прошедшее время; тургуза ӧй грам. настоящее время; келер ӧй грам. будущее время; ♦ Ӧйдӧҥ jаан jаргычы jок, ӧйлӧ ӧчӧжӧри jок (Посл.) Нет судьи выше времени, перечить времени нет смысла ӦЙ II 1. мера, норма; ср. кем; кажы немеде ӧйи, кеми бар у каждой вещи есть мера, норма; бир ле ӧйинде jӱрер керек жить нужно в пределах одной нормы; 2. впору, в меру; Платье, кызыл ботинка, кӱски тон — ончозы ӧй болгон (Л. Кокышев) Платье, красные ботинки, осеннее пальто — всё было впору; ♦ ӧйинеҥ ӧткӱре чрезмерно;"
11824,9,"ӦЙ II 1. мера, норма",ӧй ii 1 мера норма,,,"ӧткӧн ӧй грам. прошедшее время; тургуза ӧй грам. настоящее время; келер ӧй грам. будущее время; ♦ Ӧйдӧҥ jаан jаргычы jок, ӧйлӧ ӧчӧжӧри jок (Посл.) Нет судьи выше времени, перечить времени нет смысла ӦЙ II 1. мера, норма; ср. кем; кажы немеде ӧйи, кеми бар у каждой вещи есть мера, норма; бир ле ӧйинде jӱрер керек жить нужно в пределах одной нормы; 2. впору, в меру; Платье, кызыл ботинка, кӱски тон — ончозы ӧй болгон (Л. Кокышев) Платье, красные ботинки, осеннее пальто — всё было впору; ♦ ӧйинеҥ ӧткӱре чрезмерно;"
11824,10,ср. кем,ср кем,,,"ӧткӧн ӧй грам. прошедшее время; тургуза ӧй грам. настоящее время; келер ӧй грам. будущее время; ♦ Ӧйдӧҥ jаан jаргычы jок, ӧйлӧ ӧчӧжӧри jок (Посл.) Нет судьи выше времени, перечить времени нет смысла ӦЙ II 1. мера, норма; ср. кем; кажы немеде ӧйи, кеми бар у каждой вещи есть мера, норма; бир ле ӧйинде jӱрер керек жить нужно в пределах одной нормы; 2. впору, в меру; Платье, кызыл ботинка, кӱски тон — ончозы ӧй болгон (Л. Кокышев) Платье, красные ботинки, осеннее пальто — всё было впору; ♦ ӧйинеҥ ӧткӱре чрезмерно;"
11824,11,кажы,кажы,,,"ӧткӧн ӧй грам. прошедшее время; тургуза ӧй грам. настоящее время; келер ӧй грам. будущее время; ♦ Ӧйдӧҥ jаан jаргычы jок, ӧйлӧ ӧчӧжӧри jок (Посл.) Нет судьи выше времени, перечить времени нет смысла ӦЙ II 1. мера, норма; ср. кем; кажы немеде ӧйи, кеми бар у каждой вещи есть мера, норма; бир ле ӧйинде jӱрер керек жить нужно в пределах одной нормы; 2. впору, в меру; Платье, кызыл ботинка, кӱски тон — ончозы ӧй болгон (Л. Кокышев) Платье, красные ботинки, осеннее пальто — всё было впору; ♦ ӧйинеҥ ӧткӱре чрезмерно;"
11824,12,"немеде ӧйи, кеми бар у каждой вещи есть",немеде ӧйи кеми бар у каждой вещи есть,,,"ӧткӧн ӧй грам. прошедшее время; тургуза ӧй грам. настоящее время; келер ӧй грам. будущее время; ♦ Ӧйдӧҥ jаан jаргычы jок, ӧйлӧ ӧчӧжӧри jок (Посл.) Нет судьи выше времени, перечить времени нет смысла ӦЙ II 1. мера, норма; ср. кем; кажы немеде ӧйи, кеми бар у каждой вещи есть мера, норма; бир ле ӧйинде jӱрер керек жить нужно в пределах одной нормы; 2. впору, в меру; Платье, кызыл ботинка, кӱски тон — ончозы ӧй болгон (Л. Кокышев) Платье, красные ботинки, осеннее пальто — всё было впору; ♦ ӧйинеҥ ӧткӱре чрезмерно;"
11824,13,"мера, норма",мера норма,,,"ӧткӧн ӧй грам. прошедшее время; тургуза ӧй грам. настоящее время; келер ӧй грам. будущее время; ♦ Ӧйдӧҥ jаан jаргычы jок, ӧйлӧ ӧчӧжӧри jок (Посл.) Нет судьи выше времени, перечить времени нет смысла ӦЙ II 1. мера, норма; ср. кем; кажы немеде ӧйи, кеми бар у каждой вещи есть мера, норма; бир ле ӧйинде jӱрер керек жить нужно в пределах одной нормы; 2. впору, в меру; Платье, кызыл ботинка, кӱски тон — ончозы ӧй болгон (Л. Кокышев) Платье, красные ботинки, осеннее пальто — всё было впору; ♦ ӧйинеҥ ӧткӱре чрезмерно;"
11824,14,бир ле ӧйинде jӱрер керек,бир ле ӧйинде jӱрер керек,,,"ӧткӧн ӧй грам. прошедшее время; тургуза ӧй грам. настоящее время; келер ӧй грам. будущее время; ♦ Ӧйдӧҥ jаан jаргычы jок, ӧйлӧ ӧчӧжӧри jок (Посл.) Нет судьи выше времени, перечить времени нет смысла ӦЙ II 1. мера, норма; ср. кем; кажы немеде ӧйи, кеми бар у каждой вещи есть мера, норма; бир ле ӧйинде jӱрер керек жить нужно в пределах одной нормы; 2. впору, в меру; Платье, кызыл ботинка, кӱски тон — ончозы ӧй болгон (Л. Кокышев) Платье, красные ботинки, осеннее пальто — всё было впору; ♦ ӧйинеҥ ӧткӱре чрезмерно;"
11824,15,жить нужно в пределах одной нормы,жить нужно в пределах одной нормы,,,"ӧткӧн ӧй грам. прошедшее время; тургуза ӧй грам. настоящее время; келер ӧй грам. будущее время; ♦ Ӧйдӧҥ jаан jаргычы jок, ӧйлӧ ӧчӧжӧри jок (Посл.) Нет судьи выше времени, перечить времени нет смысла ӦЙ II 1. мера, норма; ср. кем; кажы немеде ӧйи, кеми бар у каждой вещи есть мера, норма; бир ле ӧйинде jӱрер керек жить нужно в пределах одной нормы; 2. впору, в меру; Платье, кызыл ботинка, кӱски тон — ончозы ӧй болгон (Л. Кокышев) Платье, красные ботинки, осеннее пальто — всё было впору; ♦ ӧйинеҥ ӧткӱре чрезмерно;"
11824,16,2. впо-,2 впо,,,"ӧткӧн ӧй грам. прошедшее время; тургуза ӧй грам. настоящее время; келер ӧй грам. будущее время; ♦ Ӧйдӧҥ jаан jаргычы jок, ӧйлӧ ӧчӧжӧри jок (Посл.) Нет судьи выше времени, перечить времени нет смысла ӦЙ II 1. мера, норма; ср. кем; кажы немеде ӧйи, кеми бар у каждой вещи есть мера, норма; бир ле ӧйинде jӱрер керек жить нужно в пределах одной нормы; 2. впору, в меру; Платье, кызыл ботинка, кӱски тон — ончозы ӧй болгон (Л. Кокышев) Платье, красные ботинки, осеннее пальто — всё было впору; ♦ ӧйинеҥ ӧткӱре чрезмерно;"
11824,17,"ру, в меру",ру в меру,,,"ӧткӧн ӧй грам. прошедшее время; тургуза ӧй грам. настоящее время; келер ӧй грам. будущее время; ♦ Ӧйдӧҥ jаан jаргычы jок, ӧйлӧ ӧчӧжӧри jок (Посл.) Нет судьи выше времени, перечить времени нет смысла ӦЙ II 1. мера, норма; ср. кем; кажы немеде ӧйи, кеми бар у каждой вещи есть мера, норма; бир ле ӧйинде jӱрер керек жить нужно в пределах одной нормы; 2. впору, в меру; Платье, кызыл ботинка, кӱски тон — ончозы ӧй болгон (Л. Кокышев) Платье, красные ботинки, осеннее пальто — всё было впору; ♦ ӧйинеҥ ӧткӱре чрезмерно;"
11824,18,"Платье, кызыл ботинка, кӱски",платье кызыл ботинка кӱски,,,"ӧткӧн ӧй грам. прошедшее время; тургуза ӧй грам. настоящее время; келер ӧй грам. будущее время; ♦ Ӧйдӧҥ jаан jаргычы jок, ӧйлӧ ӧчӧжӧри jок (Посл.) Нет судьи выше времени, перечить времени нет смысла ӦЙ II 1. мера, норма; ср. кем; кажы немеде ӧйи, кеми бар у каждой вещи есть мера, норма; бир ле ӧйинде jӱрер керек жить нужно в пределах одной нормы; 2. впору, в меру; Платье, кызыл ботинка, кӱски тон — ончозы ӧй болгон (Л. Кокышев) Платье, красные ботинки, осеннее пальто — всё было впору; ♦ ӧйинеҥ ӧткӱре чрезмерно;"
11824,19,тон,тон,ончозы ӧй болгон (Л. Кокышев) Пла-,,"ӧткӧн ӧй грам. прошедшее время; тургуза ӧй грам. настоящее время; келер ӧй грам. будущее время; ♦ Ӧйдӧҥ jаан jаргычы jок, ӧйлӧ ӧчӧжӧри jок (Посл.) Нет судьи выше времени, перечить времени нет смысла ӦЙ II 1. мера, норма; ср. кем; кажы немеде ӧйи, кеми бар у каждой вещи есть мера, норма; бир ле ӧйинде jӱрер керек жить нужно в пределах одной нормы; 2. впору, в меру; Платье, кызыл ботинка, кӱски тон — ончозы ӧй болгон (Л. Кокышев) Платье, красные ботинки, осеннее пальто — всё было впору; ♦ ӧйинеҥ ӧткӱре чрезмерно;"
11824,20,"тье, красные ботинки, осеннее пальто",тье красные ботинки осеннее пальто,всё,,"ӧткӧн ӧй грам. прошедшее время; тургуза ӧй грам. настоящее время; келер ӧй грам. будущее время; ♦ Ӧйдӧҥ jаан jаргычы jок, ӧйлӧ ӧчӧжӧри jок (Посл.) Нет судьи выше времени, перечить времени нет смысла ӦЙ II 1. мера, норма; ср. кем; кажы немеде ӧйи, кеми бар у каждой вещи есть мера, норма; бир ле ӧйинде jӱрер керек жить нужно в пределах одной нормы; 2. впору, в меру; Платье, кызыл ботинка, кӱски тон — ончозы ӧй болгон (Л. Кокышев) Платье, красные ботинки, осеннее пальто — всё было впору; ♦ ӧйинеҥ ӧткӱре чрезмерно;"
11824,21,было впору,было впору,,,"ӧткӧн ӧй грам. прошедшее время; тургуза ӧй грам. настоящее время; келер ӧй грам. будущее время; ♦ Ӧйдӧҥ jаан jаргычы jок, ӧйлӧ ӧчӧжӧри jок (Посл.) Нет судьи выше времени, перечить времени нет смысла ӦЙ II 1. мера, норма; ср. кем; кажы немеде ӧйи, кеми бар у каждой вещи есть мера, норма; бир ле ӧйинде jӱрер керек жить нужно в пределах одной нормы; 2. впору, в меру; Платье, кызыл ботинка, кӱски тон — ончозы ӧй болгон (Л. Кокышев) Платье, красные ботинки, осеннее пальто — всё было впору; ♦ ӧйинеҥ ӧткӱре чрезмерно;"
11824,22,♦ ӧйинеҥ ӧткӱре чрезмерно,ӧйинеҥ ӧткӱре чрезмерно,,,"ӧткӧн ӧй грам. прошедшее время; тургуза ӧй грам. настоящее время; келер ӧй грам. будущее время; ♦ Ӧйдӧҥ jаан jаргычы jок, ӧйлӧ ӧчӧжӧри jок (Посл.) Нет судьи выше времени, перечить времени нет смысла ӦЙ II 1. мера, норма; ср. кем; кажы немеде ӧйи, кеми бар у каждой вещи есть мера, норма; бир ле ӧйинде jӱрер керек жить нужно в пределах одной нормы; 2. впору, в меру; Платье, кызыл ботинка, кӱски тон — ончозы ӧй болгон (Л. Кокышев) Платье, красные ботинки, осеннее пальто — всё было впору; ♦ ӧйинеҥ ӧткӱре чрезмерно;"
11834,1,ичин,ичин,,,"ичин (ӧзӧгин) ӧйкӧӧр не давать покоя; кӧзин ӧйкӧӧр мозолить глаза ӦЙКӦК 1. боль, колющая боль; ср. ӧйкӱ; ӧйкӧк ого амыр бербейт боль не даёт ему покоя; 2. 1) больной, болезненный; колющий; ӧйкӧк сыс колющая боль; 2) перен. больной, болезненный; Оныҥ да учун ол ӧскӧ кижиниҥ оозынаҥ чыккан чала ого ӧйкӧк «сакондорло» јӧпсинбес кӱӱндӱ (Б. Укачин)"
11834,2,(ӧзӧгин) ӧйкӧӧр не давать покоя,ӧзӧгин ӧйкӧӧр не давать покоя,,,"ичин (ӧзӧгин) ӧйкӧӧр не давать покоя; кӧзин ӧйкӧӧр мозолить глаза ӦЙКӦК 1. боль, колющая боль; ср. ӧйкӱ; ӧйкӧк ого амыр бербейт боль не даёт ему покоя; 2. 1) больной, болезненный; колющий; ӧйкӧк сыс колющая боль; 2) перен. больной, болезненный; Оныҥ да учун ол ӧскӧ кижиниҥ оозынаҥ чыккан чала ого ӧйкӧк «сакондорло» јӧпсинбес кӱӱндӱ (Б. Укачин)"
11834,3,кӧзин,кӧзин,,,"ичин (ӧзӧгин) ӧйкӧӧр не давать покоя; кӧзин ӧйкӧӧр мозолить глаза ӦЙКӦК 1. боль, колющая боль; ср. ӧйкӱ; ӧйкӧк ого амыр бербейт боль не даёт ему покоя; 2. 1) больной, болезненный; колющий; ӧйкӧк сыс колющая боль; 2) перен. больной, болезненный; Оныҥ да учун ол ӧскӧ кижиниҥ оозынаҥ чыккан чала ого ӧйкӧк «сакондорло» јӧпсинбес кӱӱндӱ (Б. Укачин)"
11834,4,ӧйкӧӧр мозолить глаза,ӧйкӧӧр мозолить глаза,,,"ичин (ӧзӧгин) ӧйкӧӧр не давать покоя; кӧзин ӧйкӧӧр мозолить глаза ӦЙКӦК 1. боль, колющая боль; ср. ӧйкӱ; ӧйкӧк ого амыр бербейт боль не даёт ему покоя; 2. 1) больной, болезненный; колющий; ӧйкӧк сыс колющая боль; 2) перен. больной, болезненный; Оныҥ да учун ол ӧскӧ кижиниҥ оозынаҥ чыккан чала ого ӧйкӧк «сакондорло» јӧпсинбес кӱӱндӱ (Б. Укачин)"
11834,5,"ӦЙКӦК 1. боль, колющая боль",ӧйкӧк 1 боль колющая боль,,,"ичин (ӧзӧгин) ӧйкӧӧр не давать покоя; кӧзин ӧйкӧӧр мозолить глаза ӦЙКӦК 1. боль, колющая боль; ср. ӧйкӱ; ӧйкӧк ого амыр бербейт боль не даёт ему покоя; 2. 1) больной, болезненный; колющий; ӧйкӧк сыс колющая боль; 2) перен. больной, болезненный; Оныҥ да учун ол ӧскӧ кижиниҥ оозынаҥ чыккан чала ого ӧйкӧк «сакондорло» јӧпсинбес кӱӱндӱ (Б. Укачин)"
11834,6,ср. ӧйкӱ,ср ӧйкӱ,,,"ичин (ӧзӧгин) ӧйкӧӧр не давать покоя; кӧзин ӧйкӧӧр мозолить глаза ӦЙКӦК 1. боль, колющая боль; ср. ӧйкӱ; ӧйкӧк ого амыр бербейт боль не даёт ему покоя; 2. 1) больной, болезненный; колющий; ӧйкӧк сыс колющая боль; 2) перен. больной, болезненный; Оныҥ да учун ол ӧскӧ кижиниҥ оозынаҥ чыккан чала ого ӧйкӧк «сакондорло» јӧпсинбес кӱӱндӱ (Б. Укачин)"
11834,7,ӧйкӧк ого амыр бербейт боль не даёт ему,ӧйкӧк ого амыр бербейт боль не даёт ему,,,"ичин (ӧзӧгин) ӧйкӧӧр не давать покоя; кӧзин ӧйкӧӧр мозолить глаза ӦЙКӦК 1. боль, колющая боль; ср. ӧйкӱ; ӧйкӧк ого амыр бербейт боль не даёт ему покоя; 2. 1) больной, болезненный; колющий; ӧйкӧк сыс колющая боль; 2) перен. больной, болезненный; Оныҥ да учун ол ӧскӧ кижиниҥ оозынаҥ чыккан чала ого ӧйкӧк «сакондорло» јӧпсинбес кӱӱндӱ (Б. Укачин)"
11834,8,покоя,покоя,,,"ичин (ӧзӧгин) ӧйкӧӧр не давать покоя; кӧзин ӧйкӧӧр мозолить глаза ӦЙКӦК 1. боль, колющая боль; ср. ӧйкӱ; ӧйкӧк ого амыр бербейт боль не даёт ему покоя; 2. 1) больной, болезненный; колющий; ӧйкӧк сыс колющая боль; 2) перен. больной, болезненный; Оныҥ да учун ол ӧскӧ кижиниҥ оозынаҥ чыккан чала ого ӧйкӧк «сакондорло» јӧпсинбес кӱӱндӱ (Б. Укачин)"
11834,9,"2. 1) больной, болезненный",2 1 больной болезненный,,,"ичин (ӧзӧгин) ӧйкӧӧр не давать покоя; кӧзин ӧйкӧӧр мозолить глаза ӦЙКӦК 1. боль, колющая боль; ср. ӧйкӱ; ӧйкӧк ого амыр бербейт боль не даёт ему покоя; 2. 1) больной, болезненный; колющий; ӧйкӧк сыс колющая боль; 2) перен. больной, болезненный; Оныҥ да учун ол ӧскӧ кижиниҥ оозынаҥ чыккан чала ого ӧйкӧк «сакондорло» јӧпсинбес кӱӱндӱ (Б. Укачин)"
11834,10,колющий,колющий,,,"ичин (ӧзӧгин) ӧйкӧӧр не давать покоя; кӧзин ӧйкӧӧр мозолить глаза ӦЙКӦК 1. боль, колющая боль; ср. ӧйкӱ; ӧйкӧк ого амыр бербейт боль не даёт ему покоя; 2. 1) больной, болезненный; колющий; ӧйкӧк сыс колющая боль; 2) перен. больной, болезненный; Оныҥ да учун ол ӧскӧ кижиниҥ оозынаҥ чыккан чала ого ӧйкӧк «сакондорло» јӧпсинбес кӱӱндӱ (Б. Укачин)"
11834,11,ӧйкӧк сыс колющая боль,ӧйкӧк сыс колющая боль,,,"ичин (ӧзӧгин) ӧйкӧӧр не давать покоя; кӧзин ӧйкӧӧр мозолить глаза ӦЙКӦК 1. боль, колющая боль; ср. ӧйкӱ; ӧйкӧк ого амыр бербейт боль не даёт ему покоя; 2. 1) больной, болезненный; колющий; ӧйкӧк сыс колющая боль; 2) перен. больной, болезненный; Оныҥ да учун ол ӧскӧ кижиниҥ оозынаҥ чыккан чала ого ӧйкӧк «сакондорло» јӧпсинбес кӱӱндӱ (Б. Укачин)"
11834,12,2) перен. боль-,2 перен боль,,,"ичин (ӧзӧгин) ӧйкӧӧр не давать покоя; кӧзин ӧйкӧӧр мозолить глаза ӦЙКӦК 1. боль, колющая боль; ср. ӧйкӱ; ӧйкӧк ого амыр бербейт боль не даёт ему покоя; 2. 1) больной, болезненный; колющий; ӧйкӧк сыс колющая боль; 2) перен. больной, болезненный; Оныҥ да учун ол ӧскӧ кижиниҥ оозынаҥ чыккан чала ого ӧйкӧк «сакондорло» јӧпсинбес кӱӱндӱ (Б. Укачин)"
11834,13,"ной, болезненный",ной болезненный,,,"ичин (ӧзӧгин) ӧйкӧӧр не давать покоя; кӧзин ӧйкӧӧр мозолить глаза ӦЙКӦК 1. боль, колющая боль; ср. ӧйкӱ; ӧйкӧк ого амыр бербейт боль не даёт ему покоя; 2. 1) больной, болезненный; колющий; ӧйкӧк сыс колющая боль; 2) перен. больной, болезненный; Оныҥ да учун ол ӧскӧ кижиниҥ оозынаҥ чыккан чала ого ӧйкӧк «сакондорло» јӧпсинбес кӱӱндӱ (Б. Укачин)"
11834,14,Оныҥ да учун ол ӧскӧ,оныҥ да учун ол ӧскӧ,,,"ичин (ӧзӧгин) ӧйкӧӧр не давать покоя; кӧзин ӧйкӧӧр мозолить глаза ӦЙКӦК 1. боль, колющая боль; ср. ӧйкӱ; ӧйкӧк ого амыр бербейт боль не даёт ему покоя; 2. 1) больной, болезненный; колющий; ӧйкӧк сыс колющая боль; 2) перен. больной, болезненный; Оныҥ да учун ол ӧскӧ кижиниҥ оозынаҥ чыккан чала ого ӧйкӧк «сакондорло» јӧпсинбес кӱӱндӱ (Б. Укачин)"
11834,15,кижиниҥ оозынаҥ чыккан чала ого ӧйкӧк,кижиниҥ оозынаҥ чыккан чала ого ӧйкӧк,,,"ичин (ӧзӧгин) ӧйкӧӧр не давать покоя; кӧзин ӧйкӧӧр мозолить глаза ӦЙКӦК 1. боль, колющая боль; ср. ӧйкӱ; ӧйкӧк ого амыр бербейт боль не даёт ему покоя; 2. 1) больной, болезненный; колющий; ӧйкӧк сыс колющая боль; 2) перен. больной, болезненный; Оныҥ да учун ол ӧскӧ кижиниҥ оозынаҥ чыккан чала ого ӧйкӧк «сакондорло» јӧпсинбес кӱӱндӱ (Б. Укачин)"
11834,16,«сакондорло» јӧпсинбес кӱӱндӱ (Б. Укачин),сакондорло јӧпсинбес кӱӱндӱ б укачин,,,"ичин (ӧзӧгин) ӧйкӧӧр не давать покоя; кӧзин ӧйкӧӧр мозолить глаза ӦЙКӦК 1. боль, колющая боль; ср. ӧйкӱ; ӧйкӧк ого амыр бербейт боль не даёт ему покоя; 2. 1) больной, болезненный; колющий; ӧйкӧк сыс колющая боль; 2) перен. больной, болезненный; Оныҥ да учун ол ӧскӧ кижиниҥ оозынаҥ чыккан чала ого ӧйкӧк «сакондорло» јӧпсинбес кӱӱндӱ (Б. Укачин)"
11856,1,ӧкпӧзи ӧчӧр,ӧкпӧзи ӧчӧр,,,"ӧкпӧзи ӧчӧр (ӧкпӧзи тӱжер) остыть, успокоиться;"
11856,2,"(ӧкпӧзи тӱжер) остыть, успокоиться",ӧкпӧзи тӱжер остыть успокоиться,,,"ӧкпӧзи ӧчӧр (ӧкпӧзи тӱжер) остыть, успокоиться;"
11882,1,ӧлгӧндӧрдиҥ,ӧлгӧндӧрдиҥ,,,ӧлгӧндӧрдиҥ кӱни родительский (поминальный) день;
11882,2,кӱни родительский (поминальный) день,кӱни родительский поминальный день,,,ӧлгӧндӧрдиҥ кӱни родительский (поминальный) день;
11886,1,сас-ӧлӧҥ осока,сасӧлӧҥ осока,,,"сас-ӧлӧҥ осока; jытту-ӧлӧҥ полынь; кара-ӧлӧҥ потнишник (вид осоки); сӱт-ӧлӧҥ молочай; самын-ӧлӧҥ лихнис (зорька луговая, татарское мыло, барская спесь); изӱ-ӧлӧҥ кипец; мырчак-ӧлӧҥ мышиный горох; ак-ӧлӧҥ пырей ползучий ӦЛӦҤ-БАРГАА трава; ӧлӧҥ-баргаа чыкты трава выросла"
11886,2,jытту-ӧлӧҥ полынь,jыттуӧлӧҥ полынь,,,"сас-ӧлӧҥ осока; jытту-ӧлӧҥ полынь; кара-ӧлӧҥ потнишник (вид осоки); сӱт-ӧлӧҥ молочай; самын-ӧлӧҥ лихнис (зорька луговая, татарское мыло, барская спесь); изӱ-ӧлӧҥ кипец; мырчак-ӧлӧҥ мышиный горох; ак-ӧлӧҥ пырей ползучий ӦЛӦҤ-БАРГАА трава; ӧлӧҥ-баргаа чыкты трава выросла"
11886,3,кара-ӧлӧҥ потнишник,караӧлӧҥ потнишник,,,"сас-ӧлӧҥ осока; jытту-ӧлӧҥ полынь; кара-ӧлӧҥ потнишник (вид осоки); сӱт-ӧлӧҥ молочай; самын-ӧлӧҥ лихнис (зорька луговая, татарское мыло, барская спесь); изӱ-ӧлӧҥ кипец; мырчак-ӧлӧҥ мышиный горох; ак-ӧлӧҥ пырей ползучий ӦЛӦҤ-БАРГАА трава; ӧлӧҥ-баргаа чыкты трава выросла"
11886,4,(вид осоки),вид осоки,,,"сас-ӧлӧҥ осока; jытту-ӧлӧҥ полынь; кара-ӧлӧҥ потнишник (вид осоки); сӱт-ӧлӧҥ молочай; самын-ӧлӧҥ лихнис (зорька луговая, татарское мыло, барская спесь); изӱ-ӧлӧҥ кипец; мырчак-ӧлӧҥ мышиный горох; ак-ӧлӧҥ пырей ползучий ӦЛӦҤ-БАРГАА трава; ӧлӧҥ-баргаа чыкты трава выросла"
11886,5,сӱт-ӧлӧҥ молочай,сӱтӧлӧҥ молочай,,,"сас-ӧлӧҥ осока; jытту-ӧлӧҥ полынь; кара-ӧлӧҥ потнишник (вид осоки); сӱт-ӧлӧҥ молочай; самын-ӧлӧҥ лихнис (зорька луговая, татарское мыло, барская спесь); изӱ-ӧлӧҥ кипец; мырчак-ӧлӧҥ мышиный горох; ак-ӧлӧҥ пырей ползучий ӦЛӦҤ-БАРГАА трава; ӧлӧҥ-баргаа чыкты трава выросла"
11886,6,самын-ӧлӧҥ,самынӧлӧҥ,,,"сас-ӧлӧҥ осока; jытту-ӧлӧҥ полынь; кара-ӧлӧҥ потнишник (вид осоки); сӱт-ӧлӧҥ молочай; самын-ӧлӧҥ лихнис (зорька луговая, татарское мыло, барская спесь); изӱ-ӧлӧҥ кипец; мырчак-ӧлӧҥ мышиный горох; ак-ӧлӧҥ пырей ползучий ӦЛӦҤ-БАРГАА трава; ӧлӧҥ-баргаа чыкты трава выросла"
11886,7,"лихнис (зорька луговая, татарское мыло, бар-",лихнис зорька луговая татарское мыло бар,,,"сас-ӧлӧҥ осока; jытту-ӧлӧҥ полынь; кара-ӧлӧҥ потнишник (вид осоки); сӱт-ӧлӧҥ молочай; самын-ӧлӧҥ лихнис (зорька луговая, татарское мыло, барская спесь); изӱ-ӧлӧҥ кипец; мырчак-ӧлӧҥ мышиный горох; ак-ӧлӧҥ пырей ползучий ӦЛӦҤ-БАРГАА трава; ӧлӧҥ-баргаа чыкты трава выросла"
11886,8,ская спесь),ская спесь,,,"сас-ӧлӧҥ осока; jытту-ӧлӧҥ полынь; кара-ӧлӧҥ потнишник (вид осоки); сӱт-ӧлӧҥ молочай; самын-ӧлӧҥ лихнис (зорька луговая, татарское мыло, барская спесь); изӱ-ӧлӧҥ кипец; мырчак-ӧлӧҥ мышиный горох; ак-ӧлӧҥ пырей ползучий ӦЛӦҤ-БАРГАА трава; ӧлӧҥ-баргаа чыкты трава выросла"
11886,9,изӱ-ӧлӧҥ кипец,изӱӧлӧҥ кипец,,,"сас-ӧлӧҥ осока; jытту-ӧлӧҥ полынь; кара-ӧлӧҥ потнишник (вид осоки); сӱт-ӧлӧҥ молочай; самын-ӧлӧҥ лихнис (зорька луговая, татарское мыло, барская спесь); изӱ-ӧлӧҥ кипец; мырчак-ӧлӧҥ мышиный горох; ак-ӧлӧҥ пырей ползучий ӦЛӦҤ-БАРГАА трава; ӧлӧҥ-баргаа чыкты трава выросла"
11886,10,мырчак-ӧлӧҥ,мырчакӧлӧҥ,,,"сас-ӧлӧҥ осока; jытту-ӧлӧҥ полынь; кара-ӧлӧҥ потнишник (вид осоки); сӱт-ӧлӧҥ молочай; самын-ӧлӧҥ лихнис (зорька луговая, татарское мыло, барская спесь); изӱ-ӧлӧҥ кипец; мырчак-ӧлӧҥ мышиный горох; ак-ӧлӧҥ пырей ползучий ӦЛӦҤ-БАРГАА трава; ӧлӧҥ-баргаа чыкты трава выросла"
11886,11,мышиный горох,мышиный горох,,,"сас-ӧлӧҥ осока; jытту-ӧлӧҥ полынь; кара-ӧлӧҥ потнишник (вид осоки); сӱт-ӧлӧҥ молочай; самын-ӧлӧҥ лихнис (зорька луговая, татарское мыло, барская спесь); изӱ-ӧлӧҥ кипец; мырчак-ӧлӧҥ мышиный горох; ак-ӧлӧҥ пырей ползучий ӦЛӦҤ-БАРГАА трава; ӧлӧҥ-баргаа чыкты трава выросла"
11886,12,ак-ӧлӧҥ пырей ползучий,акӧлӧҥ пырей ползучий,,,"сас-ӧлӧҥ осока; jытту-ӧлӧҥ полынь; кара-ӧлӧҥ потнишник (вид осоки); сӱт-ӧлӧҥ молочай; самын-ӧлӧҥ лихнис (зорька луговая, татарское мыло, барская спесь); изӱ-ӧлӧҥ кипец; мырчак-ӧлӧҥ мышиный горох; ак-ӧлӧҥ пырей ползучий ӦЛӦҤ-БАРГАА трава; ӧлӧҥ-баргаа чыкты трава выросла"
11886,13,ӦЛӦҤ-БАРГАА трава,ӧлӧҥбаргаа трава,,,"сас-ӧлӧҥ осока; jытту-ӧлӧҥ полынь; кара-ӧлӧҥ потнишник (вид осоки); сӱт-ӧлӧҥ молочай; самын-ӧлӧҥ лихнис (зорька луговая, татарское мыло, барская спесь); изӱ-ӧлӧҥ кипец; мырчак-ӧлӧҥ мышиный горох; ак-ӧлӧҥ пырей ползучий ӦЛӦҤ-БАРГАА трава; ӧлӧҥ-баргаа чыкты трава выросла"
11886,14,ӧлӧҥ-баргаа,ӧлӧҥбаргаа,,,"сас-ӧлӧҥ осока; jытту-ӧлӧҥ полынь; кара-ӧлӧҥ потнишник (вид осоки); сӱт-ӧлӧҥ молочай; самын-ӧлӧҥ лихнис (зорька луговая, татарское мыло, барская спесь); изӱ-ӧлӧҥ кипец; мырчак-ӧлӧҥ мышиный горох; ак-ӧлӧҥ пырей ползучий ӦЛӦҤ-БАРГАА трава; ӧлӧҥ-баргаа чыкты трава выросла"
11886,15,чыкты трава выросла,чыкты трава выросла,,,"сас-ӧлӧҥ осока; jытту-ӧлӧҥ полынь; кара-ӧлӧҥ потнишник (вид осоки); сӱт-ӧлӧҥ молочай; самын-ӧлӧҥ лихнис (зорька луговая, татарское мыло, барская спесь); изӱ-ӧлӧҥ кипец; мырчак-ӧлӧҥ мышиный горох; ак-ӧлӧҥ пырей ползучий ӦЛӦҤ-БАРГАА трава; ӧлӧҥ-баргаа чыкты трава выросла"
11901,1,ӧлӱ сай пустая ореховая скорлупа,ӧлӱ сай пустая ореховая скорлупа,,,"ӧлӱ сай пустая ореховая скорлупа ӦЛӰ II вершок (мера, равная толщине пальца); ср. элӱ; Таҥары jуук Яким туруп келзе, эки ӧлӱ кар jаап койтыр (С. Суразаков) Когда Яким проснулся под утро, оказывается, выпал снег в два вершка; ♦ Чын ла тӧгӱнниҥ ортозы тӧрт ӧлӱ (Погов.) Между правдой и ложью четыре вершка"
11901,2,"ӦЛӰ II вершок (мера, равная толщине",ӧлӱ ii вершок мера равная толщине,,,"ӧлӱ сай пустая ореховая скорлупа ӦЛӰ II вершок (мера, равная толщине пальца); ср. элӱ; Таҥары jуук Яким туруп келзе, эки ӧлӱ кар jаап койтыр (С. Суразаков) Когда Яким проснулся под утро, оказывается, выпал снег в два вершка; ♦ Чын ла тӧгӱнниҥ ортозы тӧрт ӧлӱ (Погов.) Между правдой и ложью четыре вершка"
11901,3,пальца),пальца,,,"ӧлӱ сай пустая ореховая скорлупа ӦЛӰ II вершок (мера, равная толщине пальца); ср. элӱ; Таҥары jуук Яким туруп келзе, эки ӧлӱ кар jаап койтыр (С. Суразаков) Когда Яким проснулся под утро, оказывается, выпал снег в два вершка; ♦ Чын ла тӧгӱнниҥ ортозы тӧрт ӧлӱ (Погов.) Между правдой и ложью четыре вершка"
11901,4,ср. элӱ,ср элӱ,,,"ӧлӱ сай пустая ореховая скорлупа ӦЛӰ II вершок (мера, равная толщине пальца); ср. элӱ; Таҥары jуук Яким туруп келзе, эки ӧлӱ кар jаап койтыр (С. Суразаков) Когда Яким проснулся под утро, оказывается, выпал снег в два вершка; ♦ Чын ла тӧгӱнниҥ ортозы тӧрт ӧлӱ (Погов.) Между правдой и ложью четыре вершка"
11901,5,Таҥары jуук Яким туруп,таҥары jуук яким туруп,,,"ӧлӱ сай пустая ореховая скорлупа ӦЛӰ II вершок (мера, равная толщине пальца); ср. элӱ; Таҥары jуук Яким туруп келзе, эки ӧлӱ кар jаап койтыр (С. Суразаков) Когда Яким проснулся под утро, оказывается, выпал снег в два вершка; ♦ Чын ла тӧгӱнниҥ ортозы тӧрт ӧлӱ (Погов.) Между правдой и ложью четыре вершка"
11901,6,"келзе, эки ӧлӱ кар jаап койтыр (С. Сураза-",келзе эки ӧлӱ кар jаап койтыр с сураза,,,"ӧлӱ сай пустая ореховая скорлупа ӦЛӰ II вершок (мера, равная толщине пальца); ср. элӱ; Таҥары jуук Яким туруп келзе, эки ӧлӱ кар jаап койтыр (С. Суразаков) Когда Яким проснулся под утро, оказывается, выпал снег в два вершка; ♦ Чын ла тӧгӱнниҥ ортозы тӧрт ӧлӱ (Погов.) Между правдой и ложью четыре вершка"
11901,7,"ков) Когда Яким проснулся под утро, оказы-",ков когда яким проснулся под утро оказы,,,"ӧлӱ сай пустая ореховая скорлупа ӦЛӰ II вершок (мера, равная толщине пальца); ср. элӱ; Таҥары jуук Яким туруп келзе, эки ӧлӱ кар jаап койтыр (С. Суразаков) Когда Яким проснулся под утро, оказывается, выпал снег в два вершка; ♦ Чын ла тӧгӱнниҥ ортозы тӧрт ӧлӱ (Погов.) Между правдой и ложью четыре вершка"
11901,8,"вается, выпал снег в два вершка",вается выпал снег в два вершка,,,"ӧлӱ сай пустая ореховая скорлупа ӦЛӰ II вершок (мера, равная толщине пальца); ср. элӱ; Таҥары jуук Яким туруп келзе, эки ӧлӱ кар jаап койтыр (С. Суразаков) Когда Яким проснулся под утро, оказывается, выпал снег в два вершка; ♦ Чын ла тӧгӱнниҥ ортозы тӧрт ӧлӱ (Погов.) Между правдой и ложью четыре вершка"
11901,9,♦ Чын ла,чын ла,,,"ӧлӱ сай пустая ореховая скорлупа ӦЛӰ II вершок (мера, равная толщине пальца); ср. элӱ; Таҥары jуук Яким туруп келзе, эки ӧлӱ кар jаап койтыр (С. Суразаков) Когда Яким проснулся под утро, оказывается, выпал снег в два вершка; ♦ Чын ла тӧгӱнниҥ ортозы тӧрт ӧлӱ (Погов.) Между правдой и ложью четыре вершка"
11901,10,тӧгӱнниҥ ортозы тӧрт ӧлӱ (Погов.) Между,тӧгӱнниҥ ортозы тӧрт ӧлӱ погов между,,,"ӧлӱ сай пустая ореховая скорлупа ӦЛӰ II вершок (мера, равная толщине пальца); ср. элӱ; Таҥары jуук Яким туруп келзе, эки ӧлӱ кар jаап койтыр (С. Суразаков) Когда Яким проснулся под утро, оказывается, выпал снег в два вершка; ♦ Чын ла тӧгӱнниҥ ортозы тӧрт ӧлӱ (Погов.) Между правдой и ложью четыре вершка"
11901,11,правдой и ложью четыре вершка,правдой и ложью четыре вершка,,,"ӧлӱ сай пустая ореховая скорлупа ӦЛӰ II вершок (мера, равная толщине пальца); ср. элӱ; Таҥары jуук Яким туруп келзе, эки ӧлӱ кар jаап койтыр (С. Суразаков) Когда Яким проснулся под утро, оказывается, выпал снег в два вершка; ♦ Чын ла тӧгӱнниҥ ортозы тӧрт ӧлӱ (Погов.) Между правдой и ложью четыре вершка"
11906,1,ӧлӱмниҥ кырында болор,ӧлӱмниҥ кырында болор,,,"ӧлӱмниҥ кырында болор быть на краю смерти; Ӧлӱмнеҥ ӧтпӧзиҥ, салымнаҥ артпазыҥ (Посл.) Смерти не минуешь, от судьбы не уйдёшь"
11906,2,быть на краю смерти,быть на краю смерти,,,"ӧлӱмниҥ кырында болор быть на краю смерти; Ӧлӱмнеҥ ӧтпӧзиҥ, салымнаҥ артпазыҥ (Посл.) Смерти не минуешь, от судьбы не уйдёшь"
11906,3,"Ӧлӱмнеҥ ӧтпӧзиҥ,",ӧлӱмнеҥ ӧтпӧзиҥ,,,"ӧлӱмниҥ кырында болор быть на краю смерти; Ӧлӱмнеҥ ӧтпӧзиҥ, салымнаҥ артпазыҥ (Посл.) Смерти не минуешь, от судьбы не уйдёшь"
11906,4,салымнаҥ артпазыҥ (Посл.) Смерти не ми-,салымнаҥ артпазыҥ посл смерти не ми,,,"ӧлӱмниҥ кырында болор быть на краю смерти; Ӧлӱмнеҥ ӧтпӧзиҥ, салымнаҥ артпазыҥ (Посл.) Смерти не минуешь, от судьбы не уйдёшь"
11906,5,"нуешь, от судьбы не уйдёшь",нуешь от судьбы не уйдёшь,,,"ӧлӱмниҥ кырында болор быть на краю смерти; Ӧлӱмнеҥ ӧтпӧзиҥ, салымнаҥ артпазыҥ (Посл.) Смерти не минуешь, от судьбы не уйдёшь"
11911,1,Ат карыза,ат карыза,"согумтык, эр",,"Ат карыза — согумтык, эр карыза — ӧлӱмтик (Погов.) Если состарится конь, то станет убойным мясом, если состарится мужчина, то станет бессильным"
11911,2,карыза,карыза,ӧлӱмтик (Погов.) Если состарит-,,"Ат карыза — согумтык, эр карыза — ӧлӱмтик (Погов.) Если состарится конь, то станет убойным мясом, если состарится мужчина, то станет бессильным"
11911,3,"ся конь, то станет убойным мясом, если со-",ся конь то станет убойным мясом если со,,,"Ат карыза — согумтык, эр карыза — ӧлӱмтик (Погов.) Если состарится конь, то станет убойным мясом, если состарится мужчина, то станет бессильным"
11911,4,"старится мужчина, то станет бессильным",старится мужчина то станет бессильным,,,"Ат карыза — согумтык, эр карыза — ӧлӱмтик (Погов.) Если состарится конь, то станет убойным мясом, если состарится мужчина, то станет бессильным"
11918,1,"Ӧмӧлӱ кижи ӧрттӧҥ коркыбас, ортокту",ӧмӧлӱ кижи ӧрттӧҥ коркыбас ортокту,,,"Ӧмӧлӱ кижи ӧрттӧҥ коркыбас, ортокту кижи оттоҥ айабас (Посл.) Имеющий поддержку человек пожара не боится, сообща делающий человек огня не страшится"
11918,2,кижи оттоҥ айабас (Посл.) Имеющий под-,кижи оттоҥ айабас посл имеющий под,,,"Ӧмӧлӱ кижи ӧрттӧҥ коркыбас, ортокту кижи оттоҥ айабас (Посл.) Имеющий поддержку человек пожара не боится, сообща делающий человек огня не страшится"
11918,3,"держку человек пожара не боится, сообща",держку человек пожара не боится сообща,,,"Ӧмӧлӱ кижи ӧрттӧҥ коркыбас, ортокту кижи оттоҥ айабас (Посл.) Имеющий поддержку человек пожара не боится, сообща делающий человек огня не страшится"
11918,4,делающий человек огня не страшится,делающий человек огня не страшится,,,"Ӧмӧлӱ кижи ӧрттӧҥ коркыбас, ортокту кижи оттоҥ айабас (Посл.) Имеющий поддержку человек пожара не боится, сообща делающий человек огня не страшится"
11919,1,Ӧскӱрип алза,ӧскӱрип алза,мал бо-,,"Ӧскӱрип алза — мал болор, ӧмӧлӧп алза — jон болор (Погов.) Если вырастить — скот будет, если сделать сообща — народом станет ӦМӦЛӦӦЧИ: ӧмӧлӧӧчи кубулткыш грам. орудный (творительный) падеж"
11919,2,"лор, ӧмӧлӧп алза",лор ӧмӧлӧп алза,jон болор (Погов.) Если,,"Ӧскӱрип алза — мал болор, ӧмӧлӧп алза — jон болор (Погов.) Если вырастить — скот будет, если сделать сообща — народом станет ӦМӦЛӦӦЧИ: ӧмӧлӧӧчи кубулткыш грам. орудный (творительный) падеж"
11919,3,вырастить,вырастить,"скот будет, если сделать сообща",,"Ӧскӱрип алза — мал болор, ӧмӧлӧп алза — jон болор (Погов.) Если вырастить — скот будет, если сделать сообща — народом станет ӦМӦЛӦӦЧИ: ӧмӧлӧӧчи кубулткыш грам. орудный (творительный) падеж"
11919,4,— народом станет,народом станет,,,"Ӧскӱрип алза — мал болор, ӧмӧлӧп алза — jон болор (Погов.) Если вырастить — скот будет, если сделать сообща — народом станет ӦМӦЛӦӦЧИ: ӧмӧлӧӧчи кубулткыш грам. орудный (творительный) падеж"
11919,5,ӦМӦЛӦӦЧИ: ӧмӧлӧӧчи кубулткыш,ӧмӧлӧӧчи ӧмӧлӧӧчи кубулткыш,,,"Ӧскӱрип алза — мал болор, ӧмӧлӧп алза — jон болор (Погов.) Если вырастить — скот будет, если сделать сообща — народом станет ӦМӦЛӦӦЧИ: ӧмӧлӧӧчи кубулткыш грам. орудный (творительный) падеж"
11919,6,грам. орудный (творительный) падеж,грам орудный творительный падеж,,,"Ӧскӱрип алза — мал болор, ӧмӧлӧп алза — jон болор (Погов.) Если вырастить — скот будет, если сделать сообща — народом станет ӦМӦЛӦӦЧИ: ӧмӧлӧӧчи кубулткыш грам. орудный (творительный) падеж"
11925,1,Ӧмӧлӱ иш ӧчпӧс (По-,ӧмӧлӱ иш ӧчпӧс по,,,Ӧмӧлӱ иш ӧчпӧс (Погов.) Сплочённая работа спорится
11925,2,гов.) Сплочённая работа спорится,гов сплочённая работа спорится,,,Ӧмӧлӱ иш ӧчпӧс (Погов.) Сплочённая работа спорится
11926,1,ӧҥи кирер приобретать цвет,ӧҥи кирер приобретать цвет,,,"ӧҥи кирер приобретать цвет; ӧҥ кийдирер придавать цвет ӦҤ II 1. хороший, добротный; ср. ӧҥдӱ 2, ӧҥжӱк 3; ӧҥ јӱрӱм јӱрер жить хорошей жизнью; 2. хорошо, добротно; ср. јакшы;"
11926,2,ӧҥ кий-,ӧҥ кий,,,"ӧҥи кирер приобретать цвет; ӧҥ кийдирер придавать цвет ӦҤ II 1. хороший, добротный; ср. ӧҥдӱ 2, ӧҥжӱк 3; ӧҥ јӱрӱм јӱрер жить хорошей жизнью; 2. хорошо, добротно; ср. јакшы;"
11926,3,дирер придавать цвет,дирер придавать цвет,,,"ӧҥи кирер приобретать цвет; ӧҥ кийдирер придавать цвет ӦҤ II 1. хороший, добротный; ср. ӧҥдӱ 2, ӧҥжӱк 3; ӧҥ јӱрӱм јӱрер жить хорошей жизнью; 2. хорошо, добротно; ср. јакшы;"
11926,4,"ӦҤ II 1. хороший, добротный",ӧҥ ii 1 хороший добротный,,,"ӧҥи кирер приобретать цвет; ӧҥ кийдирер придавать цвет ӦҤ II 1. хороший, добротный; ср. ӧҥдӱ 2, ӧҥжӱк 3; ӧҥ јӱрӱм јӱрер жить хорошей жизнью; 2. хорошо, добротно; ср. јакшы;"
11926,5,ср. ӧҥдӱ,ср ӧҥдӱ,,,"ӧҥи кирер приобретать цвет; ӧҥ кийдирер придавать цвет ӦҤ II 1. хороший, добротный; ср. ӧҥдӱ 2, ӧҥжӱк 3; ӧҥ јӱрӱм јӱрер жить хорошей жизнью; 2. хорошо, добротно; ср. јакшы;"
11926,6,"2, ӧҥжӱк 3",2 ӧҥжӱк 3,,,"ӧҥи кирер приобретать цвет; ӧҥ кийдирер придавать цвет ӦҤ II 1. хороший, добротный; ср. ӧҥдӱ 2, ӧҥжӱк 3; ӧҥ јӱрӱм јӱрер жить хорошей жизнью; 2. хорошо, добротно; ср. јакшы;"
11926,7,ӧҥ јӱрӱм јӱрер жить хорошей,ӧҥ јӱрӱм јӱрер жить хорошей,,,"ӧҥи кирер приобретать цвет; ӧҥ кийдирер придавать цвет ӦҤ II 1. хороший, добротный; ср. ӧҥдӱ 2, ӧҥжӱк 3; ӧҥ јӱрӱм јӱрер жить хорошей жизнью; 2. хорошо, добротно; ср. јакшы;"
11926,8,жизнью,жизнью,,,"ӧҥи кирер приобретать цвет; ӧҥ кийдирер придавать цвет ӦҤ II 1. хороший, добротный; ср. ӧҥдӱ 2, ӧҥжӱк 3; ӧҥ јӱрӱм јӱрер жить хорошей жизнью; 2. хорошо, добротно; ср. јакшы;"
11926,9,"2. хорошо, добротно",2 хорошо добротно,,,"ӧҥи кирер приобретать цвет; ӧҥ кийдирер придавать цвет ӦҤ II 1. хороший, добротный; ср. ӧҥдӱ 2, ӧҥжӱк 3; ӧҥ јӱрӱм јӱрер жить хорошей жизнью; 2. хорошо, добротно; ср. јакшы;"
11926,10,ср. јакшы,ср јакшы,,,"ӧҥи кирер приобретать цвет; ӧҥ кийдирер придавать цвет ӦҤ II 1. хороший, добротный; ср. ӧҥдӱ 2, ӧҥжӱк 3; ӧҥ јӱрӱм јӱрер жить хорошей жизнью; 2. хорошо, добротно; ср. јакшы;"
11939,1,Кӧрнӧӧлӱ от,кӧрнӧӧлӱ от,,,"Кӧрнӧӧлӱ от кӧҥжиир, керсӱ кижи ӧҥжиир (Погов.) Раскалённый огонь воспламенится, умный человек расцветёт ӦҤЖИТпонуд. от ӧҥжи1) улучшать; јӱрӱмди ӧҥжидер улучшать жизнь; 2) укреплять (здоровье, тело и т.п.); Азыраган - малды ӧҥжидерге, Агаш кезип, кажаган эдигер (М. Мундус-Эдоков) Чтобы укрепить здоровье выращиваемого скота, Рубите ревья, стройте скотные дворы; 3) развивать;"
11939,2,"кӧҥжиир, керсӱ кижи ӧҥжиир (Погов.) Рас-",кӧҥжиир керсӱ кижи ӧҥжиир погов рас,,,"Кӧрнӧӧлӱ от кӧҥжиир, керсӱ кижи ӧҥжиир (Погов.) Раскалённый огонь воспламенится, умный человек расцветёт ӦҤЖИТпонуд. от ӧҥжи1) улучшать; јӱрӱмди ӧҥжидер улучшать жизнь; 2) укреплять (здоровье, тело и т.п.); Азыраган - малды ӧҥжидерге, Агаш кезип, кажаган эдигер (М. Мундус-Эдоков) Чтобы укрепить здоровье выращиваемого скота, Рубите ревья, стройте скотные дворы; 3) развивать;"
11939,3,"калённый огонь воспламенится, умный чело-",калённый огонь воспламенится умный чело,,,"Кӧрнӧӧлӱ от кӧҥжиир, керсӱ кижи ӧҥжиир (Погов.) Раскалённый огонь воспламенится, умный человек расцветёт ӦҤЖИТпонуд. от ӧҥжи1) улучшать; јӱрӱмди ӧҥжидер улучшать жизнь; 2) укреплять (здоровье, тело и т.п.); Азыраган - малды ӧҥжидерге, Агаш кезип, кажаган эдигер (М. Мундус-Эдоков) Чтобы укрепить здоровье выращиваемого скота, Рубите ревья, стройте скотные дворы; 3) развивать;"
11939,4,век расцветёт,век расцветёт,,,"Кӧрнӧӧлӱ от кӧҥжиир, керсӱ кижи ӧҥжиир (Погов.) Раскалённый огонь воспламенится, умный человек расцветёт ӦҤЖИТпонуд. от ӧҥжи1) улучшать; јӱрӱмди ӧҥжидер улучшать жизнь; 2) укреплять (здоровье, тело и т.п.); Азыраган - малды ӧҥжидерге, Агаш кезип, кажаган эдигер (М. Мундус-Эдоков) Чтобы укрепить здоровье выращиваемого скота, Рубите ревья, стройте скотные дворы; 3) развивать;"
11939,5,ӦҤЖИТпонуд. от ӧҥжи1) улучшать,ӧҥжит понуд от ӧҥжи 1 улучшать,,,"Кӧрнӧӧлӱ от кӧҥжиир, керсӱ кижи ӧҥжиир (Погов.) Раскалённый огонь воспламенится, умный человек расцветёт ӦҤЖИТпонуд. от ӧҥжи1) улучшать; јӱрӱмди ӧҥжидер улучшать жизнь; 2) укреплять (здоровье, тело и т.п.); Азыраган - малды ӧҥжидерге, Агаш кезип, кажаган эдигер (М. Мундус-Эдоков) Чтобы укрепить здоровье выращиваемого скота, Рубите ревья, стройте скотные дворы; 3) развивать;"
11939,6,јӱрӱмди ӧҥжидер улучшать жизнь,јӱрӱмди ӧҥжидер улучшать жизнь,,,"Кӧрнӧӧлӱ от кӧҥжиир, керсӱ кижи ӧҥжиир (Погов.) Раскалённый огонь воспламенится, умный человек расцветёт ӦҤЖИТпонуд. от ӧҥжи1) улучшать; јӱрӱмди ӧҥжидер улучшать жизнь; 2) укреплять (здоровье, тело и т.п.); Азыраган - малды ӧҥжидерге, Агаш кезип, кажаган эдигер (М. Мундус-Эдоков) Чтобы укрепить здоровье выращиваемого скота, Рубите ревья, стройте скотные дворы; 3) развивать;"
11939,7,2) укре-,2 укре,,,"Кӧрнӧӧлӱ от кӧҥжиир, керсӱ кижи ӧҥжиир (Погов.) Раскалённый огонь воспламенится, умный человек расцветёт ӦҤЖИТпонуд. от ӧҥжи1) улучшать; јӱрӱмди ӧҥжидер улучшать жизнь; 2) укреплять (здоровье, тело и т.п.); Азыраган - малды ӧҥжидерге, Агаш кезип, кажаган эдигер (М. Мундус-Эдоков) Чтобы укрепить здоровье выращиваемого скота, Рубите ревья, стройте скотные дворы; 3) развивать;"
11939,8,"плять (здоровье, тело и т.п.)",плять здоровье тело и тп,,,"Кӧрнӧӧлӱ от кӧҥжиир, керсӱ кижи ӧҥжиир (Погов.) Раскалённый огонь воспламенится, умный человек расцветёт ӦҤЖИТпонуд. от ӧҥжи1) улучшать; јӱрӱмди ӧҥжидер улучшать жизнь; 2) укреплять (здоровье, тело и т.п.); Азыраган - малды ӧҥжидерге, Агаш кезип, кажаган эдигер (М. Мундус-Эдоков) Чтобы укрепить здоровье выращиваемого скота, Рубите ревья, стройте скотные дворы; 3) развивать;"
11939,9,Азыраган,азыраган,,,"Кӧрнӧӧлӱ от кӧҥжиир, керсӱ кижи ӧҥжиир (Погов.) Раскалённый огонь воспламенится, умный человек расцветёт ӦҤЖИТпонуд. от ӧҥжи1) улучшать; јӱрӱмди ӧҥжидер улучшать жизнь; 2) укреплять (здоровье, тело и т.п.); Азыраган - малды ӧҥжидерге, Агаш кезип, кажаган эдигер (М. Мундус-Эдоков) Чтобы укрепить здоровье выращиваемого скота, Рубите ревья, стройте скотные дворы; 3) развивать;"
11939,10,-,-,,,"Кӧрнӧӧлӱ от кӧҥжиир, керсӱ кижи ӧҥжиир (Погов.) Раскалённый огонь воспламенится, умный человек расцветёт ӦҤЖИТпонуд. от ӧҥжи1) улучшать; јӱрӱмди ӧҥжидер улучшать жизнь; 2) укреплять (здоровье, тело и т.п.); Азыраган - малды ӧҥжидерге, Агаш кезип, кажаган эдигер (М. Мундус-Эдоков) Чтобы укрепить здоровье выращиваемого скота, Рубите ревья, стройте скотные дворы; 3) развивать;"
11939,11,"малды ӧҥжидерге, Агаш кезип, кажаган",малды ӧҥжидерге агаш кезип кажаган,,,"Кӧрнӧӧлӱ от кӧҥжиир, керсӱ кижи ӧҥжиир (Погов.) Раскалённый огонь воспламенится, умный человек расцветёт ӦҤЖИТпонуд. от ӧҥжи1) улучшать; јӱрӱмди ӧҥжидер улучшать жизнь; 2) укреплять (здоровье, тело и т.п.); Азыраган - малды ӧҥжидерге, Агаш кезип, кажаган эдигер (М. Мундус-Эдоков) Чтобы укрепить здоровье выращиваемого скота, Рубите ревья, стройте скотные дворы; 3) развивать;"
11939,12,эдигер (М. Мундус-Эдоков) Чтобы укрепить,эдигер м мундусэдоков чтобы укрепить,,,"Кӧрнӧӧлӱ от кӧҥжиир, керсӱ кижи ӧҥжиир (Погов.) Раскалённый огонь воспламенится, умный человек расцветёт ӦҤЖИТпонуд. от ӧҥжи1) улучшать; јӱрӱмди ӧҥжидер улучшать жизнь; 2) укреплять (здоровье, тело и т.п.); Азыраган - малды ӧҥжидерге, Агаш кезип, кажаган эдигер (М. Мундус-Эдоков) Чтобы укрепить здоровье выращиваемого скота, Рубите ревья, стройте скотные дворы; 3) развивать;"
11939,13,"здоровье выращиваемого скота, Рубите",здоровье выращиваемого скота рубите,,,"Кӧрнӧӧлӱ от кӧҥжиир, керсӱ кижи ӧҥжиир (Погов.) Раскалённый огонь воспламенится, умный человек расцветёт ӦҤЖИТпонуд. от ӧҥжи1) улучшать; јӱрӱмди ӧҥжидер улучшать жизнь; 2) укреплять (здоровье, тело и т.п.); Азыраган - малды ӧҥжидерге, Агаш кезип, кажаган эдигер (М. Мундус-Эдоков) Чтобы укрепить здоровье выращиваемого скота, Рубите ревья, стройте скотные дворы; 3) развивать;"
11939,14,"ревья, стройте скотные дворы",ревья стройте скотные дворы,,,"Кӧрнӧӧлӱ от кӧҥжиир, керсӱ кижи ӧҥжиир (Погов.) Раскалённый огонь воспламенится, умный человек расцветёт ӦҤЖИТпонуд. от ӧҥжи1) улучшать; јӱрӱмди ӧҥжидер улучшать жизнь; 2) укреплять (здоровье, тело и т.п.); Азыраган - малды ӧҥжидерге, Агаш кезип, кажаган эдигер (М. Мундус-Эдоков) Чтобы укрепить здоровье выращиваемого скота, Рубите ревья, стройте скотные дворы; 3) развивать;"
11939,15,3) развивать,3 развивать,,,"Кӧрнӧӧлӱ от кӧҥжиир, керсӱ кижи ӧҥжиир (Погов.) Раскалённый огонь воспламенится, умный человек расцветёт ӦҤЖИТпонуд. от ӧҥжи1) улучшать; јӱрӱмди ӧҥжидер улучшать жизнь; 2) укреплять (здоровье, тело и т.п.); Азыраган - малды ӧҥжидерге, Агаш кезип, кажаган эдигер (М. Мундус-Эдоков) Чтобы укрепить здоровье выращиваемого скота, Рубите ревья, стройте скотные дворы; 3) развивать;"
11946,1,ӧзӧк-,ӧзӧк,,,"ӧзӧкбуурын ӧҥзӱредер бередить душу доӦҤЗӰРЕТИболеть, ныть; ср. ӧҥзӱре-,"
11946,2,буурын ӧҥзӱредер бередить душу,буурын ӧҥзӱредер бередить душу,,,"ӧзӧкбуурын ӧҥзӱредер бередить душу доӦҤЗӰРЕТИболеть, ныть; ср. ӧҥзӱре-,"
11946,3,"доӦҤЗӰРЕТИболеть, ныть",до ӧҥзӱрети болеть ныть,,,"ӧзӧкбуурын ӧҥзӱредер бередить душу доӦҤЗӰРЕТИболеть, ныть; ср. ӧҥзӱре-,"
11946,4,"ср. ӧҥзӱре-,",ср ӧҥзӱре,,,"ӧзӧкбуурын ӧҥзӱредер бередить душу доӦҤЗӰРЕТИболеть, ныть; ср. ӧҥзӱре-,"
11977,1,Шорлоҥкойдыҥ,шорлоҥкойдыҥ,,,"Шорлоҥкойдыҥ шогы кӧп, ӧӧрӧҥкӧйдиҥ ӧчи кӧп (Погов.) У невезучего неудач много, у обидчивого мести много ӦӦРӰкрепнуть (о теле); ср. ӧӧрӱк-;"
11977,2,"шогы кӧп, ӧӧрӧҥкӧйдиҥ ӧчи кӧп (Погов.) У",шогы кӧп ӧӧрӧҥкӧйдиҥ ӧчи кӧп погов у,,,"Шорлоҥкойдыҥ шогы кӧп, ӧӧрӧҥкӧйдиҥ ӧчи кӧп (Погов.) У невезучего неудач много, у обидчивого мести много ӦӦРӰкрепнуть (о теле); ср. ӧӧрӱк-;"
11977,3,"невезучего неудач много, у обидчивого мести",невезучего неудач много у обидчивого мести,,,"Шорлоҥкойдыҥ шогы кӧп, ӧӧрӧҥкӧйдиҥ ӧчи кӧп (Погов.) У невезучего неудач много, у обидчивого мести много ӦӦРӰкрепнуть (о теле); ср. ӧӧрӱк-;"
11977,4,много,много,,,"Шорлоҥкойдыҥ шогы кӧп, ӧӧрӧҥкӧйдиҥ ӧчи кӧп (Погов.) У невезучего неудач много, у обидчивого мести много ӦӦРӰкрепнуть (о теле); ср. ӧӧрӱк-;"
11977,5,ӦӦРӰкрепнуть (о теле),ӧӧрӱ крепнуть о теле,,,"Шорлоҥкойдыҥ шогы кӧп, ӧӧрӧҥкӧйдиҥ ӧчи кӧп (Погов.) У невезучего неудач много, у обидчивого мести много ӦӦРӰкрепнуть (о теле); ср. ӧӧрӱк-;"
11977,6,ср. ӧӧрӱк-,ср ӧӧрӱк,,,"Шорлоҥкойдыҥ шогы кӧп, ӧӧрӧҥкӧйдиҥ ӧчи кӧп (Погов.) У невезучего неудач много, у обидчивого мести много ӦӦРӰкрепнуть (о теле); ср. ӧӧрӱк-;"
11979,1,ӧӧч тартынар втягивать воздух,ӧӧч тартынар втягивать воздух,,,"ӧӧч тартынар втягивать воздух; Кызыл кыл ӧӧч (Погов.) Еле-еле душа в теле (букв. Красное дыхание, трахея с волоск) ӦӦШ трахея, дыхательное горло; ср. ӧӧч; ♦ ӧӧш тартынар втягивать воздух ӦР1) плести; вить, скручивать; кайыш ӧрӧр плести кожаный ремень; калама ӧрӧр корзину; армакчы ӧрӧр скручивать 2) заплетать; чач ӧрӧр заплетать воӦРГӦӦ 1) дворец; ср. байзыҥ; алтын золотой дворец; каанныҥ ӧргӧӧзи -"
11979,2,Кызыл,кызыл,,,"ӧӧч тартынар втягивать воздух; Кызыл кыл ӧӧч (Погов.) Еле-еле душа в теле (букв. Красное дыхание, трахея с волоск) ӦӦШ трахея, дыхательное горло; ср. ӧӧч; ♦ ӧӧш тартынар втягивать воздух ӦР1) плести; вить, скручивать; кайыш ӧрӧр плести кожаный ремень; калама ӧрӧр корзину; армакчы ӧрӧр скручивать 2) заплетать; чач ӧрӧр заплетать воӦРГӦӦ 1) дворец; ср. байзыҥ; алтын золотой дворец; каанныҥ ӧргӧӧзи -"
11979,3,кыл ӧӧч (Погов.) Еле-еле душа в теле,кыл ӧӧч погов елееле душа в теле,,,"ӧӧч тартынар втягивать воздух; Кызыл кыл ӧӧч (Погов.) Еле-еле душа в теле (букв. Красное дыхание, трахея с волоск) ӦӦШ трахея, дыхательное горло; ср. ӧӧч; ♦ ӧӧш тартынар втягивать воздух ӦР1) плести; вить, скручивать; кайыш ӧрӧр плести кожаный ремень; калама ӧрӧр корзину; армакчы ӧрӧр скручивать 2) заплетать; чач ӧрӧр заплетать воӦРГӦӦ 1) дворец; ср. байзыҥ; алтын золотой дворец; каанныҥ ӧргӧӧзи -"
11979,4,"(букв. Красное дыхание, трахея с волоск)",букв красное дыхание трахея с волоск,,,"ӧӧч тартынар втягивать воздух; Кызыл кыл ӧӧч (Погов.) Еле-еле душа в теле (букв. Красное дыхание, трахея с волоск) ӦӦШ трахея, дыхательное горло; ср. ӧӧч; ♦ ӧӧш тартынар втягивать воздух ӦР1) плести; вить, скручивать; кайыш ӧрӧр плести кожаный ремень; калама ӧрӧр корзину; армакчы ӧрӧр скручивать 2) заплетать; чач ӧрӧр заплетать воӦРГӦӦ 1) дворец; ср. байзыҥ; алтын золотой дворец; каанныҥ ӧргӧӧзи -"
11979,5,"ӦӦШ трахея, дыхательное горло",ӧӧш трахея дыхательное горло,,,"ӧӧч тартынар втягивать воздух; Кызыл кыл ӧӧч (Погов.) Еле-еле душа в теле (букв. Красное дыхание, трахея с волоск) ӦӦШ трахея, дыхательное горло; ср. ӧӧч; ♦ ӧӧш тартынар втягивать воздух ӦР1) плести; вить, скручивать; кайыш ӧрӧр плести кожаный ремень; калама ӧрӧр корзину; армакчы ӧрӧр скручивать 2) заплетать; чач ӧрӧр заплетать воӦРГӦӦ 1) дворец; ср. байзыҥ; алтын золотой дворец; каанныҥ ӧргӧӧзи -"
11979,6,ср. ӧӧч,ср ӧӧч,,,"ӧӧч тартынар втягивать воздух; Кызыл кыл ӧӧч (Погов.) Еле-еле душа в теле (букв. Красное дыхание, трахея с волоск) ӦӦШ трахея, дыхательное горло; ср. ӧӧч; ♦ ӧӧш тартынар втягивать воздух ӦР1) плести; вить, скручивать; кайыш ӧрӧр плести кожаный ремень; калама ӧрӧр корзину; армакчы ӧрӧр скручивать 2) заплетать; чач ӧрӧр заплетать воӦРГӦӦ 1) дворец; ср. байзыҥ; алтын золотой дворец; каанныҥ ӧргӧӧзи -"
11979,7,♦ ӧӧш тартынар втягивать воздух,ӧӧш тартынар втягивать воздух,,,"ӧӧч тартынар втягивать воздух; Кызыл кыл ӧӧч (Погов.) Еле-еле душа в теле (букв. Красное дыхание, трахея с волоск) ӦӦШ трахея, дыхательное горло; ср. ӧӧч; ♦ ӧӧш тартынар втягивать воздух ӦР1) плести; вить, скручивать; кайыш ӧрӧр плести кожаный ремень; калама ӧрӧр корзину; армакчы ӧрӧр скручивать 2) заплетать; чач ӧрӧр заплетать воӦРГӦӦ 1) дворец; ср. байзыҥ; алтын золотой дворец; каанныҥ ӧргӧӧзи -"
11979,8,ӦР1) плести,ӧр 1 плести,,,"ӧӧч тартынар втягивать воздух; Кызыл кыл ӧӧч (Погов.) Еле-еле душа в теле (букв. Красное дыхание, трахея с волоск) ӦӦШ трахея, дыхательное горло; ср. ӧӧч; ♦ ӧӧш тартынар втягивать воздух ӦР1) плести; вить, скручивать; кайыш ӧрӧр плести кожаный ремень; калама ӧрӧр корзину; армакчы ӧрӧр скручивать 2) заплетать; чач ӧрӧр заплетать воӦРГӦӦ 1) дворец; ср. байзыҥ; алтын золотой дворец; каанныҥ ӧргӧӧзи -"
11979,9,"вить, скручивать",вить скручивать,,,"ӧӧч тартынар втягивать воздух; Кызыл кыл ӧӧч (Погов.) Еле-еле душа в теле (букв. Красное дыхание, трахея с волоск) ӦӦШ трахея, дыхательное горло; ср. ӧӧч; ♦ ӧӧш тартынар втягивать воздух ӦР1) плести; вить, скручивать; кайыш ӧрӧр плести кожаный ремень; калама ӧрӧр корзину; армакчы ӧрӧр скручивать 2) заплетать; чач ӧрӧр заплетать воӦРГӦӦ 1) дворец; ср. байзыҥ; алтын золотой дворец; каанныҥ ӧргӧӧзи -"
11979,10,кайыш,кайыш,,,"ӧӧч тартынар втягивать воздух; Кызыл кыл ӧӧч (Погов.) Еле-еле душа в теле (букв. Красное дыхание, трахея с волоск) ӦӦШ трахея, дыхательное горло; ср. ӧӧч; ♦ ӧӧш тартынар втягивать воздух ӦР1) плести; вить, скручивать; кайыш ӧрӧр плести кожаный ремень; калама ӧрӧр корзину; армакчы ӧрӧр скручивать 2) заплетать; чач ӧрӧр заплетать воӦРГӦӦ 1) дворец; ср. байзыҥ; алтын золотой дворец; каанныҥ ӧргӧӧзи -"
11979,11,ӧрӧр плести кожаный ремень,ӧрӧр плести кожаный ремень,,,"ӧӧч тартынар втягивать воздух; Кызыл кыл ӧӧч (Погов.) Еле-еле душа в теле (букв. Красное дыхание, трахея с волоск) ӦӦШ трахея, дыхательное горло; ср. ӧӧч; ♦ ӧӧш тартынар втягивать воздух ӦР1) плести; вить, скручивать; кайыш ӧрӧр плести кожаный ремень; калама ӧрӧр корзину; армакчы ӧрӧр скручивать 2) заплетать; чач ӧрӧр заплетать воӦРГӦӦ 1) дворец; ср. байзыҥ; алтын золотой дворец; каанныҥ ӧргӧӧзи -"
11979,12,калама ӧрӧр,калама ӧрӧр,,,"ӧӧч тартынар втягивать воздух; Кызыл кыл ӧӧч (Погов.) Еле-еле душа в теле (букв. Красное дыхание, трахея с волоск) ӦӦШ трахея, дыхательное горло; ср. ӧӧч; ♦ ӧӧш тартынар втягивать воздух ӦР1) плести; вить, скручивать; кайыш ӧрӧр плести кожаный ремень; калама ӧрӧр корзину; армакчы ӧрӧр скручивать 2) заплетать; чач ӧрӧр заплетать воӦРГӦӦ 1) дворец; ср. байзыҥ; алтын золотой дворец; каанныҥ ӧргӧӧзи -"
11979,13,корзину,корзину,,,"ӧӧч тартынар втягивать воздух; Кызыл кыл ӧӧч (Погов.) Еле-еле душа в теле (букв. Красное дыхание, трахея с волоск) ӦӦШ трахея, дыхательное горло; ср. ӧӧч; ♦ ӧӧш тартынар втягивать воздух ӦР1) плести; вить, скручивать; кайыш ӧрӧр плести кожаный ремень; калама ӧрӧр корзину; армакчы ӧрӧр скручивать 2) заплетать; чач ӧрӧр заплетать воӦРГӦӦ 1) дворец; ср. байзыҥ; алтын золотой дворец; каанныҥ ӧргӧӧзи -"
11979,14,армакчы ӧрӧр скручивать,армакчы ӧрӧр скручивать,,,"ӧӧч тартынар втягивать воздух; Кызыл кыл ӧӧч (Погов.) Еле-еле душа в теле (букв. Красное дыхание, трахея с волоск) ӦӦШ трахея, дыхательное горло; ср. ӧӧч; ♦ ӧӧш тартынар втягивать воздух ӦР1) плести; вить, скручивать; кайыш ӧрӧр плести кожаный ремень; калама ӧрӧр корзину; армакчы ӧрӧр скручивать 2) заплетать; чач ӧрӧр заплетать воӦРГӦӦ 1) дворец; ср. байзыҥ; алтын золотой дворец; каанныҥ ӧргӧӧзи -"
11979,15,2) заплетать,2 заплетать,,,"ӧӧч тартынар втягивать воздух; Кызыл кыл ӧӧч (Погов.) Еле-еле душа в теле (букв. Красное дыхание, трахея с волоск) ӦӦШ трахея, дыхательное горло; ср. ӧӧч; ♦ ӧӧш тартынар втягивать воздух ӦР1) плести; вить, скручивать; кайыш ӧрӧр плести кожаный ремень; калама ӧрӧр корзину; армакчы ӧрӧр скручивать 2) заплетать; чач ӧрӧр заплетать воӦРГӦӦ 1) дворец; ср. байзыҥ; алтын золотой дворец; каанныҥ ӧргӧӧзи -"
11979,16,чач ӧрӧр заплетать во-,чач ӧрӧр заплетать во,,,"ӧӧч тартынар втягивать воздух; Кызыл кыл ӧӧч (Погов.) Еле-еле душа в теле (букв. Красное дыхание, трахея с волоск) ӦӦШ трахея, дыхательное горло; ср. ӧӧч; ♦ ӧӧш тартынар втягивать воздух ӦР1) плести; вить, скручивать; кайыш ӧрӧр плести кожаный ремень; калама ӧрӧр корзину; армакчы ӧрӧр скручивать 2) заплетать; чач ӧрӧр заплетать воӦРГӦӦ 1) дворец; ср. байзыҥ; алтын золотой дворец; каанныҥ ӧргӧӧзи -"
11979,17,ӦРГӦӦ 1) дворец,ӧргӧӧ 1 дворец,,,"ӧӧч тартынар втягивать воздух; Кызыл кыл ӧӧч (Погов.) Еле-еле душа в теле (букв. Красное дыхание, трахея с волоск) ӦӦШ трахея, дыхательное горло; ср. ӧӧч; ♦ ӧӧш тартынар втягивать воздух ӦР1) плести; вить, скручивать; кайыш ӧрӧр плести кожаный ремень; калама ӧрӧр корзину; армакчы ӧрӧр скручивать 2) заплетать; чач ӧрӧр заплетать воӦРГӦӦ 1) дворец; ср. байзыҥ; алтын золотой дворец; каанныҥ ӧргӧӧзи -"
11979,18,ср. байзыҥ,ср байзыҥ,,,"ӧӧч тартынар втягивать воздух; Кызыл кыл ӧӧч (Погов.) Еле-еле душа в теле (букв. Красное дыхание, трахея с волоск) ӦӦШ трахея, дыхательное горло; ср. ӧӧч; ♦ ӧӧш тартынар втягивать воздух ӦР1) плести; вить, скручивать; кайыш ӧрӧр плести кожаный ремень; калама ӧрӧр корзину; армакчы ӧрӧр скручивать 2) заплетать; чач ӧрӧр заплетать воӦРГӦӦ 1) дворец; ср. байзыҥ; алтын золотой дворец; каанныҥ ӧргӧӧзи -"
11979,19,алтын,алтын,,,"ӧӧч тартынар втягивать воздух; Кызыл кыл ӧӧч (Погов.) Еле-еле душа в теле (букв. Красное дыхание, трахея с волоск) ӦӦШ трахея, дыхательное горло; ср. ӧӧч; ♦ ӧӧш тартынар втягивать воздух ӦР1) плести; вить, скручивать; кайыш ӧрӧр плести кожаный ремень; калама ӧрӧр корзину; армакчы ӧрӧр скручивать 2) заплетать; чач ӧрӧр заплетать воӦРГӦӦ 1) дворец; ср. байзыҥ; алтын золотой дворец; каанныҥ ӧргӧӧзи -"
11979,20,золотой дворец,золотой дворец,,,"ӧӧч тартынар втягивать воздух; Кызыл кыл ӧӧч (Погов.) Еле-еле душа в теле (букв. Красное дыхание, трахея с волоск) ӦӦШ трахея, дыхательное горло; ср. ӧӧч; ♦ ӧӧш тартынар втягивать воздух ӦР1) плести; вить, скручивать; кайыш ӧрӧр плести кожаный ремень; калама ӧрӧр корзину; армакчы ӧрӧр скручивать 2) заплетать; чач ӧрӧр заплетать воӦРГӦӦ 1) дворец; ср. байзыҥ; алтын золотой дворец; каанныҥ ӧргӧӧзи -"
11979,21,каанныҥ ӧргӧӧзи,каанныҥ ӧргӧӧзи,,,"ӧӧч тартынар втягивать воздух; Кызыл кыл ӧӧч (Погов.) Еле-еле душа в теле (букв. Красное дыхание, трахея с волоск) ӦӦШ трахея, дыхательное горло; ср. ӧӧч; ♦ ӧӧш тартынар втягивать воздух ӦР1) плести; вить, скручивать; кайыш ӧрӧр плести кожаный ремень; калама ӧрӧр корзину; армакчы ӧрӧр скручивать 2) заплетать; чач ӧрӧр заплетать воӦРГӦӦ 1) дворец; ср. байзыҥ; алтын золотой дворец; каанныҥ ӧргӧӧзи -"
11979,22,-,-,,,"ӧӧч тартынар втягивать воздух; Кызыл кыл ӧӧч (Погов.) Еле-еле душа в теле (букв. Красное дыхание, трахея с волоск) ӦӦШ трахея, дыхательное горло; ср. ӧӧч; ♦ ӧӧш тартынар втягивать воздух ӦР1) плести; вить, скручивать; кайыш ӧрӧр плести кожаный ремень; калама ӧрӧр корзину; армакчы ӧрӧр скручивать 2) заплетать; чач ӧрӧр заплетать воӦРГӦӦ 1) дворец; ср. байзыҥ; алтын золотой дворец; каанныҥ ӧргӧӧзи -"
11982,1,ӧрӧ кӧдӱрилер (чыгар) пойти в гору,ӧрӧ кӧдӱрилер чыгар пойти в гору,,,ӧрӧ кӧдӱрилер (чыгар) пойти в гору;
11988,1,Агаш,агаш,,,"Агаш узунду-кыскалу болор, jӱрӱм — ӧрӧлӱтӧмӧндӱ болор (Посл.) Деревья высокими и низкими бывают, жизнь — и хорошей, и плохой бывает ӦРӦМӦ топлёные сливки; ӧрӧмӧ jиир есть топлёные сливки"
11988,2,"узунду-кыскалу болор, jӱрӱм",узундукыскалу болор jӱрӱм,ӧрӧлӱ-,,"Агаш узунду-кыскалу болор, jӱрӱм — ӧрӧлӱтӧмӧндӱ болор (Посл.) Деревья высокими и низкими бывают, жизнь — и хорошей, и плохой бывает ӦРӦМӦ топлёные сливки; ӧрӧмӧ jиир есть топлёные сливки"
11988,3,тӧмӧндӱ болор (Посл.) Деревья высокими и,тӧмӧндӱ болор посл деревья высокими и,,,"Агаш узунду-кыскалу болор, jӱрӱм — ӧрӧлӱтӧмӧндӱ болор (Посл.) Деревья высокими и низкими бывают, жизнь — и хорошей, и плохой бывает ӦРӦМӦ топлёные сливки; ӧрӧмӧ jиир есть топлёные сливки"
11988,4,"низкими бывают, жизнь",низкими бывают жизнь,"и хорошей, и пло-",,"Агаш узунду-кыскалу болор, jӱрӱм — ӧрӧлӱтӧмӧндӱ болор (Посл.) Деревья высокими и низкими бывают, жизнь — и хорошей, и плохой бывает ӦРӦМӦ топлёные сливки; ӧрӧмӧ jиир есть топлёные сливки"
11988,5,хой бывает,хой бывает,,,"Агаш узунду-кыскалу болор, jӱрӱм — ӧрӧлӱтӧмӧндӱ болор (Посл.) Деревья высокими и низкими бывают, жизнь — и хорошей, и плохой бывает ӦРӦМӦ топлёные сливки; ӧрӧмӧ jиир есть топлёные сливки"
11988,6,ӦРӦМӦ топлёные сливки,ӧрӧмӧ топлёные сливки,,,"Агаш узунду-кыскалу болор, jӱрӱм — ӧрӧлӱтӧмӧндӱ болор (Посл.) Деревья высокими и низкими бывают, жизнь — и хорошей, и плохой бывает ӦРӦМӦ топлёные сливки; ӧрӧмӧ jиир есть топлёные сливки"
11988,7,ӧрӧмӧ jиир,ӧрӧмӧ jиир,,,"Агаш узунду-кыскалу болор, jӱрӱм — ӧрӧлӱтӧмӧндӱ болор (Посл.) Деревья высокими и низкими бывают, жизнь — и хорошей, и плохой бывает ӦРӦМӦ топлёные сливки; ӧрӧмӧ jиир есть топлёные сливки"
11988,8,есть топлёные сливки,есть топлёные сливки,,,"Агаш узунду-кыскалу болор, jӱрӱм — ӧрӧлӱтӧмӧндӱ болор (Посл.) Деревья высокими и низкими бывают, жизнь — и хорошей, и плохой бывает ӦРӦМӦ топлёные сливки; ӧрӧмӧ jиир есть топлёные сливки"
11991,1,тегин јердеҥ ӧрт чыкпас нет,тегин јердеҥ ӧрт чыкпас нет,,,"тегин јердеҥ ӧрт чыкпас нет дыма без огня с ӦРТ-JАЛБЫШ огонь, пламя; Бу ла кӧп эрмек айтпас, тыш jанынаҥ кӧрзӧ, jобош кижиниҥ кӧксинде кандый ӧрт-jалбыш кӱйӱп турганын кем билер? (А. Адаров)"
11991,2,дыма без огня,дыма без огня,,,"тегин јердеҥ ӧрт чыкпас нет дыма без огня с ӦРТ-JАЛБЫШ огонь, пламя; Бу ла кӧп эрмек айтпас, тыш jанынаҥ кӧрзӧ, jобош кижиниҥ кӧксинде кандый ӧрт-jалбыш кӱйӱп турганын кем билер? (А. Адаров)"
11991,3,"с ӦРТ-JАЛБЫШ огонь, пламя",с ӧртjалбыш огонь пламя,,,"тегин јердеҥ ӧрт чыкпас нет дыма без огня с ӦРТ-JАЛБЫШ огонь, пламя; Бу ла кӧп эрмек айтпас, тыш jанынаҥ кӧрзӧ, jобош кижиниҥ кӧксинде кандый ӧрт-jалбыш кӱйӱп турганын кем билер? (А. Адаров)"
11991,4,Бу ла кӧп,бу ла кӧп,,,"тегин јердеҥ ӧрт чыкпас нет дыма без огня с ӦРТ-JАЛБЫШ огонь, пламя; Бу ла кӧп эрмек айтпас, тыш jанынаҥ кӧрзӧ, jобош кижиниҥ кӧксинде кандый ӧрт-jалбыш кӱйӱп турганын кем билер? (А. Адаров)"
11991,5,"эрмек айтпас, тыш jанынаҥ кӧрзӧ, jобош",эрмек айтпас тыш jанынаҥ кӧрзӧ jобош,,,"тегин јердеҥ ӧрт чыкпас нет дыма без огня с ӦРТ-JАЛБЫШ огонь, пламя; Бу ла кӧп эрмек айтпас, тыш jанынаҥ кӧрзӧ, jобош кижиниҥ кӧксинде кандый ӧрт-jалбыш кӱйӱп турганын кем билер? (А. Адаров)"
11991,6,кижиниҥ кӧксинде кандый ӧрт-jалбыш,кижиниҥ кӧксинде кандый ӧртjалбыш,,,"тегин јердеҥ ӧрт чыкпас нет дыма без огня с ӦРТ-JАЛБЫШ огонь, пламя; Бу ла кӧп эрмек айтпас, тыш jанынаҥ кӧрзӧ, jобош кижиниҥ кӧксинде кандый ӧрт-jалбыш кӱйӱп турганын кем билер? (А. Адаров)"
11991,7,кӱйӱп турганын кем билер? (А. Адаров),кӱйӱп турганын кем билер а адаров,,,"тегин јердеҥ ӧрт чыкпас нет дыма без огня с ӦРТ-JАЛБЫШ огонь, пламя; Бу ла кӧп эрмек айтпас, тыш jанынаҥ кӧрзӧ, jобош кижиниҥ кӧксинде кандый ӧрт-jалбыш кӱйӱп турганын кем билер? (А. Адаров)"
12013,1,ӧс адалгыштар грам.,ӧс адалгыштар грам,,,"ӧс адалгыштар грам. имена собственные ӦС1) расти, вырастать, подрастать; балдар јайымда ӧскӧн дети выросли на свободе; 2) расти, произрастать; мында чечектер ӧзӧт здесь растут цветы; 3) отрастать; оныҥ сагалы ӧзӱп калды его борода отросла; койдыҥ тӱги ӧзӱп келди шерсть овцы отросла; 4) увеличиваться, приумножаться; Колхозто - мал кӧптӧгӧн, кирелте ӧскӧн… (Ч. Чунижеков) В колхозе скот приумножился, прибыль выросла…; Jуртка jурт кожулар. Албатыjон ӧзӧр (Т. Акулова) К семье прибавится мья. Народ увеличится; 5) перен. расти, виваться; ишчиге ӧзӧргӧ болужар помогать работнику развиваться ӦСКӦ 1. 1) другой, иной, прочий; куучын другой разговор; А мен ӧскӧ чактыҥ кижизи (А. Адаров) А я человек из другого века; 2) чужой; ӧскӧ улуска эжик ачпас открывать дверь чужим людям; 2. в знач. другой; Яким оҥдоп ийеле, озо Тойбоҥло, оноҥ ӧскӧлӧриле эзендешти (С. Суразаков)"
12013,2,имена собственные,имена собственные,,,"ӧс адалгыштар грам. имена собственные ӦС1) расти, вырастать, подрастать; балдар јайымда ӧскӧн дети выросли на свободе; 2) расти, произрастать; мында чечектер ӧзӧт здесь растут цветы; 3) отрастать; оныҥ сагалы ӧзӱп калды его борода отросла; койдыҥ тӱги ӧзӱп келди шерсть овцы отросла; 4) увеличиваться, приумножаться; Колхозто - мал кӧптӧгӧн, кирелте ӧскӧн… (Ч. Чунижеков) В колхозе скот приумножился, прибыль выросла…; Jуртка jурт кожулар. Албатыjон ӧзӧр (Т. Акулова) К семье прибавится мья. Народ увеличится; 5) перен. расти, виваться; ишчиге ӧзӧргӧ болужар помогать работнику развиваться ӦСКӦ 1. 1) другой, иной, прочий; куучын другой разговор; А мен ӧскӧ чактыҥ кижизи (А. Адаров) А я человек из другого века; 2) чужой; ӧскӧ улуска эжик ачпас открывать дверь чужим людям; 2. в знач. другой; Яким оҥдоп ийеле, озо Тойбоҥло, оноҥ ӧскӧлӧриле эзендешти (С. Суразаков)"
12013,3,"ӦС1) расти, вырастать, подрастать",ӧс 1 расти вырастать подрастать,,,"ӧс адалгыштар грам. имена собственные ӦС1) расти, вырастать, подрастать; балдар јайымда ӧскӧн дети выросли на свободе; 2) расти, произрастать; мында чечектер ӧзӧт здесь растут цветы; 3) отрастать; оныҥ сагалы ӧзӱп калды его борода отросла; койдыҥ тӱги ӧзӱп келди шерсть овцы отросла; 4) увеличиваться, приумножаться; Колхозто - мал кӧптӧгӧн, кирелте ӧскӧн… (Ч. Чунижеков) В колхозе скот приумножился, прибыль выросла…; Jуртка jурт кожулар. Албатыjон ӧзӧр (Т. Акулова) К семье прибавится мья. Народ увеличится; 5) перен. расти, виваться; ишчиге ӧзӧргӧ болужар помогать работнику развиваться ӦСКӦ 1. 1) другой, иной, прочий; куучын другой разговор; А мен ӧскӧ чактыҥ кижизи (А. Адаров) А я человек из другого века; 2) чужой; ӧскӧ улуска эжик ачпас открывать дверь чужим людям; 2. в знач. другой; Яким оҥдоп ийеле, озо Тойбоҥло, оноҥ ӧскӧлӧриле эзендешти (С. Суразаков)"
12013,4,бал-,бал,,,"ӧс адалгыштар грам. имена собственные ӦС1) расти, вырастать, подрастать; балдар јайымда ӧскӧн дети выросли на свободе; 2) расти, произрастать; мында чечектер ӧзӧт здесь растут цветы; 3) отрастать; оныҥ сагалы ӧзӱп калды его борода отросла; койдыҥ тӱги ӧзӱп келди шерсть овцы отросла; 4) увеличиваться, приумножаться; Колхозто - мал кӧптӧгӧн, кирелте ӧскӧн… (Ч. Чунижеков) В колхозе скот приумножился, прибыль выросла…; Jуртка jурт кожулар. Албатыjон ӧзӧр (Т. Акулова) К семье прибавится мья. Народ увеличится; 5) перен. расти, виваться; ишчиге ӧзӧргӧ болужар помогать работнику развиваться ӦСКӦ 1. 1) другой, иной, прочий; куучын другой разговор; А мен ӧскӧ чактыҥ кижизи (А. Адаров) А я человек из другого века; 2) чужой; ӧскӧ улуска эжик ачпас открывать дверь чужим людям; 2. в знач. другой; Яким оҥдоп ийеле, озо Тойбоҥло, оноҥ ӧскӧлӧриле эзендешти (С. Суразаков)"
12013,5,дар јайымда ӧскӧн дети выросли на свободе,дар јайымда ӧскӧн дети выросли на свободе,,,"ӧс адалгыштар грам. имена собственные ӦС1) расти, вырастать, подрастать; балдар јайымда ӧскӧн дети выросли на свободе; 2) расти, произрастать; мында чечектер ӧзӧт здесь растут цветы; 3) отрастать; оныҥ сагалы ӧзӱп калды его борода отросла; койдыҥ тӱги ӧзӱп келди шерсть овцы отросла; 4) увеличиваться, приумножаться; Колхозто - мал кӧптӧгӧн, кирелте ӧскӧн… (Ч. Чунижеков) В колхозе скот приумножился, прибыль выросла…; Jуртка jурт кожулар. Албатыjон ӧзӧр (Т. Акулова) К семье прибавится мья. Народ увеличится; 5) перен. расти, виваться; ишчиге ӧзӧргӧ болужар помогать работнику развиваться ӦСКӦ 1. 1) другой, иной, прочий; куучын другой разговор; А мен ӧскӧ чактыҥ кижизи (А. Адаров) А я человек из другого века; 2) чужой; ӧскӧ улуска эжик ачпас открывать дверь чужим людям; 2. в знач. другой; Яким оҥдоп ийеле, озо Тойбоҥло, оноҥ ӧскӧлӧриле эзендешти (С. Суразаков)"
12013,6,"2) расти, произрастать",2 расти произрастать,,,"ӧс адалгыштар грам. имена собственные ӦС1) расти, вырастать, подрастать; балдар јайымда ӧскӧн дети выросли на свободе; 2) расти, произрастать; мында чечектер ӧзӧт здесь растут цветы; 3) отрастать; оныҥ сагалы ӧзӱп калды его борода отросла; койдыҥ тӱги ӧзӱп келди шерсть овцы отросла; 4) увеличиваться, приумножаться; Колхозто - мал кӧптӧгӧн, кирелте ӧскӧн… (Ч. Чунижеков) В колхозе скот приумножился, прибыль выросла…; Jуртка jурт кожулар. Албатыjон ӧзӧр (Т. Акулова) К семье прибавится мья. Народ увеличится; 5) перен. расти, виваться; ишчиге ӧзӧргӧ болужар помогать работнику развиваться ӦСКӦ 1. 1) другой, иной, прочий; куучын другой разговор; А мен ӧскӧ чактыҥ кижизи (А. Адаров) А я человек из другого века; 2) чужой; ӧскӧ улуска эжик ачпас открывать дверь чужим людям; 2. в знач. другой; Яким оҥдоп ийеле, озо Тойбоҥло, оноҥ ӧскӧлӧриле эзендешти (С. Суразаков)"
12013,7,мында чечектер ӧзӧт,мында чечектер ӧзӧт,,,"ӧс адалгыштар грам. имена собственные ӦС1) расти, вырастать, подрастать; балдар јайымда ӧскӧн дети выросли на свободе; 2) расти, произрастать; мында чечектер ӧзӧт здесь растут цветы; 3) отрастать; оныҥ сагалы ӧзӱп калды его борода отросла; койдыҥ тӱги ӧзӱп келди шерсть овцы отросла; 4) увеличиваться, приумножаться; Колхозто - мал кӧптӧгӧн, кирелте ӧскӧн… (Ч. Чунижеков) В колхозе скот приумножился, прибыль выросла…; Jуртка jурт кожулар. Албатыjон ӧзӧр (Т. Акулова) К семье прибавится мья. Народ увеличится; 5) перен. расти, виваться; ишчиге ӧзӧргӧ болужар помогать работнику развиваться ӦСКӦ 1. 1) другой, иной, прочий; куучын другой разговор; А мен ӧскӧ чактыҥ кижизи (А. Адаров) А я человек из другого века; 2) чужой; ӧскӧ улуска эжик ачпас открывать дверь чужим людям; 2. в знач. другой; Яким оҥдоп ийеле, озо Тойбоҥло, оноҥ ӧскӧлӧриле эзендешти (С. Суразаков)"
12013,8,здесь растут цветы,здесь растут цветы,,,"ӧс адалгыштар грам. имена собственные ӦС1) расти, вырастать, подрастать; балдар јайымда ӧскӧн дети выросли на свободе; 2) расти, произрастать; мында чечектер ӧзӧт здесь растут цветы; 3) отрастать; оныҥ сагалы ӧзӱп калды его борода отросла; койдыҥ тӱги ӧзӱп келди шерсть овцы отросла; 4) увеличиваться, приумножаться; Колхозто - мал кӧптӧгӧн, кирелте ӧскӧн… (Ч. Чунижеков) В колхозе скот приумножился, прибыль выросла…; Jуртка jурт кожулар. Албатыjон ӧзӧр (Т. Акулова) К семье прибавится мья. Народ увеличится; 5) перен. расти, виваться; ишчиге ӧзӧргӧ болужар помогать работнику развиваться ӦСКӦ 1. 1) другой, иной, прочий; куучын другой разговор; А мен ӧскӧ чактыҥ кижизи (А. Адаров) А я человек из другого века; 2) чужой; ӧскӧ улуска эжик ачпас открывать дверь чужим людям; 2. в знач. другой; Яким оҥдоп ийеле, озо Тойбоҥло, оноҥ ӧскӧлӧриле эзендешти (С. Суразаков)"
12013,9,3) отрастать,3 отрастать,,,"ӧс адалгыштар грам. имена собственные ӦС1) расти, вырастать, подрастать; балдар јайымда ӧскӧн дети выросли на свободе; 2) расти, произрастать; мында чечектер ӧзӧт здесь растут цветы; 3) отрастать; оныҥ сагалы ӧзӱп калды его борода отросла; койдыҥ тӱги ӧзӱп келди шерсть овцы отросла; 4) увеличиваться, приумножаться; Колхозто - мал кӧптӧгӧн, кирелте ӧскӧн… (Ч. Чунижеков) В колхозе скот приумножился, прибыль выросла…; Jуртка jурт кожулар. Албатыjон ӧзӧр (Т. Акулова) К семье прибавится мья. Народ увеличится; 5) перен. расти, виваться; ишчиге ӧзӧргӧ болужар помогать работнику развиваться ӦСКӦ 1. 1) другой, иной, прочий; куучын другой разговор; А мен ӧскӧ чактыҥ кижизи (А. Адаров) А я человек из другого века; 2) чужой; ӧскӧ улуска эжик ачпас открывать дверь чужим людям; 2. в знач. другой; Яким оҥдоп ийеле, озо Тойбоҥло, оноҥ ӧскӧлӧриле эзендешти (С. Суразаков)"
12013,10,оныҥ сага-,оныҥ сага,,,"ӧс адалгыштар грам. имена собственные ӦС1) расти, вырастать, подрастать; балдар јайымда ӧскӧн дети выросли на свободе; 2) расти, произрастать; мында чечектер ӧзӧт здесь растут цветы; 3) отрастать; оныҥ сагалы ӧзӱп калды его борода отросла; койдыҥ тӱги ӧзӱп келди шерсть овцы отросла; 4) увеличиваться, приумножаться; Колхозто - мал кӧптӧгӧн, кирелте ӧскӧн… (Ч. Чунижеков) В колхозе скот приумножился, прибыль выросла…; Jуртка jурт кожулар. Албатыjон ӧзӧр (Т. Акулова) К семье прибавится мья. Народ увеличится; 5) перен. расти, виваться; ишчиге ӧзӧргӧ болужар помогать работнику развиваться ӦСКӦ 1. 1) другой, иной, прочий; куучын другой разговор; А мен ӧскӧ чактыҥ кижизи (А. Адаров) А я человек из другого века; 2) чужой; ӧскӧ улуска эжик ачпас открывать дверь чужим людям; 2. в знач. другой; Яким оҥдоп ийеле, озо Тойбоҥло, оноҥ ӧскӧлӧриле эзендешти (С. Суразаков)"
12013,11,лы ӧзӱп калды его борода отросла,лы ӧзӱп калды его борода отросла,,,"ӧс адалгыштар грам. имена собственные ӦС1) расти, вырастать, подрастать; балдар јайымда ӧскӧн дети выросли на свободе; 2) расти, произрастать; мында чечектер ӧзӧт здесь растут цветы; 3) отрастать; оныҥ сагалы ӧзӱп калды его борода отросла; койдыҥ тӱги ӧзӱп келди шерсть овцы отросла; 4) увеличиваться, приумножаться; Колхозто - мал кӧптӧгӧн, кирелте ӧскӧн… (Ч. Чунижеков) В колхозе скот приумножился, прибыль выросла…; Jуртка jурт кожулар. Албатыjон ӧзӧр (Т. Акулова) К семье прибавится мья. Народ увеличится; 5) перен. расти, виваться; ишчиге ӧзӧргӧ болужар помогать работнику развиваться ӦСКӦ 1. 1) другой, иной, прочий; куучын другой разговор; А мен ӧскӧ чактыҥ кижизи (А. Адаров) А я человек из другого века; 2) чужой; ӧскӧ улуска эжик ачпас открывать дверь чужим людям; 2. в знач. другой; Яким оҥдоп ийеле, озо Тойбоҥло, оноҥ ӧскӧлӧриле эзендешти (С. Суразаков)"
12013,12,койдыҥ,койдыҥ,,,"ӧс адалгыштар грам. имена собственные ӦС1) расти, вырастать, подрастать; балдар јайымда ӧскӧн дети выросли на свободе; 2) расти, произрастать; мында чечектер ӧзӧт здесь растут цветы; 3) отрастать; оныҥ сагалы ӧзӱп калды его борода отросла; койдыҥ тӱги ӧзӱп келди шерсть овцы отросла; 4) увеличиваться, приумножаться; Колхозто - мал кӧптӧгӧн, кирелте ӧскӧн… (Ч. Чунижеков) В колхозе скот приумножился, прибыль выросла…; Jуртка jурт кожулар. Албатыjон ӧзӧр (Т. Акулова) К семье прибавится мья. Народ увеличится; 5) перен. расти, виваться; ишчиге ӧзӧргӧ болужар помогать работнику развиваться ӦСКӦ 1. 1) другой, иной, прочий; куучын другой разговор; А мен ӧскӧ чактыҥ кижизи (А. Адаров) А я человек из другого века; 2) чужой; ӧскӧ улуска эжик ачпас открывать дверь чужим людям; 2. в знач. другой; Яким оҥдоп ийеле, озо Тойбоҥло, оноҥ ӧскӧлӧриле эзендешти (С. Суразаков)"
12013,13,тӱги ӧзӱп келди шерсть овцы отросла,тӱги ӧзӱп келди шерсть овцы отросла,,,"ӧс адалгыштар грам. имена собственные ӦС1) расти, вырастать, подрастать; балдар јайымда ӧскӧн дети выросли на свободе; 2) расти, произрастать; мында чечектер ӧзӧт здесь растут цветы; 3) отрастать; оныҥ сагалы ӧзӱп калды его борода отросла; койдыҥ тӱги ӧзӱп келди шерсть овцы отросла; 4) увеличиваться, приумножаться; Колхозто - мал кӧптӧгӧн, кирелте ӧскӧн… (Ч. Чунижеков) В колхозе скот приумножился, прибыль выросла…; Jуртка jурт кожулар. Албатыjон ӧзӧр (Т. Акулова) К семье прибавится мья. Народ увеличится; 5) перен. расти, виваться; ишчиге ӧзӧргӧ болужар помогать работнику развиваться ӦСКӦ 1. 1) другой, иной, прочий; куучын другой разговор; А мен ӧскӧ чактыҥ кижизи (А. Адаров) А я человек из другого века; 2) чужой; ӧскӧ улуска эжик ачпас открывать дверь чужим людям; 2. в знач. другой; Яким оҥдоп ийеле, озо Тойбоҥло, оноҥ ӧскӧлӧриле эзендешти (С. Суразаков)"
12013,14,"4) увеличиваться, приумножаться",4 увеличиваться приумножаться,,,"ӧс адалгыштар грам. имена собственные ӦС1) расти, вырастать, подрастать; балдар јайымда ӧскӧн дети выросли на свободе; 2) расти, произрастать; мында чечектер ӧзӧт здесь растут цветы; 3) отрастать; оныҥ сагалы ӧзӱп калды его борода отросла; койдыҥ тӱги ӧзӱп келди шерсть овцы отросла; 4) увеличиваться, приумножаться; Колхозто - мал кӧптӧгӧн, кирелте ӧскӧн… (Ч. Чунижеков) В колхозе скот приумножился, прибыль выросла…; Jуртка jурт кожулар. Албатыjон ӧзӧр (Т. Акулова) К семье прибавится мья. Народ увеличится; 5) перен. расти, виваться; ишчиге ӧзӧргӧ болужар помогать работнику развиваться ӦСКӦ 1. 1) другой, иной, прочий; куучын другой разговор; А мен ӧскӧ чактыҥ кижизи (А. Адаров) А я человек из другого века; 2) чужой; ӧскӧ улуска эжик ачпас открывать дверь чужим людям; 2. в знач. другой; Яким оҥдоп ийеле, озо Тойбоҥло, оноҥ ӧскӧлӧриле эзендешти (С. Суразаков)"
12013,15,Колхозто,колхозто,,,"ӧс адалгыштар грам. имена собственные ӦС1) расти, вырастать, подрастать; балдар јайымда ӧскӧн дети выросли на свободе; 2) расти, произрастать; мында чечектер ӧзӧт здесь растут цветы; 3) отрастать; оныҥ сагалы ӧзӱп калды его борода отросла; койдыҥ тӱги ӧзӱп келди шерсть овцы отросла; 4) увеличиваться, приумножаться; Колхозто - мал кӧптӧгӧн, кирелте ӧскӧн… (Ч. Чунижеков) В колхозе скот приумножился, прибыль выросла…; Jуртка jурт кожулар. Албатыjон ӧзӧр (Т. Акулова) К семье прибавится мья. Народ увеличится; 5) перен. расти, виваться; ишчиге ӧзӧргӧ болужар помогать работнику развиваться ӦСКӦ 1. 1) другой, иной, прочий; куучын другой разговор; А мен ӧскӧ чактыҥ кижизи (А. Адаров) А я человек из другого века; 2) чужой; ӧскӧ улуска эжик ачпас открывать дверь чужим людям; 2. в знач. другой; Яким оҥдоп ийеле, озо Тойбоҥло, оноҥ ӧскӧлӧриле эзендешти (С. Суразаков)"
12013,16,-,-,,,"ӧс адалгыштар грам. имена собственные ӦС1) расти, вырастать, подрастать; балдар јайымда ӧскӧн дети выросли на свободе; 2) расти, произрастать; мында чечектер ӧзӧт здесь растут цветы; 3) отрастать; оныҥ сагалы ӧзӱп калды его борода отросла; койдыҥ тӱги ӧзӱп келди шерсть овцы отросла; 4) увеличиваться, приумножаться; Колхозто - мал кӧптӧгӧн, кирелте ӧскӧн… (Ч. Чунижеков) В колхозе скот приумножился, прибыль выросла…; Jуртка jурт кожулар. Албатыjон ӧзӧр (Т. Акулова) К семье прибавится мья. Народ увеличится; 5) перен. расти, виваться; ишчиге ӧзӧргӧ болужар помогать работнику развиваться ӦСКӦ 1. 1) другой, иной, прочий; куучын другой разговор; А мен ӧскӧ чактыҥ кижизи (А. Адаров) А я человек из другого века; 2) чужой; ӧскӧ улуска эжик ачпас открывать дверь чужим людям; 2. в знач. другой; Яким оҥдоп ийеле, озо Тойбоҥло, оноҥ ӧскӧлӧриле эзендешти (С. Суразаков)"
12013,17,"мал кӧптӧгӧн, кирелте ӧскӧн… (Ч. Чуниже-",мал кӧптӧгӧн кирелте ӧскӧн ч чуниже,,,"ӧс адалгыштар грам. имена собственные ӦС1) расти, вырастать, подрастать; балдар јайымда ӧскӧн дети выросли на свободе; 2) расти, произрастать; мында чечектер ӧзӧт здесь растут цветы; 3) отрастать; оныҥ сагалы ӧзӱп калды его борода отросла; койдыҥ тӱги ӧзӱп келди шерсть овцы отросла; 4) увеличиваться, приумножаться; Колхозто - мал кӧптӧгӧн, кирелте ӧскӧн… (Ч. Чунижеков) В колхозе скот приумножился, прибыль выросла…; Jуртка jурт кожулар. Албатыjон ӧзӧр (Т. Акулова) К семье прибавится мья. Народ увеличится; 5) перен. расти, виваться; ишчиге ӧзӧргӧ болужар помогать работнику развиваться ӦСКӦ 1. 1) другой, иной, прочий; куучын другой разговор; А мен ӧскӧ чактыҥ кижизи (А. Адаров) А я человек из другого века; 2) чужой; ӧскӧ улуска эжик ачпас открывать дверь чужим людям; 2. в знач. другой; Яким оҥдоп ийеле, озо Тойбоҥло, оноҥ ӧскӧлӧриле эзендешти (С. Суразаков)"
12013,18,"ков) В колхозе скот приумножился, прибыль",ков в колхозе скот приумножился прибыль,,,"ӧс адалгыштар грам. имена собственные ӦС1) расти, вырастать, подрастать; балдар јайымда ӧскӧн дети выросли на свободе; 2) расти, произрастать; мында чечектер ӧзӧт здесь растут цветы; 3) отрастать; оныҥ сагалы ӧзӱп калды его борода отросла; койдыҥ тӱги ӧзӱп келди шерсть овцы отросла; 4) увеличиваться, приумножаться; Колхозто - мал кӧптӧгӧн, кирелте ӧскӧн… (Ч. Чунижеков) В колхозе скот приумножился, прибыль выросла…; Jуртка jурт кожулар. Албатыjон ӧзӧр (Т. Акулова) К семье прибавится мья. Народ увеличится; 5) перен. расти, виваться; ишчиге ӧзӧргӧ болужар помогать работнику развиваться ӦСКӦ 1. 1) другой, иной, прочий; куучын другой разговор; А мен ӧскӧ чактыҥ кижизи (А. Адаров) А я человек из другого века; 2) чужой; ӧскӧ улуска эжик ачпас открывать дверь чужим людям; 2. в знач. другой; Яким оҥдоп ийеле, озо Тойбоҥло, оноҥ ӧскӧлӧриле эзендешти (С. Суразаков)"
12013,19,выросла…,выросла,,,"ӧс адалгыштар грам. имена собственные ӦС1) расти, вырастать, подрастать; балдар јайымда ӧскӧн дети выросли на свободе; 2) расти, произрастать; мында чечектер ӧзӧт здесь растут цветы; 3) отрастать; оныҥ сагалы ӧзӱп калды его борода отросла; койдыҥ тӱги ӧзӱп келди шерсть овцы отросла; 4) увеличиваться, приумножаться; Колхозто - мал кӧптӧгӧн, кирелте ӧскӧн… (Ч. Чунижеков) В колхозе скот приумножился, прибыль выросла…; Jуртка jурт кожулар. Албатыjон ӧзӧр (Т. Акулова) К семье прибавится мья. Народ увеличится; 5) перен. расти, виваться; ишчиге ӧзӧргӧ болужар помогать работнику развиваться ӦСКӦ 1. 1) другой, иной, прочий; куучын другой разговор; А мен ӧскӧ чактыҥ кижизи (А. Адаров) А я человек из другого века; 2) чужой; ӧскӧ улуска эжик ачпас открывать дверь чужим людям; 2. в знач. другой; Яким оҥдоп ийеле, озо Тойбоҥло, оноҥ ӧскӧлӧриле эзендешти (С. Суразаков)"
12013,20,Jуртка jурт кожулар. Албаты-,jуртка jурт кожулар албаты,,,"ӧс адалгыштар грам. имена собственные ӦС1) расти, вырастать, подрастать; балдар јайымда ӧскӧн дети выросли на свободе; 2) расти, произрастать; мында чечектер ӧзӧт здесь растут цветы; 3) отрастать; оныҥ сагалы ӧзӱп калды его борода отросла; койдыҥ тӱги ӧзӱп келди шерсть овцы отросла; 4) увеличиваться, приумножаться; Колхозто - мал кӧптӧгӧн, кирелте ӧскӧн… (Ч. Чунижеков) В колхозе скот приумножился, прибыль выросла…; Jуртка jурт кожулар. Албатыjон ӧзӧр (Т. Акулова) К семье прибавится мья. Народ увеличится; 5) перен. расти, виваться; ишчиге ӧзӧргӧ болужар помогать работнику развиваться ӦСКӦ 1. 1) другой, иной, прочий; куучын другой разговор; А мен ӧскӧ чактыҥ кижизи (А. Адаров) А я человек из другого века; 2) чужой; ӧскӧ улуска эжик ачпас открывать дверь чужим людям; 2. в знач. другой; Яким оҥдоп ийеле, озо Тойбоҥло, оноҥ ӧскӧлӧриле эзендешти (С. Суразаков)"
12013,21,jон ӧзӧр (Т. Акулова) К семье прибавится,jон ӧзӧр т акулова к семье прибавится,,,"ӧс адалгыштар грам. имена собственные ӦС1) расти, вырастать, подрастать; балдар јайымда ӧскӧн дети выросли на свободе; 2) расти, произрастать; мында чечектер ӧзӧт здесь растут цветы; 3) отрастать; оныҥ сагалы ӧзӱп калды его борода отросла; койдыҥ тӱги ӧзӱп келди шерсть овцы отросла; 4) увеличиваться, приумножаться; Колхозто - мал кӧптӧгӧн, кирелте ӧскӧн… (Ч. Чунижеков) В колхозе скот приумножился, прибыль выросла…; Jуртка jурт кожулар. Албатыjон ӧзӧр (Т. Акулова) К семье прибавится мья. Народ увеличится; 5) перен. расти, виваться; ишчиге ӧзӧргӧ болужар помогать работнику развиваться ӦСКӦ 1. 1) другой, иной, прочий; куучын другой разговор; А мен ӧскӧ чактыҥ кижизи (А. Адаров) А я человек из другого века; 2) чужой; ӧскӧ улуска эжик ачпас открывать дверь чужим людям; 2. в знач. другой; Яким оҥдоп ийеле, озо Тойбоҥло, оноҥ ӧскӧлӧриле эзендешти (С. Суразаков)"
12013,22,мья. Народ увеличится,мья народ увеличится,,,"ӧс адалгыштар грам. имена собственные ӦС1) расти, вырастать, подрастать; балдар јайымда ӧскӧн дети выросли на свободе; 2) расти, произрастать; мында чечектер ӧзӧт здесь растут цветы; 3) отрастать; оныҥ сагалы ӧзӱп калды его борода отросла; койдыҥ тӱги ӧзӱп келди шерсть овцы отросла; 4) увеличиваться, приумножаться; Колхозто - мал кӧптӧгӧн, кирелте ӧскӧн… (Ч. Чунижеков) В колхозе скот приумножился, прибыль выросла…; Jуртка jурт кожулар. Албатыjон ӧзӧр (Т. Акулова) К семье прибавится мья. Народ увеличится; 5) перен. расти, виваться; ишчиге ӧзӧргӧ болужар помогать работнику развиваться ӦСКӦ 1. 1) другой, иной, прочий; куучын другой разговор; А мен ӧскӧ чактыҥ кижизи (А. Адаров) А я человек из другого века; 2) чужой; ӧскӧ улуска эжик ачпас открывать дверь чужим людям; 2. в знач. другой; Яким оҥдоп ийеле, озо Тойбоҥло, оноҥ ӧскӧлӧриле эзендешти (С. Суразаков)"
12013,23,"5) перен. расти,",5 перен расти,,,"ӧс адалгыштар грам. имена собственные ӦС1) расти, вырастать, подрастать; балдар јайымда ӧскӧн дети выросли на свободе; 2) расти, произрастать; мында чечектер ӧзӧт здесь растут цветы; 3) отрастать; оныҥ сагалы ӧзӱп калды его борода отросла; койдыҥ тӱги ӧзӱп келди шерсть овцы отросла; 4) увеличиваться, приумножаться; Колхозто - мал кӧптӧгӧн, кирелте ӧскӧн… (Ч. Чунижеков) В колхозе скот приумножился, прибыль выросла…; Jуртка jурт кожулар. Албатыjон ӧзӧр (Т. Акулова) К семье прибавится мья. Народ увеличится; 5) перен. расти, виваться; ишчиге ӧзӧргӧ болужар помогать работнику развиваться ӦСКӦ 1. 1) другой, иной, прочий; куучын другой разговор; А мен ӧскӧ чактыҥ кижизи (А. Адаров) А я человек из другого века; 2) чужой; ӧскӧ улуска эжик ачпас открывать дверь чужим людям; 2. в знач. другой; Яким оҥдоп ийеле, озо Тойбоҥло, оноҥ ӧскӧлӧриле эзендешти (С. Суразаков)"
12013,24,виваться,виваться,,,"ӧс адалгыштар грам. имена собственные ӦС1) расти, вырастать, подрастать; балдар јайымда ӧскӧн дети выросли на свободе; 2) расти, произрастать; мында чечектер ӧзӧт здесь растут цветы; 3) отрастать; оныҥ сагалы ӧзӱп калды его борода отросла; койдыҥ тӱги ӧзӱп келди шерсть овцы отросла; 4) увеличиваться, приумножаться; Колхозто - мал кӧптӧгӧн, кирелте ӧскӧн… (Ч. Чунижеков) В колхозе скот приумножился, прибыль выросла…; Jуртка jурт кожулар. Албатыjон ӧзӧр (Т. Акулова) К семье прибавится мья. Народ увеличится; 5) перен. расти, виваться; ишчиге ӧзӧргӧ болужар помогать работнику развиваться ӦСКӦ 1. 1) другой, иной, прочий; куучын другой разговор; А мен ӧскӧ чактыҥ кижизи (А. Адаров) А я человек из другого века; 2) чужой; ӧскӧ улуска эжик ачпас открывать дверь чужим людям; 2. в знач. другой; Яким оҥдоп ийеле, озо Тойбоҥло, оноҥ ӧскӧлӧриле эзендешти (С. Суразаков)"
12013,25,ишчиге ӧзӧргӧ болужар помогать,ишчиге ӧзӧргӧ болужар помогать,,,"ӧс адалгыштар грам. имена собственные ӦС1) расти, вырастать, подрастать; балдар јайымда ӧскӧн дети выросли на свободе; 2) расти, произрастать; мында чечектер ӧзӧт здесь растут цветы; 3) отрастать; оныҥ сагалы ӧзӱп калды его борода отросла; койдыҥ тӱги ӧзӱп келди шерсть овцы отросла; 4) увеличиваться, приумножаться; Колхозто - мал кӧптӧгӧн, кирелте ӧскӧн… (Ч. Чунижеков) В колхозе скот приумножился, прибыль выросла…; Jуртка jурт кожулар. Албатыjон ӧзӧр (Т. Акулова) К семье прибавится мья. Народ увеличится; 5) перен. расти, виваться; ишчиге ӧзӧргӧ болужар помогать работнику развиваться ӦСКӦ 1. 1) другой, иной, прочий; куучын другой разговор; А мен ӧскӧ чактыҥ кижизи (А. Адаров) А я человек из другого века; 2) чужой; ӧскӧ улуска эжик ачпас открывать дверь чужим людям; 2. в знач. другой; Яким оҥдоп ийеле, озо Тойбоҥло, оноҥ ӧскӧлӧриле эзендешти (С. Суразаков)"
12013,26,работнику развиваться,работнику развиваться,,,"ӧс адалгыштар грам. имена собственные ӦС1) расти, вырастать, подрастать; балдар јайымда ӧскӧн дети выросли на свободе; 2) расти, произрастать; мында чечектер ӧзӧт здесь растут цветы; 3) отрастать; оныҥ сагалы ӧзӱп калды его борода отросла; койдыҥ тӱги ӧзӱп келди шерсть овцы отросла; 4) увеличиваться, приумножаться; Колхозто - мал кӧптӧгӧн, кирелте ӧскӧн… (Ч. Чунижеков) В колхозе скот приумножился, прибыль выросла…; Jуртка jурт кожулар. Албатыjон ӧзӧр (Т. Акулова) К семье прибавится мья. Народ увеличится; 5) перен. расти, виваться; ишчиге ӧзӧргӧ болужар помогать работнику развиваться ӦСКӦ 1. 1) другой, иной, прочий; куучын другой разговор; А мен ӧскӧ чактыҥ кижизи (А. Адаров) А я человек из другого века; 2) чужой; ӧскӧ улуска эжик ачпас открывать дверь чужим людям; 2. в знач. другой; Яким оҥдоп ийеле, озо Тойбоҥло, оноҥ ӧскӧлӧриле эзендешти (С. Суразаков)"
12013,27,"ӦСКӦ 1. 1) другой, иной, прочий",ӧскӧ 1 1 другой иной прочий,,,"ӧс адалгыштар грам. имена собственные ӦС1) расти, вырастать, подрастать; балдар јайымда ӧскӧн дети выросли на свободе; 2) расти, произрастать; мында чечектер ӧзӧт здесь растут цветы; 3) отрастать; оныҥ сагалы ӧзӱп калды его борода отросла; койдыҥ тӱги ӧзӱп келди шерсть овцы отросла; 4) увеличиваться, приумножаться; Колхозто - мал кӧптӧгӧн, кирелте ӧскӧн… (Ч. Чунижеков) В колхозе скот приумножился, прибыль выросла…; Jуртка jурт кожулар. Албатыjон ӧзӧр (Т. Акулова) К семье прибавится мья. Народ увеличится; 5) перен. расти, виваться; ишчиге ӧзӧргӧ болужар помогать работнику развиваться ӦСКӦ 1. 1) другой, иной, прочий; куучын другой разговор; А мен ӧскӧ чактыҥ кижизи (А. Адаров) А я человек из другого века; 2) чужой; ӧскӧ улуска эжик ачпас открывать дверь чужим людям; 2. в знач. другой; Яким оҥдоп ийеле, озо Тойбоҥло, оноҥ ӧскӧлӧриле эзендешти (С. Суразаков)"
12013,28,куучын другой разговор,куучын другой разговор,,,"ӧс адалгыштар грам. имена собственные ӦС1) расти, вырастать, подрастать; балдар јайымда ӧскӧн дети выросли на свободе; 2) расти, произрастать; мында чечектер ӧзӧт здесь растут цветы; 3) отрастать; оныҥ сагалы ӧзӱп калды его борода отросла; койдыҥ тӱги ӧзӱп келди шерсть овцы отросла; 4) увеличиваться, приумножаться; Колхозто - мал кӧптӧгӧн, кирелте ӧскӧн… (Ч. Чунижеков) В колхозе скот приумножился, прибыль выросла…; Jуртка jурт кожулар. Албатыjон ӧзӧр (Т. Акулова) К семье прибавится мья. Народ увеличится; 5) перен. расти, виваться; ишчиге ӧзӧргӧ болужар помогать работнику развиваться ӦСКӦ 1. 1) другой, иной, прочий; куучын другой разговор; А мен ӧскӧ чактыҥ кижизи (А. Адаров) А я человек из другого века; 2) чужой; ӧскӧ улуска эжик ачпас открывать дверь чужим людям; 2. в знач. другой; Яким оҥдоп ийеле, озо Тойбоҥло, оноҥ ӧскӧлӧриле эзендешти (С. Суразаков)"
12013,29,А мен ӧскӧ чактыҥ,а мен ӧскӧ чактыҥ,,,"ӧс адалгыштар грам. имена собственные ӦС1) расти, вырастать, подрастать; балдар јайымда ӧскӧн дети выросли на свободе; 2) расти, произрастать; мында чечектер ӧзӧт здесь растут цветы; 3) отрастать; оныҥ сагалы ӧзӱп калды его борода отросла; койдыҥ тӱги ӧзӱп келди шерсть овцы отросла; 4) увеличиваться, приумножаться; Колхозто - мал кӧптӧгӧн, кирелте ӧскӧн… (Ч. Чунижеков) В колхозе скот приумножился, прибыль выросла…; Jуртка jурт кожулар. Албатыjон ӧзӧр (Т. Акулова) К семье прибавится мья. Народ увеличится; 5) перен. расти, виваться; ишчиге ӧзӧргӧ болужар помогать работнику развиваться ӦСКӦ 1. 1) другой, иной, прочий; куучын другой разговор; А мен ӧскӧ чактыҥ кижизи (А. Адаров) А я человек из другого века; 2) чужой; ӧскӧ улуска эжик ачпас открывать дверь чужим людям; 2. в знач. другой; Яким оҥдоп ийеле, озо Тойбоҥло, оноҥ ӧскӧлӧриле эзендешти (С. Суразаков)"
12013,30,кижизи (А. Адаров) А я человек из другого,кижизи а адаров а я человек из другого,,,"ӧс адалгыштар грам. имена собственные ӦС1) расти, вырастать, подрастать; балдар јайымда ӧскӧн дети выросли на свободе; 2) расти, произрастать; мында чечектер ӧзӧт здесь растут цветы; 3) отрастать; оныҥ сагалы ӧзӱп калды его борода отросла; койдыҥ тӱги ӧзӱп келди шерсть овцы отросла; 4) увеличиваться, приумножаться; Колхозто - мал кӧптӧгӧн, кирелте ӧскӧн… (Ч. Чунижеков) В колхозе скот приумножился, прибыль выросла…; Jуртка jурт кожулар. Албатыjон ӧзӧр (Т. Акулова) К семье прибавится мья. Народ увеличится; 5) перен. расти, виваться; ишчиге ӧзӧргӧ болужар помогать работнику развиваться ӦСКӦ 1. 1) другой, иной, прочий; куучын другой разговор; А мен ӧскӧ чактыҥ кижизи (А. Адаров) А я человек из другого века; 2) чужой; ӧскӧ улуска эжик ачпас открывать дверь чужим людям; 2. в знач. другой; Яким оҥдоп ийеле, озо Тойбоҥло, оноҥ ӧскӧлӧриле эзендешти (С. Суразаков)"
12013,31,века,века,,,"ӧс адалгыштар грам. имена собственные ӦС1) расти, вырастать, подрастать; балдар јайымда ӧскӧн дети выросли на свободе; 2) расти, произрастать; мында чечектер ӧзӧт здесь растут цветы; 3) отрастать; оныҥ сагалы ӧзӱп калды его борода отросла; койдыҥ тӱги ӧзӱп келди шерсть овцы отросла; 4) увеличиваться, приумножаться; Колхозто - мал кӧптӧгӧн, кирелте ӧскӧн… (Ч. Чунижеков) В колхозе скот приумножился, прибыль выросла…; Jуртка jурт кожулар. Албатыjон ӧзӧр (Т. Акулова) К семье прибавится мья. Народ увеличится; 5) перен. расти, виваться; ишчиге ӧзӧргӧ болужар помогать работнику развиваться ӦСКӦ 1. 1) другой, иной, прочий; куучын другой разговор; А мен ӧскӧ чактыҥ кижизи (А. Адаров) А я человек из другого века; 2) чужой; ӧскӧ улуска эжик ачпас открывать дверь чужим людям; 2. в знач. другой; Яким оҥдоп ийеле, озо Тойбоҥло, оноҥ ӧскӧлӧриле эзендешти (С. Суразаков)"
12013,32,2) чужой,2 чужой,,,"ӧс адалгыштар грам. имена собственные ӦС1) расти, вырастать, подрастать; балдар јайымда ӧскӧн дети выросли на свободе; 2) расти, произрастать; мында чечектер ӧзӧт здесь растут цветы; 3) отрастать; оныҥ сагалы ӧзӱп калды его борода отросла; койдыҥ тӱги ӧзӱп келди шерсть овцы отросла; 4) увеличиваться, приумножаться; Колхозто - мал кӧптӧгӧн, кирелте ӧскӧн… (Ч. Чунижеков) В колхозе скот приумножился, прибыль выросла…; Jуртка jурт кожулар. Албатыjон ӧзӧр (Т. Акулова) К семье прибавится мья. Народ увеличится; 5) перен. расти, виваться; ишчиге ӧзӧргӧ болужар помогать работнику развиваться ӦСКӦ 1. 1) другой, иной, прочий; куучын другой разговор; А мен ӧскӧ чактыҥ кижизи (А. Адаров) А я человек из другого века; 2) чужой; ӧскӧ улуска эжик ачпас открывать дверь чужим людям; 2. в знач. другой; Яким оҥдоп ийеле, озо Тойбоҥло, оноҥ ӧскӧлӧриле эзендешти (С. Суразаков)"
12013,33,ӧскӧ улуска эжик ачпас,ӧскӧ улуска эжик ачпас,,,"ӧс адалгыштар грам. имена собственные ӦС1) расти, вырастать, подрастать; балдар јайымда ӧскӧн дети выросли на свободе; 2) расти, произрастать; мында чечектер ӧзӧт здесь растут цветы; 3) отрастать; оныҥ сагалы ӧзӱп калды его борода отросла; койдыҥ тӱги ӧзӱп келди шерсть овцы отросла; 4) увеличиваться, приумножаться; Колхозто - мал кӧптӧгӧн, кирелте ӧскӧн… (Ч. Чунижеков) В колхозе скот приумножился, прибыль выросла…; Jуртка jурт кожулар. Албатыjон ӧзӧр (Т. Акулова) К семье прибавится мья. Народ увеличится; 5) перен. расти, виваться; ишчиге ӧзӧргӧ болужар помогать работнику развиваться ӦСКӦ 1. 1) другой, иной, прочий; куучын другой разговор; А мен ӧскӧ чактыҥ кижизи (А. Адаров) А я человек из другого века; 2) чужой; ӧскӧ улуска эжик ачпас открывать дверь чужим людям; 2. в знач. другой; Яким оҥдоп ийеле, озо Тойбоҥло, оноҥ ӧскӧлӧриле эзендешти (С. Суразаков)"
12013,34,открывать дверь чужим людям,открывать дверь чужим людям,,,"ӧс адалгыштар грам. имена собственные ӦС1) расти, вырастать, подрастать; балдар јайымда ӧскӧн дети выросли на свободе; 2) расти, произрастать; мында чечектер ӧзӧт здесь растут цветы; 3) отрастать; оныҥ сагалы ӧзӱп калды его борода отросла; койдыҥ тӱги ӧзӱп келди шерсть овцы отросла; 4) увеличиваться, приумножаться; Колхозто - мал кӧптӧгӧн, кирелте ӧскӧн… (Ч. Чунижеков) В колхозе скот приумножился, прибыль выросла…; Jуртка jурт кожулар. Албатыjон ӧзӧр (Т. Акулова) К семье прибавится мья. Народ увеличится; 5) перен. расти, виваться; ишчиге ӧзӧргӧ болужар помогать работнику развиваться ӦСКӦ 1. 1) другой, иной, прочий; куучын другой разговор; А мен ӧскӧ чактыҥ кижизи (А. Адаров) А я человек из другого века; 2) чужой; ӧскӧ улуска эжик ачпас открывать дверь чужим людям; 2. в знач. другой; Яким оҥдоп ийеле, озо Тойбоҥло, оноҥ ӧскӧлӧриле эзендешти (С. Суразаков)"
12013,35,2. в знач.,2 в знач,,,"ӧс адалгыштар грам. имена собственные ӦС1) расти, вырастать, подрастать; балдар јайымда ӧскӧн дети выросли на свободе; 2) расти, произрастать; мында чечектер ӧзӧт здесь растут цветы; 3) отрастать; оныҥ сагалы ӧзӱп калды его борода отросла; койдыҥ тӱги ӧзӱп келди шерсть овцы отросла; 4) увеличиваться, приумножаться; Колхозто - мал кӧптӧгӧн, кирелте ӧскӧн… (Ч. Чунижеков) В колхозе скот приумножился, прибыль выросла…; Jуртка jурт кожулар. Албатыjон ӧзӧр (Т. Акулова) К семье прибавится мья. Народ увеличится; 5) перен. расти, виваться; ишчиге ӧзӧргӧ болужар помогать работнику развиваться ӦСКӦ 1. 1) другой, иной, прочий; куучын другой разговор; А мен ӧскӧ чактыҥ кижизи (А. Адаров) А я человек из другого века; 2) чужой; ӧскӧ улуска эжик ачпас открывать дверь чужим людям; 2. в знач. другой; Яким оҥдоп ийеле, озо Тойбоҥло, оноҥ ӧскӧлӧриле эзендешти (С. Суразаков)"
12013,36,другой,другой,,,"ӧс адалгыштар грам. имена собственные ӦС1) расти, вырастать, подрастать; балдар јайымда ӧскӧн дети выросли на свободе; 2) расти, произрастать; мында чечектер ӧзӧт здесь растут цветы; 3) отрастать; оныҥ сагалы ӧзӱп калды его борода отросла; койдыҥ тӱги ӧзӱп келди шерсть овцы отросла; 4) увеличиваться, приумножаться; Колхозто - мал кӧптӧгӧн, кирелте ӧскӧн… (Ч. Чунижеков) В колхозе скот приумножился, прибыль выросла…; Jуртка jурт кожулар. Албатыjон ӧзӧр (Т. Акулова) К семье прибавится мья. Народ увеличится; 5) перен. расти, виваться; ишчиге ӧзӧргӧ болужар помогать работнику развиваться ӦСКӦ 1. 1) другой, иной, прочий; куучын другой разговор; А мен ӧскӧ чактыҥ кижизи (А. Адаров) А я человек из другого века; 2) чужой; ӧскӧ улуска эжик ачпас открывать дверь чужим людям; 2. в знач. другой; Яким оҥдоп ийеле, озо Тойбоҥло, оноҥ ӧскӧлӧриле эзендешти (С. Суразаков)"
12013,37,"Яким оҥдоп ийеле, озо Тойбоҥло,",яким оҥдоп ийеле озо тойбоҥло,,,"ӧс адалгыштар грам. имена собственные ӦС1) расти, вырастать, подрастать; балдар јайымда ӧскӧн дети выросли на свободе; 2) расти, произрастать; мында чечектер ӧзӧт здесь растут цветы; 3) отрастать; оныҥ сагалы ӧзӱп калды его борода отросла; койдыҥ тӱги ӧзӱп келди шерсть овцы отросла; 4) увеличиваться, приумножаться; Колхозто - мал кӧптӧгӧн, кирелте ӧскӧн… (Ч. Чунижеков) В колхозе скот приумножился, прибыль выросла…; Jуртка jурт кожулар. Албатыjон ӧзӧр (Т. Акулова) К семье прибавится мья. Народ увеличится; 5) перен. расти, виваться; ишчиге ӧзӧргӧ болужар помогать работнику развиваться ӦСКӦ 1. 1) другой, иной, прочий; куучын другой разговор; А мен ӧскӧ чактыҥ кижизи (А. Адаров) А я человек из другого века; 2) чужой; ӧскӧ улуска эжик ачпас открывать дверь чужим людям; 2. в знач. другой; Яким оҥдоп ийеле, озо Тойбоҥло, оноҥ ӧскӧлӧриле эзендешти (С. Суразаков)"
12013,38,оноҥ ӧскӧлӧриле эзендешти (С. Суразаков),оноҥ ӧскӧлӧриле эзендешти с суразаков,,,"ӧс адалгыштар грам. имена собственные ӦС1) расти, вырастать, подрастать; балдар јайымда ӧскӧн дети выросли на свободе; 2) расти, произрастать; мында чечектер ӧзӧт здесь растут цветы; 3) отрастать; оныҥ сагалы ӧзӱп калды его борода отросла; койдыҥ тӱги ӧзӱп келди шерсть овцы отросла; 4) увеличиваться, приумножаться; Колхозто - мал кӧптӧгӧн, кирелте ӧскӧн… (Ч. Чунижеков) В колхозе скот приумножился, прибыль выросла…; Jуртка jурт кожулар. Албатыjон ӧзӧр (Т. Акулова) К семье прибавится мья. Народ увеличится; 5) перен. расти, виваться; ишчиге ӧзӧргӧ болужар помогать работнику развиваться ӦСКӦ 1. 1) другой, иной, прочий; куучын другой разговор; А мен ӧскӧ чактыҥ кижизи (А. Адаров) А я человек из другого века; 2) чужой; ӧскӧ улуска эжик ачпас открывать дверь чужим людям; 2. в знач. другой; Яким оҥдоп ийеле, озо Тойбоҥло, оноҥ ӧскӧлӧриле эзендешти (С. Суразаков)"
12014,1,Ӧскӧ айылдыҥ,ӧскӧ айылдыҥ,,,"Ӧскӧ айылдыҥ ӧскӧ айылга ӱрбес (Посл.) Собака другого дома на чужой дом лаять не будет ӦСКӦ-БАШКА другой, иной; башка кижи алган болзо, «уурчы» деп тыртпаска ла адатпаска, чодымды экелбес те эди (А. Олчонова) Если бы взял другой ловек, чтобы не быть названым, прозванным «вором», счёты мои и не принёс бы ӦС-КОРБОЛОН1) расти, разрастаться; агаштар ӧзӱп-корболонып келди деревья разрослись; 2) расти, увеличиваться; ӱзӱлип, бирге jетсе, [албаты] ойто корболонып чыгар (А. Олчонова) Когда род], умирая, дойдёт до одного, то снова растет и увеличится"
12014,2,ӧскӧ айылга ӱрбес (Посл.) Собака другого,ӧскӧ айылга ӱрбес посл собака другого,,,"Ӧскӧ айылдыҥ ӧскӧ айылга ӱрбес (Посл.) Собака другого дома на чужой дом лаять не будет ӦСКӦ-БАШКА другой, иной; башка кижи алган болзо, «уурчы» деп тыртпаска ла адатпаска, чодымды экелбес те эди (А. Олчонова) Если бы взял другой ловек, чтобы не быть названым, прозванным «вором», счёты мои и не принёс бы ӦС-КОРБОЛОН1) расти, разрастаться; агаштар ӧзӱп-корболонып келди деревья разрослись; 2) расти, увеличиваться; ӱзӱлип, бирге jетсе, [албаты] ойто корболонып чыгар (А. Олчонова) Когда род], умирая, дойдёт до одного, то снова растет и увеличится"
12014,3,дома на чужой дом лаять не будет,дома на чужой дом лаять не будет,,,"Ӧскӧ айылдыҥ ӧскӧ айылга ӱрбес (Посл.) Собака другого дома на чужой дом лаять не будет ӦСКӦ-БАШКА другой, иной; башка кижи алган болзо, «уурчы» деп тыртпаска ла адатпаска, чодымды экелбес те эди (А. Олчонова) Если бы взял другой ловек, чтобы не быть названым, прозванным «вором», счёты мои и не принёс бы ӦС-КОРБОЛОН1) расти, разрастаться; агаштар ӧзӱп-корболонып келди деревья разрослись; 2) расти, увеличиваться; ӱзӱлип, бирге jетсе, [албаты] ойто корболонып чыгар (А. Олчонова) Когда род], умирая, дойдёт до одного, то снова растет и увеличится"
12014,4,"ӦСКӦ-БАШКА другой, иной",ӧскӧбашка другой иной,,,"Ӧскӧ айылдыҥ ӧскӧ айылга ӱрбес (Посл.) Собака другого дома на чужой дом лаять не будет ӦСКӦ-БАШКА другой, иной; башка кижи алган болзо, «уурчы» деп тыртпаска ла адатпаска, чодымды экелбес те эди (А. Олчонова) Если бы взял другой ловек, чтобы не быть названым, прозванным «вором», счёты мои и не принёс бы ӦС-КОРБОЛОН1) расти, разрастаться; агаштар ӧзӱп-корболонып келди деревья разрослись; 2) расти, увеличиваться; ӱзӱлип, бирге jетсе, [албаты] ойто корболонып чыгар (А. Олчонова) Когда род], умирая, дойдёт до одного, то снова растет и увеличится"
12014,5,"башка кижи алган болзо, «уурчы» деп",башка кижи алган болзо уурчы деп,,,"Ӧскӧ айылдыҥ ӧскӧ айылга ӱрбес (Посл.) Собака другого дома на чужой дом лаять не будет ӦСКӦ-БАШКА другой, иной; башка кижи алган болзо, «уурчы» деп тыртпаска ла адатпаска, чодымды экелбес те эди (А. Олчонова) Если бы взял другой ловек, чтобы не быть названым, прозванным «вором», счёты мои и не принёс бы ӦС-КОРБОЛОН1) расти, разрастаться; агаштар ӧзӱп-корболонып келди деревья разрослись; 2) расти, увеличиваться; ӱзӱлип, бирге jетсе, [албаты] ойто корболонып чыгар (А. Олчонова) Когда род], умирая, дойдёт до одного, то снова растет и увеличится"
12014,6,"тыртпаска ла адатпаска, чодымды экелбес",тыртпаска ла адатпаска чодымды экелбес,,,"Ӧскӧ айылдыҥ ӧскӧ айылга ӱрбес (Посл.) Собака другого дома на чужой дом лаять не будет ӦСКӦ-БАШКА другой, иной; башка кижи алган болзо, «уурчы» деп тыртпаска ла адатпаска, чодымды экелбес те эди (А. Олчонова) Если бы взял другой ловек, чтобы не быть названым, прозванным «вором», счёты мои и не принёс бы ӦС-КОРБОЛОН1) расти, разрастаться; агаштар ӧзӱп-корболонып келди деревья разрослись; 2) расти, увеличиваться; ӱзӱлип, бирге jетсе, [албаты] ойто корболонып чыгар (А. Олчонова) Когда род], умирая, дойдёт до одного, то снова растет и увеличится"
12014,7,те эди (А. Олчонова) Если бы взял другой,те эди а олчонова если бы взял другой,,,"Ӧскӧ айылдыҥ ӧскӧ айылга ӱрбес (Посл.) Собака другого дома на чужой дом лаять не будет ӦСКӦ-БАШКА другой, иной; башка кижи алган болзо, «уурчы» деп тыртпаска ла адатпаска, чодымды экелбес те эди (А. Олчонова) Если бы взял другой ловек, чтобы не быть названым, прозванным «вором», счёты мои и не принёс бы ӦС-КОРБОЛОН1) расти, разрастаться; агаштар ӧзӱп-корболонып келди деревья разрослись; 2) расти, увеличиваться; ӱзӱлип, бирге jетсе, [албаты] ойто корболонып чыгар (А. Олчонова) Когда род], умирая, дойдёт до одного, то снова растет и увеличится"
12014,8,"ловек, чтобы не быть названым, прозванным",ловек чтобы не быть названым прозванным,,,"Ӧскӧ айылдыҥ ӧскӧ айылга ӱрбес (Посл.) Собака другого дома на чужой дом лаять не будет ӦСКӦ-БАШКА другой, иной; башка кижи алган болзо, «уурчы» деп тыртпаска ла адатпаска, чодымды экелбес те эди (А. Олчонова) Если бы взял другой ловек, чтобы не быть названым, прозванным «вором», счёты мои и не принёс бы ӦС-КОРБОЛОН1) расти, разрастаться; агаштар ӧзӱп-корболонып келди деревья разрослись; 2) расти, увеличиваться; ӱзӱлип, бирге jетсе, [албаты] ойто корболонып чыгар (А. Олчонова) Когда род], умирая, дойдёт до одного, то снова растет и увеличится"
12014,9,"«вором», счёты мои и не принёс бы",вором счёты мои и не принёс бы,,,"Ӧскӧ айылдыҥ ӧскӧ айылга ӱрбес (Посл.) Собака другого дома на чужой дом лаять не будет ӦСКӦ-БАШКА другой, иной; башка кижи алган болзо, «уурчы» деп тыртпаска ла адатпаска, чодымды экелбес те эди (А. Олчонова) Если бы взял другой ловек, чтобы не быть названым, прозванным «вором», счёты мои и не принёс бы ӦС-КОРБОЛОН1) расти, разрастаться; агаштар ӧзӱп-корболонып келди деревья разрослись; 2) расти, увеличиваться; ӱзӱлип, бирге jетсе, [албаты] ойто корболонып чыгар (А. Олчонова) Когда род], умирая, дойдёт до одного, то снова растет и увеличится"
12014,10,"ӦС-КОРБОЛОН1) расти, разрастаться",ӧскорболон 1 расти разрастаться,,,"Ӧскӧ айылдыҥ ӧскӧ айылга ӱрбес (Посл.) Собака другого дома на чужой дом лаять не будет ӦСКӦ-БАШКА другой, иной; башка кижи алган болзо, «уурчы» деп тыртпаска ла адатпаска, чодымды экелбес те эди (А. Олчонова) Если бы взял другой ловек, чтобы не быть названым, прозванным «вором», счёты мои и не принёс бы ӦС-КОРБОЛОН1) расти, разрастаться; агаштар ӧзӱп-корболонып келди деревья разрослись; 2) расти, увеличиваться; ӱзӱлип, бирге jетсе, [албаты] ойто корболонып чыгар (А. Олчонова) Когда род], умирая, дойдёт до одного, то снова растет и увеличится"
12014,11,агаштар ӧзӱп-корболонып келди деревья,агаштар ӧзӱпкорболонып келди деревья,,,"Ӧскӧ айылдыҥ ӧскӧ айылга ӱрбес (Посл.) Собака другого дома на чужой дом лаять не будет ӦСКӦ-БАШКА другой, иной; башка кижи алган болзо, «уурчы» деп тыртпаска ла адатпаска, чодымды экелбес те эди (А. Олчонова) Если бы взял другой ловек, чтобы не быть названым, прозванным «вором», счёты мои и не принёс бы ӦС-КОРБОЛОН1) расти, разрастаться; агаштар ӧзӱп-корболонып келди деревья разрослись; 2) расти, увеличиваться; ӱзӱлип, бирге jетсе, [албаты] ойто корболонып чыгар (А. Олчонова) Когда род], умирая, дойдёт до одного, то снова растет и увеличится"
12014,12,разрослись,разрослись,,,"Ӧскӧ айылдыҥ ӧскӧ айылга ӱрбес (Посл.) Собака другого дома на чужой дом лаять не будет ӦСКӦ-БАШКА другой, иной; башка кижи алган болзо, «уурчы» деп тыртпаска ла адатпаска, чодымды экелбес те эди (А. Олчонова) Если бы взял другой ловек, чтобы не быть названым, прозванным «вором», счёты мои и не принёс бы ӦС-КОРБОЛОН1) расти, разрастаться; агаштар ӧзӱп-корболонып келди деревья разрослись; 2) расти, увеличиваться; ӱзӱлип, бирге jетсе, [албаты] ойто корболонып чыгар (А. Олчонова) Когда род], умирая, дойдёт до одного, то снова растет и увеличится"
12014,13,"2) расти, увеличиваться",2 расти увеличиваться,,,"Ӧскӧ айылдыҥ ӧскӧ айылга ӱрбес (Посл.) Собака другого дома на чужой дом лаять не будет ӦСКӦ-БАШКА другой, иной; башка кижи алган болзо, «уурчы» деп тыртпаска ла адатпаска, чодымды экелбес те эди (А. Олчонова) Если бы взял другой ловек, чтобы не быть названым, прозванным «вором», счёты мои и не принёс бы ӦС-КОРБОЛОН1) расти, разрастаться; агаштар ӧзӱп-корболонып келди деревья разрослись; 2) расти, увеличиваться; ӱзӱлип, бирге jетсе, [албаты] ойто корболонып чыгар (А. Олчонова) Когда род], умирая, дойдёт до одного, то снова растет и увеличится"
12014,14,"ӱзӱлип, бирге jетсе, [албаты] ойто",ӱзӱлип бирге jетсе албаты ойто,,,"Ӧскӧ айылдыҥ ӧскӧ айылга ӱрбес (Посл.) Собака другого дома на чужой дом лаять не будет ӦСКӦ-БАШКА другой, иной; башка кижи алган болзо, «уурчы» деп тыртпаска ла адатпаска, чодымды экелбес те эди (А. Олчонова) Если бы взял другой ловек, чтобы не быть названым, прозванным «вором», счёты мои и не принёс бы ӦС-КОРБОЛОН1) расти, разрастаться; агаштар ӧзӱп-корболонып келди деревья разрослись; 2) расти, увеличиваться; ӱзӱлип, бирге jетсе, [албаты] ойто корболонып чыгар (А. Олчонова) Когда род], умирая, дойдёт до одного, то снова растет и увеличится"
12014,15,корболонып чыгар (А. Олчонова) Когда,корболонып чыгар а олчонова когда,,,"Ӧскӧ айылдыҥ ӧскӧ айылга ӱрбес (Посл.) Собака другого дома на чужой дом лаять не будет ӦСКӦ-БАШКА другой, иной; башка кижи алган болзо, «уурчы» деп тыртпаска ла адатпаска, чодымды экелбес те эди (А. Олчонова) Если бы взял другой ловек, чтобы не быть названым, прозванным «вором», счёты мои и не принёс бы ӦС-КОРБОЛОН1) расти, разрастаться; агаштар ӧзӱп-корболонып келди деревья разрослись; 2) расти, увеличиваться; ӱзӱлип, бирге jетсе, [албаты] ойто корболонып чыгар (А. Олчонова) Когда род], умирая, дойдёт до одного, то снова растет и увеличится"
12014,16,"род], умирая, дойдёт до одного, то снова",род умирая дойдёт до одного то снова,,,"Ӧскӧ айылдыҥ ӧскӧ айылга ӱрбес (Посл.) Собака другого дома на чужой дом лаять не будет ӦСКӦ-БАШКА другой, иной; башка кижи алган болзо, «уурчы» деп тыртпаска ла адатпаска, чодымды экелбес те эди (А. Олчонова) Если бы взял другой ловек, чтобы не быть названым, прозванным «вором», счёты мои и не принёс бы ӦС-КОРБОЛОН1) расти, разрастаться; агаштар ӧзӱп-корболонып келди деревья разрослись; 2) расти, увеличиваться; ӱзӱлип, бирге jетсе, [албаты] ойто корболонып чыгар (А. Олчонова) Когда род], умирая, дойдёт до одного, то снова растет и увеличится"
12014,17,растет и увеличится,растет и увеличится,,,"Ӧскӧ айылдыҥ ӧскӧ айылга ӱрбес (Посл.) Собака другого дома на чужой дом лаять не будет ӦСКӦ-БАШКА другой, иной; башка кижи алган болзо, «уурчы» деп тыртпаска ла адатпаска, чодымды экелбес те эди (А. Олчонова) Если бы взял другой ловек, чтобы не быть названым, прозванным «вором», счёты мои и не принёс бы ӦС-КОРБОЛОН1) расти, разрастаться; агаштар ӧзӱп-корболонып келди деревья разрослись; 2) расти, увеличиваться; ӱзӱлип, бирге jетсе, [албаты] ойто корболонып чыгар (А. Олчонова) Когда род], умирая, дойдёт до одного, то снова растет и увеличится"
12016,1,"jерин ӧскӧлӧбӧс, баскан jерин башкалабас",jерин ӧскӧлӧбӧс баскан jерин башкалабас,,,"jерин ӧскӧлӧбӧс, баскан jерин башкалабас (Посл.) Земли, где вырос, не чуждаются, лю, где ходили, не сторонятся ӦСКӦЛӦН1) возвр. от ӧскӧлӧняться, изменяться; ср. башкалан-, солын-, ӦСКӦРТкубул-, ӧскӧр-; эмди керек ӧскӧлӧнгӧн теперь дело изменилось; 2) отличаться чем-л.; бойыныҥ јобожыла ол ӧскӧлӧнип јат она сеотличается своей кротостью разӦСКӦЛӦНДИРпонуд. от ӧскӧлӧнменять, изменять, заставлять измениться; ср. башкаландыр-, солы-, кубулт-; Ол"
12016,2,"(Посл.) Земли, где вырос, не чуждаются,",посл земли где вырос не чуждаются,,,"jерин ӧскӧлӧбӧс, баскан jерин башкалабас (Посл.) Земли, где вырос, не чуждаются, лю, где ходили, не сторонятся ӦСКӦЛӦН1) возвр. от ӧскӧлӧняться, изменяться; ср. башкалан-, солын-, ӦСКӦРТкубул-, ӧскӧр-; эмди керек ӧскӧлӧнгӧн теперь дело изменилось; 2) отличаться чем-л.; бойыныҥ јобожыла ол ӧскӧлӧнип јат она сеотличается своей кротостью разӦСКӦЛӦНДИРпонуд. от ӧскӧлӧнменять, изменять, заставлять измениться; ср. башкаландыр-, солы-, кубулт-; Ол"
12016,3,"лю, где ходили, не сторонятся",лю где ходили не сторонятся,,,"jерин ӧскӧлӧбӧс, баскан jерин башкалабас (Посл.) Земли, где вырос, не чуждаются, лю, где ходили, не сторонятся ӦСКӦЛӦН1) возвр. от ӧскӧлӧняться, изменяться; ср. башкалан-, солын-, ӦСКӦРТкубул-, ӧскӧр-; эмди керек ӧскӧлӧнгӧн теперь дело изменилось; 2) отличаться чем-л.; бойыныҥ јобожыла ол ӧскӧлӧнип јат она сеотличается своей кротостью разӦСКӦЛӦНДИРпонуд. от ӧскӧлӧнменять, изменять, заставлять измениться; ср. башкаландыр-, солы-, кубулт-; Ол"
12016,4,ӦСКӦЛӦН1) возвр. от ӧскӧлӧ-,ӧскӧлӧн 1 возвр от ӧскӧлӧ,,,"jерин ӧскӧлӧбӧс, баскан jерин башкалабас (Посл.) Земли, где вырос, не чуждаются, лю, где ходили, не сторонятся ӦСКӦЛӦН1) возвр. от ӧскӧлӧняться, изменяться; ср. башкалан-, солын-, ӦСКӦРТкубул-, ӧскӧр-; эмди керек ӧскӧлӧнгӧн теперь дело изменилось; 2) отличаться чем-л.; бойыныҥ јобожыла ол ӧскӧлӧнип јат она сеотличается своей кротостью разӦСКӦЛӦНДИРпонуд. от ӧскӧлӧнменять, изменять, заставлять измениться; ср. башкаландыр-, солы-, кубулт-; Ол"
12016,5,"няться, изменяться",няться изменяться,,,"jерин ӧскӧлӧбӧс, баскан jерин башкалабас (Посл.) Земли, где вырос, не чуждаются, лю, где ходили, не сторонятся ӦСКӦЛӦН1) возвр. от ӧскӧлӧняться, изменяться; ср. башкалан-, солын-, ӦСКӦРТкубул-, ӧскӧр-; эмди керек ӧскӧлӧнгӧн теперь дело изменилось; 2) отличаться чем-л.; бойыныҥ јобожыла ол ӧскӧлӧнип јат она сеотличается своей кротостью разӦСКӦЛӦНДИРпонуд. от ӧскӧлӧнменять, изменять, заставлять измениться; ср. башкаландыр-, солы-, кубулт-; Ол"
12016,6,"ср. башкалан-, солын-,",ср башкалан солын,,,"jерин ӧскӧлӧбӧс, баскан jерин башкалабас (Посл.) Земли, где вырос, не чуждаются, лю, где ходили, не сторонятся ӦСКӦЛӦН1) возвр. от ӧскӧлӧняться, изменяться; ср. башкалан-, солын-, ӦСКӦРТкубул-, ӧскӧр-; эмди керек ӧскӧлӧнгӧн теперь дело изменилось; 2) отличаться чем-л.; бойыныҥ јобожыла ол ӧскӧлӧнип јат она сеотличается своей кротостью разӦСКӦЛӦНДИРпонуд. от ӧскӧлӧнменять, изменять, заставлять измениться; ср. башкаландыр-, солы-, кубулт-; Ол"
12016,7,ӦСКӦРТ-,ӧскӧрт,,,"jерин ӧскӧлӧбӧс, баскан jерин башкалабас (Посл.) Земли, где вырос, не чуждаются, лю, где ходили, не сторонятся ӦСКӦЛӦН1) возвр. от ӧскӧлӧняться, изменяться; ср. башкалан-, солын-, ӦСКӦРТкубул-, ӧскӧр-; эмди керек ӧскӧлӧнгӧн теперь дело изменилось; 2) отличаться чем-л.; бойыныҥ јобожыла ол ӧскӧлӧнип јат она сеотличается своей кротостью разӦСКӦЛӦНДИРпонуд. от ӧскӧлӧнменять, изменять, заставлять измениться; ср. башкаландыр-, солы-, кубулт-; Ол"
12016,8,"кубул-, ӧскӧр-",кубул ӧскӧр,,,"jерин ӧскӧлӧбӧс, баскан jерин башкалабас (Посл.) Земли, где вырос, не чуждаются, лю, где ходили, не сторонятся ӦСКӦЛӦН1) возвр. от ӧскӧлӧняться, изменяться; ср. башкалан-, солын-, ӦСКӦРТкубул-, ӧскӧр-; эмди керек ӧскӧлӧнгӧн теперь дело изменилось; 2) отличаться чем-л.; бойыныҥ јобожыла ол ӧскӧлӧнип јат она сеотличается своей кротостью разӦСКӦЛӦНДИРпонуд. от ӧскӧлӧнменять, изменять, заставлять измениться; ср. башкаландыр-, солы-, кубулт-; Ол"
12016,9,эмди керек ӧскӧлӧнгӧн те-,эмди керек ӧскӧлӧнгӧн те,,,"jерин ӧскӧлӧбӧс, баскан jерин башкалабас (Посл.) Земли, где вырос, не чуждаются, лю, где ходили, не сторонятся ӦСКӦЛӦН1) возвр. от ӧскӧлӧняться, изменяться; ср. башкалан-, солын-, ӦСКӦРТкубул-, ӧскӧр-; эмди керек ӧскӧлӧнгӧн теперь дело изменилось; 2) отличаться чем-л.; бойыныҥ јобожыла ол ӧскӧлӧнип јат она сеотличается своей кротостью разӦСКӦЛӦНДИРпонуд. от ӧскӧлӧнменять, изменять, заставлять измениться; ср. башкаландыр-, солы-, кубулт-; Ол"
12016,10,перь дело изменилось,перь дело изменилось,,,"jерин ӧскӧлӧбӧс, баскан jерин башкалабас (Посл.) Земли, где вырос, не чуждаются, лю, где ходили, не сторонятся ӦСКӦЛӦН1) возвр. от ӧскӧлӧняться, изменяться; ср. башкалан-, солын-, ӦСКӦРТкубул-, ӧскӧр-; эмди керек ӧскӧлӧнгӧн теперь дело изменилось; 2) отличаться чем-л.; бойыныҥ јобожыла ол ӧскӧлӧнип јат она сеотличается своей кротостью разӦСКӦЛӦНДИРпонуд. от ӧскӧлӧнменять, изменять, заставлять измениться; ср. башкаландыр-, солы-, кубулт-; Ол"
12016,11,2) отличаться чем-л.,2 отличаться чемл,,,"jерин ӧскӧлӧбӧс, баскан jерин башкалабас (Посл.) Земли, где вырос, не чуждаются, лю, где ходили, не сторонятся ӦСКӦЛӦН1) возвр. от ӧскӧлӧняться, изменяться; ср. башкалан-, солын-, ӦСКӦРТкубул-, ӧскӧр-; эмди керек ӧскӧлӧнгӧн теперь дело изменилось; 2) отличаться чем-л.; бойыныҥ јобожыла ол ӧскӧлӧнип јат она сеотличается своей кротостью разӦСКӦЛӦНДИРпонуд. от ӧскӧлӧнменять, изменять, заставлять измениться; ср. башкаландыр-, солы-, кубулт-; Ол"
12016,12,бойыныҥ јобожыла ол ӧскӧлӧнип јат она,бойыныҥ јобожыла ол ӧскӧлӧнип јат она,,,"jерин ӧскӧлӧбӧс, баскан jерин башкалабас (Посл.) Земли, где вырос, не чуждаются, лю, где ходили, не сторонятся ӦСКӦЛӦН1) возвр. от ӧскӧлӧняться, изменяться; ср. башкалан-, солын-, ӦСКӦРТкубул-, ӧскӧр-; эмди керек ӧскӧлӧнгӧн теперь дело изменилось; 2) отличаться чем-л.; бойыныҥ јобожыла ол ӧскӧлӧнип јат она сеотличается своей кротостью разӦСКӦЛӦНДИРпонуд. от ӧскӧлӧнменять, изменять, заставлять измениться; ср. башкаландыр-, солы-, кубулт-; Ол"
12016,13,сеотличается своей кротостью,се отличается своей кротостью,,,"jерин ӧскӧлӧбӧс, баскан jерин башкалабас (Посл.) Земли, где вырос, не чуждаются, лю, где ходили, не сторонятся ӦСКӦЛӦН1) возвр. от ӧскӧлӧняться, изменяться; ср. башкалан-, солын-, ӦСКӦРТкубул-, ӧскӧр-; эмди керек ӧскӧлӧнгӧн теперь дело изменилось; 2) отличаться чем-л.; бойыныҥ јобожыла ол ӧскӧлӧнип јат она сеотличается своей кротостью разӦСКӦЛӦНДИРпонуд. от ӧскӧлӧнменять, изменять, заставлять измениться; ср. башкаландыр-, солы-, кубулт-; Ол"
12016,14,раз-,раз,,,"jерин ӧскӧлӧбӧс, баскан jерин башкалабас (Посл.) Земли, где вырос, не чуждаются, лю, где ходили, не сторонятся ӦСКӦЛӦН1) возвр. от ӧскӧлӧняться, изменяться; ср. башкалан-, солын-, ӦСКӦРТкубул-, ӧскӧр-; эмди керек ӧскӧлӧнгӧн теперь дело изменилось; 2) отличаться чем-л.; бойыныҥ јобожыла ол ӧскӧлӧнип јат она сеотличается своей кротостью разӦСКӦЛӦНДИРпонуд. от ӧскӧлӧнменять, изменять, заставлять измениться; ср. башкаландыр-, солы-, кубулт-; Ол"
12016,15,ӦСКӦЛӦНДИРпонуд. от ӧскӧлӧн-,ӧскӧлӧндир понуд от ӧскӧлӧн,,,"jерин ӧскӧлӧбӧс, баскан jерин башкалабас (Посл.) Земли, где вырос, не чуждаются, лю, где ходили, не сторонятся ӦСКӦЛӦН1) возвр. от ӧскӧлӧняться, изменяться; ср. башкалан-, солын-, ӦСКӦРТкубул-, ӧскӧр-; эмди керек ӧскӧлӧнгӧн теперь дело изменилось; 2) отличаться чем-л.; бойыныҥ јобожыла ол ӧскӧлӧнип јат она сеотличается своей кротостью разӦСКӦЛӦНДИРпонуд. от ӧскӧлӧнменять, изменять, заставлять измениться; ср. башкаландыр-, солы-, кубулт-; Ол"
12016,16,"менять, изменять, заставлять измениться",менять изменять заставлять измениться,,,"jерин ӧскӧлӧбӧс, баскан jерин башкалабас (Посл.) Земли, где вырос, не чуждаются, лю, где ходили, не сторонятся ӦСКӦЛӦН1) возвр. от ӧскӧлӧняться, изменяться; ср. башкалан-, солын-, ӦСКӦРТкубул-, ӧскӧр-; эмди керек ӧскӧлӧнгӧн теперь дело изменилось; 2) отличаться чем-л.; бойыныҥ јобожыла ол ӧскӧлӧнип јат она сеотличается своей кротостью разӦСКӦЛӦНДИРпонуд. от ӧскӧлӧнменять, изменять, заставлять измениться; ср. башкаландыр-, солы-, кубулт-; Ол"
12016,17,"ср. башкаландыр-, солы-, кубулт-",ср башкаландыр солы кубулт,,,"jерин ӧскӧлӧбӧс, баскан jерин башкалабас (Посл.) Земли, где вырос, не чуждаются, лю, где ходили, не сторонятся ӦСКӦЛӦН1) возвр. от ӧскӧлӧняться, изменяться; ср. башкалан-, солын-, ӦСКӦРТкубул-, ӧскӧр-; эмди керек ӧскӧлӧнгӧн теперь дело изменилось; 2) отличаться чем-л.; бойыныҥ јобожыла ол ӧскӧлӧнип јат она сеотличается своей кротостью разӦСКӦЛӦНДИРпонуд. от ӧскӧлӧнменять, изменять, заставлять измениться; ср. башкаландыр-, солы-, кубулт-; Ол"
12016,18,Ол,ол,,,"jерин ӧскӧлӧбӧс, баскан jерин башкалабас (Посл.) Земли, где вырос, не чуждаются, лю, где ходили, не сторонятся ӦСКӦЛӦН1) возвр. от ӧскӧлӧняться, изменяться; ср. башкалан-, солын-, ӦСКӦРТкубул-, ӧскӧр-; эмди керек ӧскӧлӧнгӧн теперь дело изменилось; 2) отличаться чем-л.; бойыныҥ јобожыла ол ӧскӧлӧнип јат она сеотличается своей кротостью разӦСКӦЛӦНДИРпонуд. от ӧскӧлӧнменять, изменять, заставлять измениться; ср. башкаландыр-, солы-, кубулт-; Ол"
12032,1,ӧскӱс артар осиротеть,ӧскӱс артар осиротеть,,,"ӧскӱс артар осиротеть; ӧскӱстердиҥ туразы детский дом; Энениҥ ӧскӱзи — эки ӧскӱс, аданыҥ ӧскӱзи — бир ӧскӱс (Погов.) Сирота без матери — дважды сирота, сирота без отца — один раз сирота; Ӧскӱсти ӧрӧ тарт, jабысты jаба тарт (Посл.) Сироту вверх тяни, беспомощного за собой тяни"
12032,2,ӧскӱстердиҥ,ӧскӱстердиҥ,,,"ӧскӱс артар осиротеть; ӧскӱстердиҥ туразы детский дом; Энениҥ ӧскӱзи — эки ӧскӱс, аданыҥ ӧскӱзи — бир ӧскӱс (Погов.) Сирота без матери — дважды сирота, сирота без отца — один раз сирота; Ӧскӱсти ӧрӧ тарт, jабысты jаба тарт (Посл.) Сироту вверх тяни, беспомощного за собой тяни"
12032,3,туразы детский дом,туразы детский дом,,,"ӧскӱс артар осиротеть; ӧскӱстердиҥ туразы детский дом; Энениҥ ӧскӱзи — эки ӧскӱс, аданыҥ ӧскӱзи — бир ӧскӱс (Погов.) Сирота без матери — дважды сирота, сирота без отца — один раз сирота; Ӧскӱсти ӧрӧ тарт, jабысты jаба тарт (Посл.) Сироту вверх тяни, беспомощного за собой тяни"
12032,4,Энениҥ ӧскӱзи,энениҥ ӧскӱзи,эки,,"ӧскӱс артар осиротеть; ӧскӱстердиҥ туразы детский дом; Энениҥ ӧскӱзи — эки ӧскӱс, аданыҥ ӧскӱзи — бир ӧскӱс (Погов.) Сирота без матери — дважды сирота, сирота без отца — один раз сирота; Ӧскӱсти ӧрӧ тарт, jабысты jаба тарт (Посл.) Сироту вверх тяни, беспомощного за собой тяни"
12032,5,"ӧскӱс, аданыҥ ӧскӱзи",ӧскӱс аданыҥ ӧскӱзи,бир ӧскӱс (По-,,"ӧскӱс артар осиротеть; ӧскӱстердиҥ туразы детский дом; Энениҥ ӧскӱзи — эки ӧскӱс, аданыҥ ӧскӱзи — бир ӧскӱс (Погов.) Сирота без матери — дважды сирота, сирота без отца — один раз сирота; Ӧскӱсти ӧрӧ тарт, jабысты jаба тарт (Посл.) Сироту вверх тяни, беспомощного за собой тяни"
12032,6,гов.) Сирота без матери,гов сирота без матери,"дважды сирота,",,"ӧскӱс артар осиротеть; ӧскӱстердиҥ туразы детский дом; Энениҥ ӧскӱзи — эки ӧскӱс, аданыҥ ӧскӱзи — бир ӧскӱс (Погов.) Сирота без матери — дважды сирота, сирота без отца — один раз сирота; Ӧскӱсти ӧрӧ тарт, jабысты jаба тарт (Посл.) Сироту вверх тяни, беспомощного за собой тяни"
12032,7,сирота без отца,сирота без отца,один раз сирота,,"ӧскӱс артар осиротеть; ӧскӱстердиҥ туразы детский дом; Энениҥ ӧскӱзи — эки ӧскӱс, аданыҥ ӧскӱзи — бир ӧскӱс (Погов.) Сирота без матери — дважды сирота, сирота без отца — один раз сирота; Ӧскӱсти ӧрӧ тарт, jабысты jаба тарт (Посл.) Сироту вверх тяни, беспомощного за собой тяни"
12032,8,Ӧскӱсти,ӧскӱсти,,,"ӧскӱс артар осиротеть; ӧскӱстердиҥ туразы детский дом; Энениҥ ӧскӱзи — эки ӧскӱс, аданыҥ ӧскӱзи — бир ӧскӱс (Погов.) Сирота без матери — дважды сирота, сирота без отца — один раз сирота; Ӧскӱсти ӧрӧ тарт, jабысты jаба тарт (Посл.) Сироту вверх тяни, беспомощного за собой тяни"
12032,9,"ӧрӧ тарт, jабысты jаба тарт (Посл.) Сироту",ӧрӧ тарт jабысты jаба тарт посл сироту,,,"ӧскӱс артар осиротеть; ӧскӱстердиҥ туразы детский дом; Энениҥ ӧскӱзи — эки ӧскӱс, аданыҥ ӧскӱзи — бир ӧскӱс (Погов.) Сирота без матери — дважды сирота, сирота без отца — один раз сирота; Ӧскӱсти ӧрӧ тарт, jабысты jаба тарт (Посл.) Сироту вверх тяни, беспомощного за собой тяни"
12032,10,"вверх тяни, беспомощного за собой тяни",вверх тяни беспомощного за собой тяни,,,"ӧскӱс артар осиротеть; ӧскӱстердиҥ туразы детский дом; Энениҥ ӧскӱзи — эки ӧскӱс, аданыҥ ӧскӱзи — бир ӧскӱс (Погов.) Сирота без матери — дважды сирота, сирота без отца — один раз сирота; Ӧскӱсти ӧрӧ тарт, jабысты jаба тарт (Посл.) Сироту вверх тяни, беспомощного за собой тяни"
12033,1,Ӧскӱс-jабысты ба-,ӧскӱсjабысты ба,,,"Ӧскӱс-jабысты базынба, ӧтпӧгин блаашпа (Посл.) Сироту не обижай, лепёшку его не отбирай"
12033,2,"зынба, ӧтпӧгин блаашпа (Посл.) Сироту не",зынба ӧтпӧгин блаашпа посл сироту не,,,"Ӧскӱс-jабысты базынба, ӧтпӧгин блаашпа (Посл.) Сироту не обижай, лепёшку его не отбирай"
12033,3,"обижай, лепёшку его не отбирай",обижай лепёшку его не отбирай,,,"Ӧскӱс-jабысты базынба, ӧтпӧгин блаашпа (Посл.) Сироту не обижай, лепёшку его не отбирай"
12041,1,ӧткӧк оору мед. дизентерия,ӧткӧк оору мед дизентерия,,,"ӧткӧк оору мед. дизентерия ӦТКӦН1) подражать, повторять; куштардыҥ ӱнин ӧткӧнӧр подражать лосу птиц; ӱредӱчиниҥ кийнинеҥ ӧткӧнӧр повторять за учителем; 2) пародировать; артисттерди ӧткӧнӧр пародировать стов; 3) передразнивать; «Бат кандый!» деп, Койлук тунгак ӱниле jашӧскӱримди ӧткӧнип ле шоодып, кыскачак ла капшуун колдорыла кейди кезе согуп ийди (Б. чин) «Вот как!» — Койлук, глухим голосом передразнивая и насмехаясь над молодёжью, провёл короткими и проворными руками ӦТКӰРчувпо воздуху; ♦ Jакшы кылыкка ӧткӧнӧргӧ дӧ вреjакшы (Погов.) Хорошему поступку и подражать хорошо"
12041,2,"ӦТКӦН1) подражать, повторять",ӧткӧн 1 подражать повторять,,,"ӧткӧк оору мед. дизентерия ӦТКӦН1) подражать, повторять; куштардыҥ ӱнин ӧткӧнӧр подражать лосу птиц; ӱредӱчиниҥ кийнинеҥ ӧткӧнӧр повторять за учителем; 2) пародировать; артисттерди ӧткӧнӧр пародировать стов; 3) передразнивать; «Бат кандый!» деп, Койлук тунгак ӱниле jашӧскӱримди ӧткӧнип ле шоодып, кыскачак ла капшуун колдорыла кейди кезе согуп ийди (Б. чин) «Вот как!» — Койлук, глухим голосом передразнивая и насмехаясь над молодёжью, провёл короткими и проворными руками ӦТКӰРчувпо воздуху; ♦ Jакшы кылыкка ӧткӧнӧргӧ дӧ вреjакшы (Погов.) Хорошему поступку и подражать хорошо"
12041,3,куштардыҥ ӱнин ӧткӧнӧр подражать,куштардыҥ ӱнин ӧткӧнӧр подражать,,,"ӧткӧк оору мед. дизентерия ӦТКӦН1) подражать, повторять; куштардыҥ ӱнин ӧткӧнӧр подражать лосу птиц; ӱредӱчиниҥ кийнинеҥ ӧткӧнӧр повторять за учителем; 2) пародировать; артисттерди ӧткӧнӧр пародировать стов; 3) передразнивать; «Бат кандый!» деп, Койлук тунгак ӱниле jашӧскӱримди ӧткӧнип ле шоодып, кыскачак ла капшуун колдорыла кейди кезе согуп ийди (Б. чин) «Вот как!» — Койлук, глухим голосом передразнивая и насмехаясь над молодёжью, провёл короткими и проворными руками ӦТКӰРчувпо воздуху; ♦ Jакшы кылыкка ӧткӧнӧргӧ дӧ вреjакшы (Погов.) Хорошему поступку и подражать хорошо"
12041,4,лосу птиц,лосу птиц,,,"ӧткӧк оору мед. дизентерия ӦТКӦН1) подражать, повторять; куштардыҥ ӱнин ӧткӧнӧр подражать лосу птиц; ӱредӱчиниҥ кийнинеҥ ӧткӧнӧр повторять за учителем; 2) пародировать; артисттерди ӧткӧнӧр пародировать стов; 3) передразнивать; «Бат кандый!» деп, Койлук тунгак ӱниле jашӧскӱримди ӧткӧнип ле шоодып, кыскачак ла капшуун колдорыла кейди кезе согуп ийди (Б. чин) «Вот как!» — Койлук, глухим голосом передразнивая и насмехаясь над молодёжью, провёл короткими и проворными руками ӦТКӰРчувпо воздуху; ♦ Jакшы кылыкка ӧткӧнӧргӧ дӧ вреjакшы (Погов.) Хорошему поступку и подражать хорошо"
12041,5,ӱредӱчиниҥ кийнинеҥ ӧткӧнӧр,ӱредӱчиниҥ кийнинеҥ ӧткӧнӧр,,,"ӧткӧк оору мед. дизентерия ӦТКӦН1) подражать, повторять; куштардыҥ ӱнин ӧткӧнӧр подражать лосу птиц; ӱредӱчиниҥ кийнинеҥ ӧткӧнӧр повторять за учителем; 2) пародировать; артисттерди ӧткӧнӧр пародировать стов; 3) передразнивать; «Бат кандый!» деп, Койлук тунгак ӱниле jашӧскӱримди ӧткӧнип ле шоодып, кыскачак ла капшуун колдорыла кейди кезе согуп ийди (Б. чин) «Вот как!» — Койлук, глухим голосом передразнивая и насмехаясь над молодёжью, провёл короткими и проворными руками ӦТКӰРчувпо воздуху; ♦ Jакшы кылыкка ӧткӧнӧргӧ дӧ вреjакшы (Погов.) Хорошему поступку и подражать хорошо"
12041,6,повторять за учителем,повторять за учителем,,,"ӧткӧк оору мед. дизентерия ӦТКӦН1) подражать, повторять; куштардыҥ ӱнин ӧткӧнӧр подражать лосу птиц; ӱредӱчиниҥ кийнинеҥ ӧткӧнӧр повторять за учителем; 2) пародировать; артисттерди ӧткӧнӧр пародировать стов; 3) передразнивать; «Бат кандый!» деп, Койлук тунгак ӱниле jашӧскӱримди ӧткӧнип ле шоодып, кыскачак ла капшуун колдорыла кейди кезе согуп ийди (Б. чин) «Вот как!» — Койлук, глухим голосом передразнивая и насмехаясь над молодёжью, провёл короткими и проворными руками ӦТКӰРчувпо воздуху; ♦ Jакшы кылыкка ӧткӧнӧргӧ дӧ вреjакшы (Погов.) Хорошему поступку и подражать хорошо"
12041,7,2) пародировать,2 пародировать,,,"ӧткӧк оору мед. дизентерия ӦТКӦН1) подражать, повторять; куштардыҥ ӱнин ӧткӧнӧр подражать лосу птиц; ӱредӱчиниҥ кийнинеҥ ӧткӧнӧр повторять за учителем; 2) пародировать; артисттерди ӧткӧнӧр пародировать стов; 3) передразнивать; «Бат кандый!» деп, Койлук тунгак ӱниле jашӧскӱримди ӧткӧнип ле шоодып, кыскачак ла капшуун колдорыла кейди кезе согуп ийди (Б. чин) «Вот как!» — Койлук, глухим голосом передразнивая и насмехаясь над молодёжью, провёл короткими и проворными руками ӦТКӰРчувпо воздуху; ♦ Jакшы кылыкка ӧткӧнӧргӧ дӧ вреjакшы (Погов.) Хорошему поступку и подражать хорошо"
12041,8,артисттерди ӧткӧнӧр пародировать,артисттерди ӧткӧнӧр пародировать,,,"ӧткӧк оору мед. дизентерия ӦТКӦН1) подражать, повторять; куштардыҥ ӱнин ӧткӧнӧр подражать лосу птиц; ӱредӱчиниҥ кийнинеҥ ӧткӧнӧр повторять за учителем; 2) пародировать; артисттерди ӧткӧнӧр пародировать стов; 3) передразнивать; «Бат кандый!» деп, Койлук тунгак ӱниле jашӧскӱримди ӧткӧнип ле шоодып, кыскачак ла капшуун колдорыла кейди кезе согуп ийди (Б. чин) «Вот как!» — Койлук, глухим голосом передразнивая и насмехаясь над молодёжью, провёл короткими и проворными руками ӦТКӰРчувпо воздуху; ♦ Jакшы кылыкка ӧткӧнӧргӧ дӧ вреjакшы (Погов.) Хорошему поступку и подражать хорошо"
12041,9,стов,стов,,,"ӧткӧк оору мед. дизентерия ӦТКӦН1) подражать, повторять; куштардыҥ ӱнин ӧткӧнӧр подражать лосу птиц; ӱредӱчиниҥ кийнинеҥ ӧткӧнӧр повторять за учителем; 2) пародировать; артисттерди ӧткӧнӧр пародировать стов; 3) передразнивать; «Бат кандый!» деп, Койлук тунгак ӱниле jашӧскӱримди ӧткӧнип ле шоодып, кыскачак ла капшуун колдорыла кейди кезе согуп ийди (Б. чин) «Вот как!» — Койлук, глухим голосом передразнивая и насмехаясь над молодёжью, провёл короткими и проворными руками ӦТКӰРчувпо воздуху; ♦ Jакшы кылыкка ӧткӧнӧргӧ дӧ вреjакшы (Погов.) Хорошему поступку и подражать хорошо"
12041,10,3) передразнивать,3 передразнивать,,,"ӧткӧк оору мед. дизентерия ӦТКӦН1) подражать, повторять; куштардыҥ ӱнин ӧткӧнӧр подражать лосу птиц; ӱредӱчиниҥ кийнинеҥ ӧткӧнӧр повторять за учителем; 2) пародировать; артисттерди ӧткӧнӧр пародировать стов; 3) передразнивать; «Бат кандый!» деп, Койлук тунгак ӱниле jашӧскӱримди ӧткӧнип ле шоодып, кыскачак ла капшуун колдорыла кейди кезе согуп ийди (Б. чин) «Вот как!» — Койлук, глухим голосом передразнивая и насмехаясь над молодёжью, провёл короткими и проворными руками ӦТКӰРчувпо воздуху; ♦ Jакшы кылыкка ӧткӧнӧргӧ дӧ вреjакшы (Погов.) Хорошему поступку и подражать хорошо"
12041,11,«Бат кандый!»,бат кандый,,,"ӧткӧк оору мед. дизентерия ӦТКӦН1) подражать, повторять; куштардыҥ ӱнин ӧткӧнӧр подражать лосу птиц; ӱредӱчиниҥ кийнинеҥ ӧткӧнӧр повторять за учителем; 2) пародировать; артисттерди ӧткӧнӧр пародировать стов; 3) передразнивать; «Бат кандый!» деп, Койлук тунгак ӱниле jашӧскӱримди ӧткӧнип ле шоодып, кыскачак ла капшуун колдорыла кейди кезе согуп ийди (Б. чин) «Вот как!» — Койлук, глухим голосом передразнивая и насмехаясь над молодёжью, провёл короткими и проворными руками ӦТКӰРчувпо воздуху; ♦ Jакшы кылыкка ӧткӧнӧргӧ дӧ вреjакшы (Погов.) Хорошему поступку и подражать хорошо"
12041,12,"деп, Койлук тунгак ӱниле jашӧскӱримди",деп койлук тунгак ӱниле jашӧскӱримди,,,"ӧткӧк оору мед. дизентерия ӦТКӦН1) подражать, повторять; куштардыҥ ӱнин ӧткӧнӧр подражать лосу птиц; ӱредӱчиниҥ кийнинеҥ ӧткӧнӧр повторять за учителем; 2) пародировать; артисттерди ӧткӧнӧр пародировать стов; 3) передразнивать; «Бат кандый!» деп, Койлук тунгак ӱниле jашӧскӱримди ӧткӧнип ле шоодып, кыскачак ла капшуун колдорыла кейди кезе согуп ийди (Б. чин) «Вот как!» — Койлук, глухим голосом передразнивая и насмехаясь над молодёжью, провёл короткими и проворными руками ӦТКӰРчувпо воздуху; ♦ Jакшы кылыкка ӧткӧнӧргӧ дӧ вреjакшы (Погов.) Хорошему поступку и подражать хорошо"
12041,13,"ӧткӧнип ле шоодып, кыскачак ла капшуун",ӧткӧнип ле шоодып кыскачак ла капшуун,,,"ӧткӧк оору мед. дизентерия ӦТКӦН1) подражать, повторять; куштардыҥ ӱнин ӧткӧнӧр подражать лосу птиц; ӱредӱчиниҥ кийнинеҥ ӧткӧнӧр повторять за учителем; 2) пародировать; артисттерди ӧткӧнӧр пародировать стов; 3) передразнивать; «Бат кандый!» деп, Койлук тунгак ӱниле jашӧскӱримди ӧткӧнип ле шоодып, кыскачак ла капшуун колдорыла кейди кезе согуп ийди (Б. чин) «Вот как!» — Койлук, глухим голосом передразнивая и насмехаясь над молодёжью, провёл короткими и проворными руками ӦТКӰРчувпо воздуху; ♦ Jакшы кылыкка ӧткӧнӧргӧ дӧ вреjакшы (Погов.) Хорошему поступку и подражать хорошо"
12041,14,колдорыла кейди кезе согуп ийди (Б.,колдорыла кейди кезе согуп ийди б,,,"ӧткӧк оору мед. дизентерия ӦТКӦН1) подражать, повторять; куштардыҥ ӱнин ӧткӧнӧр подражать лосу птиц; ӱредӱчиниҥ кийнинеҥ ӧткӧнӧр повторять за учителем; 2) пародировать; артисттерди ӧткӧнӧр пародировать стов; 3) передразнивать; «Бат кандый!» деп, Койлук тунгак ӱниле jашӧскӱримди ӧткӧнип ле шоодып, кыскачак ла капшуун колдорыла кейди кезе согуп ийди (Б. чин) «Вот как!» — Койлук, глухим голосом передразнивая и насмехаясь над молодёжью, провёл короткими и проворными руками ӦТКӰРчувпо воздуху; ♦ Jакшы кылыкка ӧткӧнӧргӧ дӧ вреjакшы (Погов.) Хорошему поступку и подражать хорошо"
12041,15,чин) «Вот как!»,чин вот как,"Койлук, глухим голосом",,"ӧткӧк оору мед. дизентерия ӦТКӦН1) подражать, повторять; куштардыҥ ӱнин ӧткӧнӧр подражать лосу птиц; ӱредӱчиниҥ кийнинеҥ ӧткӧнӧр повторять за учителем; 2) пародировать; артисттерди ӧткӧнӧр пародировать стов; 3) передразнивать; «Бат кандый!» деп, Койлук тунгак ӱниле jашӧскӱримди ӧткӧнип ле шоодып, кыскачак ла капшуун колдорыла кейди кезе согуп ийди (Б. чин) «Вот как!» — Койлук, глухим голосом передразнивая и насмехаясь над молодёжью, провёл короткими и проворными руками ӦТКӰРчувпо воздуху; ♦ Jакшы кылыкка ӧткӧнӧргӧ дӧ вреjакшы (Погов.) Хорошему поступку и подражать хорошо"
12041,16,"передразнивая и насмехаясь над молодёжью,",передразнивая и насмехаясь над молодёжью,,,"ӧткӧк оору мед. дизентерия ӦТКӦН1) подражать, повторять; куштардыҥ ӱнин ӧткӧнӧр подражать лосу птиц; ӱредӱчиниҥ кийнинеҥ ӧткӧнӧр повторять за учителем; 2) пародировать; артисттерди ӧткӧнӧр пародировать стов; 3) передразнивать; «Бат кандый!» деп, Койлук тунгак ӱниле jашӧскӱримди ӧткӧнип ле шоодып, кыскачак ла капшуун колдорыла кейди кезе согуп ийди (Б. чин) «Вот как!» — Койлук, глухим голосом передразнивая и насмехаясь над молодёжью, провёл короткими и проворными руками ӦТКӰРчувпо воздуху; ♦ Jакшы кылыкка ӧткӧнӧргӧ дӧ вреjакшы (Погов.) Хорошему поступку и подражать хорошо"
12041,17,провёл короткими и проворными руками,провёл короткими и проворными руками,,,"ӧткӧк оору мед. дизентерия ӦТКӦН1) подражать, повторять; куштардыҥ ӱнин ӧткӧнӧр подражать лосу птиц; ӱредӱчиниҥ кийнинеҥ ӧткӧнӧр повторять за учителем; 2) пародировать; артисттерди ӧткӧнӧр пародировать стов; 3) передразнивать; «Бат кандый!» деп, Койлук тунгак ӱниле jашӧскӱримди ӧткӧнип ле шоодып, кыскачак ла капшуун колдорыла кейди кезе согуп ийди (Б. чин) «Вот как!» — Койлук, глухим голосом передразнивая и насмехаясь над молодёжью, провёл короткими и проворными руками ӦТКӰРчувпо воздуху; ♦ Jакшы кылыкка ӧткӧнӧргӧ дӧ вреjакшы (Погов.) Хорошему поступку и подражать хорошо"
12041,18,ӦТКӰР-,ӧткӱр,,,"ӧткӧк оору мед. дизентерия ӦТКӦН1) подражать, повторять; куштардыҥ ӱнин ӧткӧнӧр подражать лосу птиц; ӱредӱчиниҥ кийнинеҥ ӧткӧнӧр повторять за учителем; 2) пародировать; артисттерди ӧткӧнӧр пародировать стов; 3) передразнивать; «Бат кандый!» деп, Койлук тунгак ӱниле jашӧскӱримди ӧткӧнип ле шоодып, кыскачак ла капшуун колдорыла кейди кезе согуп ийди (Б. чин) «Вот как!» — Койлук, глухим голосом передразнивая и насмехаясь над молодёжью, провёл короткими и проворными руками ӦТКӰРчувпо воздуху; ♦ Jакшы кылыкка ӧткӧнӧргӧ дӧ вреjакшы (Погов.) Хорошему поступку и подражать хорошо"
12041,19,чувпо воздуху,чув по воздуху,,,"ӧткӧк оору мед. дизентерия ӦТКӦН1) подражать, повторять; куштардыҥ ӱнин ӧткӧнӧр подражать лосу птиц; ӱредӱчиниҥ кийнинеҥ ӧткӧнӧр повторять за учителем; 2) пародировать; артисттерди ӧткӧнӧр пародировать стов; 3) передразнивать; «Бат кандый!» деп, Койлук тунгак ӱниле jашӧскӱримди ӧткӧнип ле шоодып, кыскачак ла капшуун колдорыла кейди кезе согуп ийди (Б. чин) «Вот как!» — Койлук, глухим голосом передразнивая и насмехаясь над молодёжью, провёл короткими и проворными руками ӦТКӰРчувпо воздуху; ♦ Jакшы кылыкка ӧткӧнӧргӧ дӧ вреjакшы (Погов.) Хорошему поступку и подражать хорошо"
12041,20,♦ Jакшы кылыкка ӧткӧнӧргӧ дӧ,jакшы кылыкка ӧткӧнӧргӧ дӧ,,,"ӧткӧк оору мед. дизентерия ӦТКӦН1) подражать, повторять; куштардыҥ ӱнин ӧткӧнӧр подражать лосу птиц; ӱредӱчиниҥ кийнинеҥ ӧткӧнӧр повторять за учителем; 2) пародировать; артисттерди ӧткӧнӧр пародировать стов; 3) передразнивать; «Бат кандый!» деп, Койлук тунгак ӱниле jашӧскӱримди ӧткӧнип ле шоодып, кыскачак ла капшуун колдорыла кейди кезе согуп ийди (Б. чин) «Вот как!» — Койлук, глухим голосом передразнивая и насмехаясь над молодёжью, провёл короткими и проворными руками ӦТКӰРчувпо воздуху; ♦ Jакшы кылыкка ӧткӧнӧргӧ дӧ вреjакшы (Погов.) Хорошему поступку и подражать хорошо"
12041,21,вреjакшы (Погов.) Хорошему поступку и подра-,вре jакшы погов хорошему поступку и подра,,,"ӧткӧк оору мед. дизентерия ӦТКӦН1) подражать, повторять; куштардыҥ ӱнин ӧткӧнӧр подражать лосу птиц; ӱредӱчиниҥ кийнинеҥ ӧткӧнӧр повторять за учителем; 2) пародировать; артисттерди ӧткӧнӧр пародировать стов; 3) передразнивать; «Бат кандый!» деп, Койлук тунгак ӱниле jашӧскӱримди ӧткӧнип ле шоодып, кыскачак ла капшуун колдорыла кейди кезе согуп ийди (Б. чин) «Вот как!» — Койлук, глухим голосом передразнивая и насмехаясь над молодёжью, провёл короткими и проворными руками ӦТКӰРчувпо воздуху; ♦ Jакшы кылыкка ӧткӧнӧргӧ дӧ вреjакшы (Погов.) Хорошему поступку и подражать хорошо"
12041,22,жать хорошо,жать хорошо,,,"ӧткӧк оору мед. дизентерия ӦТКӦН1) подражать, повторять; куштардыҥ ӱнин ӧткӧнӧр подражать лосу птиц; ӱредӱчиниҥ кийнинеҥ ӧткӧнӧр повторять за учителем; 2) пародировать; артисттерди ӧткӧнӧр пародировать стов; 3) передразнивать; «Бат кандый!» деп, Койлук тунгак ӱниле jашӧскӱримди ӧткӧнип ле шоодып, кыскачак ла капшуун колдорыла кейди кезе согуп ийди (Б. чин) «Вот как!» — Койлук, глухим голосом передразнивая и насмехаясь над молодёжью, провёл короткими и проворными руками ӦТКӰРчувпо воздуху; ♦ Jакшы кылыкка ӧткӧнӧргӧ дӧ вреjакшы (Погов.) Хорошему поступку и подражать хорошо"
12044,1,ӧткӱн бычак острый нож,ӧткӱн бычак острый нож,,,ӧткӱн бычак острый нож;
12049,1,ӧткӱре кӧрӧр видеть,ӧткӱре кӧрӧр видеть,,,ӧткӱре кӧрӧр видеть насквозь ӦТКӰРЕЕЧИ ведущий; jиит ӧткӱреечи молодой ведущий
12049,2,насквозь,насквозь,,,ӧткӱре кӧрӧр видеть насквозь ӦТКӰРЕЕЧИ ведущий; jиит ӧткӱреечи молодой ведущий
12049,3,ӦТКӰРЕЕЧИ ведущий,ӧткӱреечи ведущий,,,ӧткӱре кӧрӧр видеть насквозь ӦТКӰРЕЕЧИ ведущий; jиит ӧткӱреечи молодой ведущий
12049,4,jиит ӧткӱреечи,jиит ӧткӱреечи,,,ӧткӱре кӧрӧр видеть насквозь ӦТКӰРЕЕЧИ ведущий; jиит ӧткӱреечи молодой ведущий
12049,5,молодой ведущий,молодой ведущий,,,ӧткӱре кӧрӧр видеть насквозь ӦТКӰРЕЕЧИ ведущий; jиит ӧткӱреечи молодой ведущий
12063,1,"«Ӧлӧдим» деп ӧтпӧгиҥ чачпа, «Кӧчӧдим»",ӧлӧдим деп ӧтпӧгиҥ чачпа кӧчӧдим,,,"«Ӧлӧдим» деп ӧтпӧгиҥ чачпа, «Кӧчӧдим» деп, кӧчӧҥ тӧкпӧ (Погов.) Не бросай лепёшку, говоря, что умрёшь, не выливай ячменный суп, говоря, что уедешь ӦТПӦС тупой; ср. моко; ӧтпӧс бычак тупой нож; ♦ Ӧтпӧсти билебе, укпасты сӱлебе (Посл.) Тупое не точи, непослушного не учи ӦЧ месть, отмщение; злоба; ср. ӧч-ӧӧн,"
12063,2,"деп, кӧчӧҥ тӧкпӧ (Погов.) Не бросай лепёш-",деп кӧчӧҥ тӧкпӧ погов не бросай лепёш,,,"«Ӧлӧдим» деп ӧтпӧгиҥ чачпа, «Кӧчӧдим» деп, кӧчӧҥ тӧкпӧ (Погов.) Не бросай лепёшку, говоря, что умрёшь, не выливай ячменный суп, говоря, что уедешь ӦТПӦС тупой; ср. моко; ӧтпӧс бычак тупой нож; ♦ Ӧтпӧсти билебе, укпасты сӱлебе (Посл.) Тупое не точи, непослушного не учи ӦЧ месть, отмщение; злоба; ср. ӧч-ӧӧн,"
12063,3,"ку, говоря, что умрёшь, не выливай ячменный",ку говоря что умрёшь не выливай ячменный,,,"«Ӧлӧдим» деп ӧтпӧгиҥ чачпа, «Кӧчӧдим» деп, кӧчӧҥ тӧкпӧ (Погов.) Не бросай лепёшку, говоря, что умрёшь, не выливай ячменный суп, говоря, что уедешь ӦТПӦС тупой; ср. моко; ӧтпӧс бычак тупой нож; ♦ Ӧтпӧсти билебе, укпасты сӱлебе (Посл.) Тупое не точи, непослушного не учи ӦЧ месть, отмщение; злоба; ср. ӧч-ӧӧн,"
12063,4,"суп, говоря, что уедешь",суп говоря что уедешь,,,"«Ӧлӧдим» деп ӧтпӧгиҥ чачпа, «Кӧчӧдим» деп, кӧчӧҥ тӧкпӧ (Погов.) Не бросай лепёшку, говоря, что умрёшь, не выливай ячменный суп, говоря, что уедешь ӦТПӦС тупой; ср. моко; ӧтпӧс бычак тупой нож; ♦ Ӧтпӧсти билебе, укпасты сӱлебе (Посл.) Тупое не точи, непослушного не учи ӦЧ месть, отмщение; злоба; ср. ӧч-ӧӧн,"
12063,5,ӦТПӦС тупой,ӧтпӧс тупой,,,"«Ӧлӧдим» деп ӧтпӧгиҥ чачпа, «Кӧчӧдим» деп, кӧчӧҥ тӧкпӧ (Погов.) Не бросай лепёшку, говоря, что умрёшь, не выливай ячменный суп, говоря, что уедешь ӦТПӦС тупой; ср. моко; ӧтпӧс бычак тупой нож; ♦ Ӧтпӧсти билебе, укпасты сӱлебе (Посл.) Тупое не точи, непослушного не учи ӦЧ месть, отмщение; злоба; ср. ӧч-ӧӧн,"
12063,6,ср. моко,ср моко,,,"«Ӧлӧдим» деп ӧтпӧгиҥ чачпа, «Кӧчӧдим» деп, кӧчӧҥ тӧкпӧ (Погов.) Не бросай лепёшку, говоря, что умрёшь, не выливай ячменный суп, говоря, что уедешь ӦТПӦС тупой; ср. моко; ӧтпӧс бычак тупой нож; ♦ Ӧтпӧсти билебе, укпасты сӱлебе (Посл.) Тупое не точи, непослушного не учи ӦЧ месть, отмщение; злоба; ср. ӧч-ӧӧн,"
12063,7,ӧтпӧс бычак ту-,ӧтпӧс бычак ту,,,"«Ӧлӧдим» деп ӧтпӧгиҥ чачпа, «Кӧчӧдим» деп, кӧчӧҥ тӧкпӧ (Погов.) Не бросай лепёшку, говоря, что умрёшь, не выливай ячменный суп, говоря, что уедешь ӦТПӦС тупой; ср. моко; ӧтпӧс бычак тупой нож; ♦ Ӧтпӧсти билебе, укпасты сӱлебе (Посл.) Тупое не точи, непослушного не учи ӦЧ месть, отмщение; злоба; ср. ӧч-ӧӧн,"
12063,8,пой нож,пой нож,,,"«Ӧлӧдим» деп ӧтпӧгиҥ чачпа, «Кӧчӧдим» деп, кӧчӧҥ тӧкпӧ (Погов.) Не бросай лепёшку, говоря, что умрёшь, не выливай ячменный суп, говоря, что уедешь ӦТПӦС тупой; ср. моко; ӧтпӧс бычак тупой нож; ♦ Ӧтпӧсти билебе, укпасты сӱлебе (Посл.) Тупое не точи, непослушного не учи ӦЧ месть, отмщение; злоба; ср. ӧч-ӧӧн,"
12063,9,"♦ Ӧтпӧсти билебе, укпасты сӱлебе",ӧтпӧсти билебе укпасты сӱлебе,,,"«Ӧлӧдим» деп ӧтпӧгиҥ чачпа, «Кӧчӧдим» деп, кӧчӧҥ тӧкпӧ (Погов.) Не бросай лепёшку, говоря, что умрёшь, не выливай ячменный суп, говоря, что уедешь ӦТПӦС тупой; ср. моко; ӧтпӧс бычак тупой нож; ♦ Ӧтпӧсти билебе, укпасты сӱлебе (Посл.) Тупое не точи, непослушного не учи ӦЧ месть, отмщение; злоба; ср. ӧч-ӧӧн,"
12063,10,"(Посл.) Тупое не точи, непослушного не учи",посл тупое не точи непослушного не учи,,,"«Ӧлӧдим» деп ӧтпӧгиҥ чачпа, «Кӧчӧдим» деп, кӧчӧҥ тӧкпӧ (Погов.) Не бросай лепёшку, говоря, что умрёшь, не выливай ячменный суп, говоря, что уедешь ӦТПӦС тупой; ср. моко; ӧтпӧс бычак тупой нож; ♦ Ӧтпӧсти билебе, укпасты сӱлебе (Посл.) Тупое не точи, непослушного не учи ӦЧ месть, отмщение; злоба; ср. ӧч-ӧӧн,"
12063,11,"ӦЧ месть, отмщение",ӧч месть отмщение,,,"«Ӧлӧдим» деп ӧтпӧгиҥ чачпа, «Кӧчӧдим» деп, кӧчӧҥ тӧкпӧ (Погов.) Не бросай лепёшку, говоря, что умрёшь, не выливай ячменный суп, говоря, что уедешь ӦТПӦС тупой; ср. моко; ӧтпӧс бычак тупой нож; ♦ Ӧтпӧсти билебе, укпасты сӱлебе (Посл.) Тупое не точи, непослушного не учи ӦЧ месть, отмщение; злоба; ср. ӧч-ӧӧн,"
12063,12,злоба,злоба,,,"«Ӧлӧдим» деп ӧтпӧгиҥ чачпа, «Кӧчӧдим» деп, кӧчӧҥ тӧкпӧ (Погов.) Не бросай лепёшку, говоря, что умрёшь, не выливай ячменный суп, говоря, что уедешь ӦТПӦС тупой; ср. моко; ӧтпӧс бычак тупой нож; ♦ Ӧтпӧсти билебе, укпасты сӱлебе (Посл.) Тупое не точи, непослушного не учи ӦЧ месть, отмщение; злоба; ср. ӧч-ӧӧн,"
12063,13,"ср. ӧч-ӧӧн,",ср ӧчӧӧн,,,"«Ӧлӧдим» деп ӧтпӧгиҥ чачпа, «Кӧчӧдим» деп, кӧчӧҥ тӧкпӧ (Погов.) Не бросай лепёшку, говоря, что умрёшь, не выливай ячменный суп, говоря, что уедешь ӦТПӦС тупой; ср. моко; ӧтпӧс бычак тупой нож; ♦ Ӧтпӧсти билебе, укпасты сӱлебе (Посл.) Тупое не точи, непослушного не учи ӦЧ месть, отмщение; злоба; ср. ӧч-ӧӧн,"
12065,1,ӧчӧшкӧнниҥ,ӧчӧшкӧнниҥ,,,"ӧчӧшкӧнниҥ ӧчинде назло; Каткы бажы — калак, ӧч"
12065,2,ӧчинде назло,ӧчинде назло,,,"ӧчӧшкӧнниҥ ӧчинде назло; Каткы бажы — калак, ӧч"
12065,3,Каткы бажы,каткы бажы,"калак, ӧч",,"ӧчӧшкӧнниҥ ӧчинде назло; Каткы бажы — калак, ӧч"
12066,1,кӱӱни ӧчӧр 1) охладеть,кӱӱни ӧчӧр 1 охладеть,,,"кӱӱни ӧчӧр 1) охладеть; 2) упасть духом; кӧкси ӧчӧр успокоиться; ӧҥи ӧчӧр 1) линять, выцветать; 2) увядать, терять здоровый цветущий вид ӦЧ АЛмстить; ср. ӧчӱрке1, ӧштӧ-; мен оноҥ ӧчим аларым я отомщу ему; Ӧчисти бис экӱлеп алар учурлу (А. Адаров) Мы вместе должны отомстить"
12066,2,2) упасть,2 упасть,,,"кӱӱни ӧчӧр 1) охладеть; 2) упасть духом; кӧкси ӧчӧр успокоиться; ӧҥи ӧчӧр 1) линять, выцветать; 2) увядать, терять здоровый цветущий вид ӦЧ АЛмстить; ср. ӧчӱрке1, ӧштӧ-; мен оноҥ ӧчим аларым я отомщу ему; Ӧчисти бис экӱлеп алар учурлу (А. Адаров) Мы вместе должны отомстить"
12066,3,духом,духом,,,"кӱӱни ӧчӧр 1) охладеть; 2) упасть духом; кӧкси ӧчӧр успокоиться; ӧҥи ӧчӧр 1) линять, выцветать; 2) увядать, терять здоровый цветущий вид ӦЧ АЛмстить; ср. ӧчӱрке1, ӧштӧ-; мен оноҥ ӧчим аларым я отомщу ему; Ӧчисти бис экӱлеп алар учурлу (А. Адаров) Мы вместе должны отомстить"
12066,4,кӧкси ӧчӧр успокоиться,кӧкси ӧчӧр успокоиться,,,"кӱӱни ӧчӧр 1) охладеть; 2) упасть духом; кӧкси ӧчӧр успокоиться; ӧҥи ӧчӧр 1) линять, выцветать; 2) увядать, терять здоровый цветущий вид ӦЧ АЛмстить; ср. ӧчӱрке1, ӧштӧ-; мен оноҥ ӧчим аларым я отомщу ему; Ӧчисти бис экӱлеп алар учурлу (А. Адаров) Мы вместе должны отомстить"
12066,5,ӧҥи ӧчӧр,ӧҥи ӧчӧр,,,"кӱӱни ӧчӧр 1) охладеть; 2) упасть духом; кӧкси ӧчӧр успокоиться; ӧҥи ӧчӧр 1) линять, выцветать; 2) увядать, терять здоровый цветущий вид ӦЧ АЛмстить; ср. ӧчӱрке1, ӧштӧ-; мен оноҥ ӧчим аларым я отомщу ему; Ӧчисти бис экӱлеп алар учурлу (А. Адаров) Мы вместе должны отомстить"
12066,6,"1) линять, выцветать",1 линять выцветать,,,"кӱӱни ӧчӧр 1) охладеть; 2) упасть духом; кӧкси ӧчӧр успокоиться; ӧҥи ӧчӧр 1) линять, выцветать; 2) увядать, терять здоровый цветущий вид ӦЧ АЛмстить; ср. ӧчӱрке1, ӧштӧ-; мен оноҥ ӧчим аларым я отомщу ему; Ӧчисти бис экӱлеп алар учурлу (А. Адаров) Мы вместе должны отомстить"
12066,7,"2) увядать, терять здо-",2 увядать терять здо,,,"кӱӱни ӧчӧр 1) охладеть; 2) упасть духом; кӧкси ӧчӧр успокоиться; ӧҥи ӧчӧр 1) линять, выцветать; 2) увядать, терять здоровый цветущий вид ӦЧ АЛмстить; ср. ӧчӱрке1, ӧштӧ-; мен оноҥ ӧчим аларым я отомщу ему; Ӧчисти бис экӱлеп алар учурлу (А. Адаров) Мы вместе должны отомстить"
12066,8,ровый цветущий вид,ровый цветущий вид,,,"кӱӱни ӧчӧр 1) охладеть; 2) упасть духом; кӧкси ӧчӧр успокоиться; ӧҥи ӧчӧр 1) линять, выцветать; 2) увядать, терять здоровый цветущий вид ӦЧ АЛмстить; ср. ӧчӱрке1, ӧштӧ-; мен оноҥ ӧчим аларым я отомщу ему; Ӧчисти бис экӱлеп алар учурлу (А. Адаров) Мы вместе должны отомстить"
12066,9,ӦЧ АЛмстить,ӧч ал мстить,,,"кӱӱни ӧчӧр 1) охладеть; 2) упасть духом; кӧкси ӧчӧр успокоиться; ӧҥи ӧчӧр 1) линять, выцветать; 2) увядать, терять здоровый цветущий вид ӦЧ АЛмстить; ср. ӧчӱрке1, ӧштӧ-; мен оноҥ ӧчим аларым я отомщу ему; Ӧчисти бис экӱлеп алар учурлу (А. Адаров) Мы вместе должны отомстить"
12066,10,"ср. ӧчӱрке1, ӧштӧ-",ср ӧчӱрке 1 ӧштӧ,,,"кӱӱни ӧчӧр 1) охладеть; 2) упасть духом; кӧкси ӧчӧр успокоиться; ӧҥи ӧчӧр 1) линять, выцветать; 2) увядать, терять здоровый цветущий вид ӦЧ АЛмстить; ср. ӧчӱрке1, ӧштӧ-; мен оноҥ ӧчим аларым я отомщу ему; Ӧчисти бис экӱлеп алар учурлу (А. Адаров) Мы вместе должны отомстить"
12066,11,мен,мен,,,"кӱӱни ӧчӧр 1) охладеть; 2) упасть духом; кӧкси ӧчӧр успокоиться; ӧҥи ӧчӧр 1) линять, выцветать; 2) увядать, терять здоровый цветущий вид ӦЧ АЛмстить; ср. ӧчӱрке1, ӧштӧ-; мен оноҥ ӧчим аларым я отомщу ему; Ӧчисти бис экӱлеп алар учурлу (А. Адаров) Мы вместе должны отомстить"
12066,12,оноҥ ӧчим аларым я отомщу ему,оноҥ ӧчим аларым я отомщу ему,,,"кӱӱни ӧчӧр 1) охладеть; 2) упасть духом; кӧкси ӧчӧр успокоиться; ӧҥи ӧчӧр 1) линять, выцветать; 2) увядать, терять здоровый цветущий вид ӦЧ АЛмстить; ср. ӧчӱрке1, ӧштӧ-; мен оноҥ ӧчим аларым я отомщу ему; Ӧчисти бис экӱлеп алар учурлу (А. Адаров) Мы вместе должны отомстить"
12066,13,Ӧчисти,ӧчисти,,,"кӱӱни ӧчӧр 1) охладеть; 2) упасть духом; кӧкси ӧчӧр успокоиться; ӧҥи ӧчӧр 1) линять, выцветать; 2) увядать, терять здоровый цветущий вид ӦЧ АЛмстить; ср. ӧчӱрке1, ӧштӧ-; мен оноҥ ӧчим аларым я отомщу ему; Ӧчисти бис экӱлеп алар учурлу (А. Адаров) Мы вместе должны отомстить"
12066,14,бис экӱлеп алар учурлу (А. Адаров) Мы,бис экӱлеп алар учурлу а адаров мы,,,"кӱӱни ӧчӧр 1) охладеть; 2) упасть духом; кӧкси ӧчӧр успокоиться; ӧҥи ӧчӧр 1) линять, выцветать; 2) увядать, терять здоровый цветущий вид ӦЧ АЛмстить; ср. ӧчӱрке1, ӧштӧ-; мен оноҥ ӧчим аларым я отомщу ему; Ӧчисти бис экӱлеп алар учурлу (А. Адаров) Мы вместе должны отомстить"
12066,15,вместе должны отомстить,вместе должны отомстить,,,"кӱӱни ӧчӧр 1) охладеть; 2) упасть духом; кӧкси ӧчӧр успокоиться; ӧҥи ӧчӧр 1) линять, выцветать; 2) увядать, терять здоровый цветущий вид ӦЧ АЛмстить; ср. ӧчӱрке1, ӧштӧ-; мен оноҥ ӧчим аларым я отомщу ему; Ӧчисти бис экӱлеп алар учурлу (А. Адаров) Мы вместе должны отомстить"
12074,1,ӧчӧжи тудар,ӧчӧжи тудар,,,ӧчӧжи тудар вредничать; Ӧчӧш кижи ӧштӱге тӱҥей (По-
12074,2,вредничать,вредничать,,,ӧчӧжи тудар вредничать; Ӧчӧш кижи ӧштӱге тӱҥей (По-
12074,3,Ӧчӧш кижи ӧштӱге тӱҥей (По-,ӧчӧш кижи ӧштӱге тӱҥей по,,,ӧчӧжи тудар вредничать; Ӧчӧш кижи ӧштӱге тӱҥей (По-
12076,1,Ӧкпӧӧрзӧҥ,ӧкпӧӧрзӧҥ,,,"Ӧкпӧӧрзӧҥ — ӧдӧ берер, ӧчӧжип jӱрзеҥ — ӧч болор (Посл.) Если будешь волноваться — пройдёт, если будешь упрямиться — будет злоба ӦЧӦШКӦНДӦ нареч. назло, наперекор; ӧчӧшкӧндӧ эдер делать наперекор;"
12076,2,"— ӧдӧ берер, ӧчӧжип jӱрзеҥ",ӧдӧ берер ӧчӧжип jӱрзеҥ,ӧч болор,,"Ӧкпӧӧрзӧҥ — ӧдӧ берер, ӧчӧжип jӱрзеҥ — ӧч болор (Посл.) Если будешь волноваться — пройдёт, если будешь упрямиться — будет злоба ӦЧӦШКӦНДӦ нареч. назло, наперекор; ӧчӧшкӧндӧ эдер делать наперекор;"
12076,3,(Посл.) Если будешь волноваться,посл если будешь волноваться,"пройдёт,",,"Ӧкпӧӧрзӧҥ — ӧдӧ берер, ӧчӧжип jӱрзеҥ — ӧч болор (Посл.) Если будешь волноваться — пройдёт, если будешь упрямиться — будет злоба ӦЧӦШКӦНДӦ нареч. назло, наперекор; ӧчӧшкӧндӧ эдер делать наперекор;"
12076,4,если будешь упрямиться,если будешь упрямиться,будет злоба,,"Ӧкпӧӧрзӧҥ — ӧдӧ берер, ӧчӧжип jӱрзеҥ — ӧч болор (Посл.) Если будешь волноваться — пройдёт, если будешь упрямиться — будет злоба ӦЧӦШКӦНДӦ нареч. назло, наперекор; ӧчӧшкӧндӧ эдер делать наперекор;"
12076,5,"ӦЧӦШКӦНДӦ нареч. назло, напере-",ӧчӧшкӧндӧ нареч назло напере,,,"Ӧкпӧӧрзӧҥ — ӧдӧ берер, ӧчӧжип jӱрзеҥ — ӧч болор (Посл.) Если будешь волноваться — пройдёт, если будешь упрямиться — будет злоба ӦЧӦШКӦНДӦ нареч. назло, наперекор; ӧчӧшкӧндӧ эдер делать наперекор;"
12076,6,кор,кор,,,"Ӧкпӧӧрзӧҥ — ӧдӧ берер, ӧчӧжип jӱрзеҥ — ӧч болор (Посл.) Если будешь волноваться — пройдёт, если будешь упрямиться — будет злоба ӦЧӦШКӦНДӦ нареч. назло, наперекор; ӧчӧшкӧндӧ эдер делать наперекор;"
12076,7,ӧчӧшкӧндӧ эдер делать наперекор,ӧчӧшкӧндӧ эдер делать наперекор,,,"Ӧкпӧӧрзӧҥ — ӧдӧ берер, ӧчӧжип jӱрзеҥ — ӧч болор (Посл.) Если будешь волноваться — пройдёт, если будешь упрямиться — будет злоба ӦЧӦШКӦНДӦ нареч. назло, наперекор; ӧчӧшкӧндӧ эдер делать наперекор;"
12078,1,кӱӱнин ӧчӱрер отбить желание,кӱӱнин ӧчӱрер отбить желание,,,кӱӱнин ӧчӱрер отбить желание ӦЧӰРГИШ I тушитель; ӧрт ӧчӱргиш огнетушитель ӦЧӰРГИШ II резинка (стирательная); ӧчӱргишле арчыыр стирать резинкой
12078,2,ӦЧӰРГИШ I тушитель,ӧчӱргиш i тушитель,,,кӱӱнин ӧчӱрер отбить желание ӦЧӰРГИШ I тушитель; ӧрт ӧчӱргиш огнетушитель ӦЧӰРГИШ II резинка (стирательная); ӧчӱргишле арчыыр стирать резинкой
12078,3,ӧрт ӧчӱргиш ог-,ӧрт ӧчӱргиш ог,,,кӱӱнин ӧчӱрер отбить желание ӦЧӰРГИШ I тушитель; ӧрт ӧчӱргиш огнетушитель ӦЧӰРГИШ II резинка (стирательная); ӧчӱргишле арчыыр стирать резинкой
12078,4,нетушитель,нетушитель,,,кӱӱнин ӧчӱрер отбить желание ӦЧӰРГИШ I тушитель; ӧрт ӧчӱргиш огнетушитель ӦЧӰРГИШ II резинка (стирательная); ӧчӱргишле арчыыр стирать резинкой
12078,5,ӦЧӰРГИШ II резинка (стирательная),ӧчӱргиш ii резинка стирательная,,,кӱӱнин ӧчӱрер отбить желание ӦЧӰРГИШ I тушитель; ӧрт ӧчӱргиш огнетушитель ӦЧӰРГИШ II резинка (стирательная); ӧчӱргишле арчыыр стирать резинкой
12078,6,ӧчӱргишле арчыыр стирать резинкой,ӧчӱргишле арчыыр стирать резинкой,,,кӱӱнин ӧчӱрер отбить желание ӦЧӰРГИШ I тушитель; ӧрт ӧчӱргиш огнетушитель ӦЧӰРГИШ II резинка (стирательная); ӧчӱргишле арчыыр стирать резинкой
12082,1,"Ӧлӱмге ӧчӱркебес, ооруга",ӧлӱмге ӧчӱркебес ооруга,,,"Ӧлӱмге ӧчӱркебес, ооруга кобос (Посл.) Смерти не мстят, болезнью гордятся ӦЧӰРКЕК мстительный; ср. ӧштӧҥкӧй; ӧчӱркек кижи мстительный человек"
12082,2,"кобос (Посл.) Смерти не мстят, болезнью",кобос посл смерти не мстят болезнью,,,"Ӧлӱмге ӧчӱркебес, ооруга кобос (Посл.) Смерти не мстят, болезнью гордятся ӦЧӰРКЕК мстительный; ср. ӧштӧҥкӧй; ӧчӱркек кижи мстительный человек"
12082,3,гордятся,гордятся,,,"Ӧлӱмге ӧчӱркебес, ооруга кобос (Посл.) Смерти не мстят, болезнью гордятся ӦЧӰРКЕК мстительный; ср. ӧштӧҥкӧй; ӧчӱркек кижи мстительный человек"
12082,4,ӦЧӰРКЕК мстительный,ӧчӱркек мстительный,,,"Ӧлӱмге ӧчӱркебес, ооруга кобос (Посл.) Смерти не мстят, болезнью гордятся ӦЧӰРКЕК мстительный; ср. ӧштӧҥкӧй; ӧчӱркек кижи мстительный человек"
12082,5,ср. ӧштӧҥкӧй,ср ӧштӧҥкӧй,,,"Ӧлӱмге ӧчӱркебес, ооруга кобос (Посл.) Смерти не мстят, болезнью гордятся ӦЧӰРКЕК мстительный; ср. ӧштӧҥкӧй; ӧчӱркек кижи мстительный человек"
12082,6,ӧчӱркек кижи мстительный человек,ӧчӱркек кижи мстительный человек,,,"Ӧлӱмге ӧчӱркебес, ооруга кобос (Посл.) Смерти не мстят, болезнью гордятся ӦЧӰРКЕК мстительный; ср. ӧштӧҥкӧй; ӧчӱркек кижи мстительный человек"
12087,1,Ӧштӧҥкӧй,ӧштӧҥкӧй,,,"Ӧштӧҥкӧй кижи ӧлӱмле кызар (Погов.) Мстительный человек смертью пугает ӦШТӰЛИК друӦШТӦӦЧИ 1. мстящий; ӧштӧӧчи кижи jуук мстящий человек; 2. в знач. сущ. мститель; тыҥ ӧштӧӧчилер тӱниле уйуктабады мстители всю ночь не спали ӦШТӦТпонуд. от ӧштӧзаставлять мстить; кара санаа оны ӧштӧдӧт чёрная омормысль заставляет его мстить не ӦШТӦШ1) взаимн.-совм. от ӧштӧмстить друг другу; 2) враждовать друг с другом; калыктар ӧштӧжӧт народы враждуют друг с другом ӦШТӦШ вражда; ср. ӧштӧжӱ; Мынаҥ улам, ӧштӧштӧҥ, истештеҥ, садыныштаҥ улам, элбек эл jайрадылган (А. Адаров) оттыҥ"
12087,2,кижи ӧлӱмле кызар (Погов.) Мстительный,кижи ӧлӱмле кызар погов мстительный,,,"Ӧштӧҥкӧй кижи ӧлӱмле кызар (Погов.) Мстительный человек смертью пугает ӦШТӰЛИК друӦШТӦӦЧИ 1. мстящий; ӧштӧӧчи кижи jуук мстящий человек; 2. в знач. сущ. мститель; тыҥ ӧштӧӧчилер тӱниле уйуктабады мстители всю ночь не спали ӦШТӦТпонуд. от ӧштӧзаставлять мстить; кара санаа оны ӧштӧдӧт чёрная омормысль заставляет его мстить не ӦШТӦШ1) взаимн.-совм. от ӧштӧмстить друг другу; 2) враждовать друг с другом; калыктар ӧштӧжӧт народы враждуют друг с другом ӦШТӦШ вражда; ср. ӧштӧжӱ; Мынаҥ улам, ӧштӧштӧҥ, истештеҥ, садыныштаҥ улам, элбек эл jайрадылган (А. Адаров) оттыҥ"
12087,3,человек смертью пугает,человек смертью пугает,,,"Ӧштӧҥкӧй кижи ӧлӱмле кызар (Погов.) Мстительный человек смертью пугает ӦШТӰЛИК друӦШТӦӦЧИ 1. мстящий; ӧштӧӧчи кижи jуук мстящий человек; 2. в знач. сущ. мститель; тыҥ ӧштӧӧчилер тӱниле уйуктабады мстители всю ночь не спали ӦШТӦТпонуд. от ӧштӧзаставлять мстить; кара санаа оны ӧштӧдӧт чёрная омормысль заставляет его мстить не ӦШТӦШ1) взаимн.-совм. от ӧштӧмстить друг другу; 2) враждовать друг с другом; калыктар ӧштӧжӧт народы враждуют друг с другом ӦШТӦШ вражда; ср. ӧштӧжӱ; Мынаҥ улам, ӧштӧштӧҥ, истештеҥ, садыныштаҥ улам, элбек эл jайрадылган (А. Адаров) оттыҥ"
12087,4,ӦШТӰЛИК,ӧштӱлик,,,"Ӧштӧҥкӧй кижи ӧлӱмле кызар (Погов.) Мстительный человек смертью пугает ӦШТӰЛИК друӦШТӦӦЧИ 1. мстящий; ӧштӧӧчи кижи jуук мстящий человек; 2. в знач. сущ. мститель; тыҥ ӧштӧӧчилер тӱниле уйуктабады мстители всю ночь не спали ӦШТӦТпонуд. от ӧштӧзаставлять мстить; кара санаа оны ӧштӧдӧт чёрная омормысль заставляет его мстить не ӦШТӦШ1) взаимн.-совм. от ӧштӧмстить друг другу; 2) враждовать друг с другом; калыктар ӧштӧжӧт народы враждуют друг с другом ӦШТӦШ вражда; ср. ӧштӧжӱ; Мынаҥ улам, ӧштӧштӧҥ, истештеҥ, садыныштаҥ улам, элбек эл jайрадылган (А. Адаров) оттыҥ"
12087,5,друӦШТӦӦЧИ 1. мстящий,дру ӧштӧӧчи 1 мстящий,,,"Ӧштӧҥкӧй кижи ӧлӱмле кызар (Погов.) Мстительный человек смертью пугает ӦШТӰЛИК друӦШТӦӦЧИ 1. мстящий; ӧштӧӧчи кижи jуук мстящий человек; 2. в знач. сущ. мститель; тыҥ ӧштӧӧчилер тӱниле уйуктабады мстители всю ночь не спали ӦШТӦТпонуд. от ӧштӧзаставлять мстить; кара санаа оны ӧштӧдӧт чёрная омормысль заставляет его мстить не ӦШТӦШ1) взаимн.-совм. от ӧштӧмстить друг другу; 2) враждовать друг с другом; калыктар ӧштӧжӧт народы враждуют друг с другом ӦШТӦШ вражда; ср. ӧштӧжӱ; Мынаҥ улам, ӧштӧштӧҥ, истештеҥ, садыныштаҥ улам, элбек эл jайрадылган (А. Адаров) оттыҥ"
12087,6,ӧштӧӧчи кижи,ӧштӧӧчи кижи,,,"Ӧштӧҥкӧй кижи ӧлӱмле кызар (Погов.) Мстительный человек смертью пугает ӦШТӰЛИК друӦШТӦӦЧИ 1. мстящий; ӧштӧӧчи кижи jуук мстящий человек; 2. в знач. сущ. мститель; тыҥ ӧштӧӧчилер тӱниле уйуктабады мстители всю ночь не спали ӦШТӦТпонуд. от ӧштӧзаставлять мстить; кара санаа оны ӧштӧдӧт чёрная омормысль заставляет его мстить не ӦШТӦШ1) взаимн.-совм. от ӧштӧмстить друг другу; 2) враждовать друг с другом; калыктар ӧштӧжӧт народы враждуют друг с другом ӦШТӦШ вражда; ср. ӧштӧжӱ; Мынаҥ улам, ӧштӧштӧҥ, истештеҥ, садыныштаҥ улам, элбек эл jайрадылган (А. Адаров) оттыҥ"
12087,7,jуук мстящий человек,jуук мстящий человек,,,"Ӧштӧҥкӧй кижи ӧлӱмле кызар (Погов.) Мстительный человек смертью пугает ӦШТӰЛИК друӦШТӦӦЧИ 1. мстящий; ӧштӧӧчи кижи jуук мстящий человек; 2. в знач. сущ. мститель; тыҥ ӧштӧӧчилер тӱниле уйуктабады мстители всю ночь не спали ӦШТӦТпонуд. от ӧштӧзаставлять мстить; кара санаа оны ӧштӧдӧт чёрная омормысль заставляет его мстить не ӦШТӦШ1) взаимн.-совм. от ӧштӧмстить друг другу; 2) враждовать друг с другом; калыктар ӧштӧжӧт народы враждуют друг с другом ӦШТӦШ вражда; ср. ӧштӧжӱ; Мынаҥ улам, ӧштӧштӧҥ, истештеҥ, садыныштаҥ улам, элбек эл jайрадылган (А. Адаров) оттыҥ"
12087,8,2. в знач. сущ. мститель,2 в знач сущ мститель,,,"Ӧштӧҥкӧй кижи ӧлӱмле кызар (Погов.) Мстительный человек смертью пугает ӦШТӰЛИК друӦШТӦӦЧИ 1. мстящий; ӧштӧӧчи кижи jуук мстящий человек; 2. в знач. сущ. мститель; тыҥ ӧштӧӧчилер тӱниле уйуктабады мстители всю ночь не спали ӦШТӦТпонуд. от ӧштӧзаставлять мстить; кара санаа оны ӧштӧдӧт чёрная омормысль заставляет его мстить не ӦШТӦШ1) взаимн.-совм. от ӧштӧмстить друг другу; 2) враждовать друг с другом; калыктар ӧштӧжӧт народы враждуют друг с другом ӦШТӦШ вражда; ср. ӧштӧжӱ; Мынаҥ улам, ӧштӧштӧҥ, истештеҥ, садыныштаҥ улам, элбек эл jайрадылган (А. Адаров) оттыҥ"
12087,9,тыҥ ӧштӧӧчилер тӱниле уйуктабады мстители,тыҥ ӧштӧӧчилер тӱниле уйуктабады мстители,,,"Ӧштӧҥкӧй кижи ӧлӱмле кызар (Погов.) Мстительный человек смертью пугает ӦШТӰЛИК друӦШТӦӦЧИ 1. мстящий; ӧштӧӧчи кижи jуук мстящий человек; 2. в знач. сущ. мститель; тыҥ ӧштӧӧчилер тӱниле уйуктабады мстители всю ночь не спали ӦШТӦТпонуд. от ӧштӧзаставлять мстить; кара санаа оны ӧштӧдӧт чёрная омормысль заставляет его мстить не ӦШТӦШ1) взаимн.-совм. от ӧштӧмстить друг другу; 2) враждовать друг с другом; калыктар ӧштӧжӧт народы враждуют друг с другом ӦШТӦШ вражда; ср. ӧштӧжӱ; Мынаҥ улам, ӧштӧштӧҥ, истештеҥ, садыныштаҥ улам, элбек эл jайрадылган (А. Адаров) оттыҥ"
12087,10,всю ночь не спали,всю ночь не спали,,,"Ӧштӧҥкӧй кижи ӧлӱмле кызар (Погов.) Мстительный человек смертью пугает ӦШТӰЛИК друӦШТӦӦЧИ 1. мстящий; ӧштӧӧчи кижи jуук мстящий человек; 2. в знач. сущ. мститель; тыҥ ӧштӧӧчилер тӱниле уйуктабады мстители всю ночь не спали ӦШТӦТпонуд. от ӧштӧзаставлять мстить; кара санаа оны ӧштӧдӧт чёрная омормысль заставляет его мстить не ӦШТӦШ1) взаимн.-совм. от ӧштӧмстить друг другу; 2) враждовать друг с другом; калыктар ӧштӧжӧт народы враждуют друг с другом ӦШТӦШ вражда; ср. ӧштӧжӱ; Мынаҥ улам, ӧштӧштӧҥ, истештеҥ, садыныштаҥ улам, элбек эл jайрадылган (А. Адаров) оттыҥ"
12087,11,ӦШТӦТпонуд. от ӧштӧзаставлять,ӧштӧт понуд от ӧштӧ заставлять,,,"Ӧштӧҥкӧй кижи ӧлӱмле кызар (Погов.) Мстительный человек смертью пугает ӦШТӰЛИК друӦШТӦӦЧИ 1. мстящий; ӧштӧӧчи кижи jуук мстящий человек; 2. в знач. сущ. мститель; тыҥ ӧштӧӧчилер тӱниле уйуктабады мстители всю ночь не спали ӦШТӦТпонуд. от ӧштӧзаставлять мстить; кара санаа оны ӧштӧдӧт чёрная омормысль заставляет его мстить не ӦШТӦШ1) взаимн.-совм. от ӧштӧмстить друг другу; 2) враждовать друг с другом; калыктар ӧштӧжӧт народы враждуют друг с другом ӦШТӦШ вражда; ср. ӧштӧжӱ; Мынаҥ улам, ӧштӧштӧҥ, истештеҥ, садыныштаҥ улам, элбек эл jайрадылган (А. Адаров) оттыҥ"
12087,12,мстить,мстить,,,"Ӧштӧҥкӧй кижи ӧлӱмле кызар (Погов.) Мстительный человек смертью пугает ӦШТӰЛИК друӦШТӦӦЧИ 1. мстящий; ӧштӧӧчи кижи jуук мстящий человек; 2. в знач. сущ. мститель; тыҥ ӧштӧӧчилер тӱниле уйуктабады мстители всю ночь не спали ӦШТӦТпонуд. от ӧштӧзаставлять мстить; кара санаа оны ӧштӧдӧт чёрная омормысль заставляет его мстить не ӦШТӦШ1) взаимн.-совм. от ӧштӧмстить друг другу; 2) враждовать друг с другом; калыктар ӧштӧжӧт народы враждуют друг с другом ӦШТӦШ вражда; ср. ӧштӧжӱ; Мынаҥ улам, ӧштӧштӧҥ, истештеҥ, садыныштаҥ улам, элбек эл jайрадылган (А. Адаров) оттыҥ"
12087,13,кара санаа оны ӧштӧдӧт чёрная,кара санаа оны ӧштӧдӧт чёрная,,,"Ӧштӧҥкӧй кижи ӧлӱмле кызар (Погов.) Мстительный человек смертью пугает ӦШТӰЛИК друӦШТӦӦЧИ 1. мстящий; ӧштӧӧчи кижи jуук мстящий человек; 2. в знач. сущ. мститель; тыҥ ӧштӧӧчилер тӱниле уйуктабады мстители всю ночь не спали ӦШТӦТпонуд. от ӧштӧзаставлять мстить; кара санаа оны ӧштӧдӧт чёрная омормысль заставляет его мстить не ӦШТӦШ1) взаимн.-совм. от ӧштӧмстить друг другу; 2) враждовать друг с другом; калыктар ӧштӧжӧт народы враждуют друг с другом ӦШТӦШ вражда; ср. ӧштӧжӱ; Мынаҥ улам, ӧштӧштӧҥ, истештеҥ, садыныштаҥ улам, элбек эл jайрадылган (А. Адаров) оттыҥ"
12087,14,омор-,омор,,,"Ӧштӧҥкӧй кижи ӧлӱмле кызар (Погов.) Мстительный человек смертью пугает ӦШТӰЛИК друӦШТӦӦЧИ 1. мстящий; ӧштӧӧчи кижи jуук мстящий человек; 2. в знач. сущ. мститель; тыҥ ӧштӧӧчилер тӱниле уйуктабады мстители всю ночь не спали ӦШТӦТпонуд. от ӧштӧзаставлять мстить; кара санаа оны ӧштӧдӧт чёрная омормысль заставляет его мстить не ӦШТӦШ1) взаимн.-совм. от ӧштӧмстить друг другу; 2) враждовать друг с другом; калыктар ӧштӧжӧт народы враждуют друг с другом ӦШТӦШ вражда; ср. ӧштӧжӱ; Мынаҥ улам, ӧштӧштӧҥ, истештеҥ, садыныштаҥ улам, элбек эл jайрадылган (А. Адаров) оттыҥ"
12087,15,мысль заставляет его мстить,мысль заставляет его мстить,,,"Ӧштӧҥкӧй кижи ӧлӱмле кызар (Погов.) Мстительный человек смертью пугает ӦШТӰЛИК друӦШТӦӦЧИ 1. мстящий; ӧштӧӧчи кижи jуук мстящий человек; 2. в знач. сущ. мститель; тыҥ ӧштӧӧчилер тӱниле уйуктабады мстители всю ночь не спали ӦШТӦТпонуд. от ӧштӧзаставлять мстить; кара санаа оны ӧштӧдӧт чёрная омормысль заставляет его мстить не ӦШТӦШ1) взаимн.-совм. от ӧштӧмстить друг другу; 2) враждовать друг с другом; калыктар ӧштӧжӧт народы враждуют друг с другом ӦШТӦШ вражда; ср. ӧштӧжӱ; Мынаҥ улам, ӧштӧштӧҥ, истештеҥ, садыныштаҥ улам, элбек эл jайрадылган (А. Адаров) оттыҥ"
12087,16,не,не,,,"Ӧштӧҥкӧй кижи ӧлӱмле кызар (Погов.) Мстительный человек смертью пугает ӦШТӰЛИК друӦШТӦӦЧИ 1. мстящий; ӧштӧӧчи кижи jуук мстящий человек; 2. в знач. сущ. мститель; тыҥ ӧштӧӧчилер тӱниле уйуктабады мстители всю ночь не спали ӦШТӦТпонуд. от ӧштӧзаставлять мстить; кара санаа оны ӧштӧдӧт чёрная омормысль заставляет его мстить не ӦШТӦШ1) взаимн.-совм. от ӧштӧмстить друг другу; 2) враждовать друг с другом; калыктар ӧштӧжӧт народы враждуют друг с другом ӦШТӦШ вражда; ср. ӧштӧжӱ; Мынаҥ улам, ӧштӧштӧҥ, истештеҥ, садыныштаҥ улам, элбек эл jайрадылган (А. Адаров) оттыҥ"
12087,17,ӦШТӦШ1) взаимн.-совм. от ӧштӧ-,ӧштӧш 1 взаимнсовм от ӧштӧ,,,"Ӧштӧҥкӧй кижи ӧлӱмле кызар (Погов.) Мстительный человек смертью пугает ӦШТӰЛИК друӦШТӦӦЧИ 1. мстящий; ӧштӧӧчи кижи jуук мстящий человек; 2. в знач. сущ. мститель; тыҥ ӧштӧӧчилер тӱниле уйуктабады мстители всю ночь не спали ӦШТӦТпонуд. от ӧштӧзаставлять мстить; кара санаа оны ӧштӧдӧт чёрная омормысль заставляет его мстить не ӦШТӦШ1) взаимн.-совм. от ӧштӧмстить друг другу; 2) враждовать друг с другом; калыктар ӧштӧжӧт народы враждуют друг с другом ӦШТӦШ вражда; ср. ӧштӧжӱ; Мынаҥ улам, ӧштӧштӧҥ, истештеҥ, садыныштаҥ улам, элбек эл jайрадылган (А. Адаров) оттыҥ"
12087,18,мстить друг другу,мстить друг другу,,,"Ӧштӧҥкӧй кижи ӧлӱмле кызар (Погов.) Мстительный человек смертью пугает ӦШТӰЛИК друӦШТӦӦЧИ 1. мстящий; ӧштӧӧчи кижи jуук мстящий человек; 2. в знач. сущ. мститель; тыҥ ӧштӧӧчилер тӱниле уйуктабады мстители всю ночь не спали ӦШТӦТпонуд. от ӧштӧзаставлять мстить; кара санаа оны ӧштӧдӧт чёрная омормысль заставляет его мстить не ӦШТӦШ1) взаимн.-совм. от ӧштӧмстить друг другу; 2) враждовать друг с другом; калыктар ӧштӧжӧт народы враждуют друг с другом ӦШТӦШ вражда; ср. ӧштӧжӱ; Мынаҥ улам, ӧштӧштӧҥ, истештеҥ, садыныштаҥ улам, элбек эл jайрадылган (А. Адаров) оттыҥ"
12087,19,2) враждовать друг с дру-,2 враждовать друг с дру,,,"Ӧштӧҥкӧй кижи ӧлӱмле кызар (Погов.) Мстительный человек смертью пугает ӦШТӰЛИК друӦШТӦӦЧИ 1. мстящий; ӧштӧӧчи кижи jуук мстящий человек; 2. в знач. сущ. мститель; тыҥ ӧштӧӧчилер тӱниле уйуктабады мстители всю ночь не спали ӦШТӦТпонуд. от ӧштӧзаставлять мстить; кара санаа оны ӧштӧдӧт чёрная омормысль заставляет его мстить не ӦШТӦШ1) взаимн.-совм. от ӧштӧмстить друг другу; 2) враждовать друг с другом; калыктар ӧштӧжӧт народы враждуют друг с другом ӦШТӦШ вражда; ср. ӧштӧжӱ; Мынаҥ улам, ӧштӧштӧҥ, истештеҥ, садыныштаҥ улам, элбек эл jайрадылган (А. Адаров) оттыҥ"
12087,20,гом,гом,,,"Ӧштӧҥкӧй кижи ӧлӱмле кызар (Погов.) Мстительный человек смертью пугает ӦШТӰЛИК друӦШТӦӦЧИ 1. мстящий; ӧштӧӧчи кижи jуук мстящий человек; 2. в знач. сущ. мститель; тыҥ ӧштӧӧчилер тӱниле уйуктабады мстители всю ночь не спали ӦШТӦТпонуд. от ӧштӧзаставлять мстить; кара санаа оны ӧштӧдӧт чёрная омормысль заставляет его мстить не ӦШТӦШ1) взаимн.-совм. от ӧштӧмстить друг другу; 2) враждовать друг с другом; калыктар ӧштӧжӧт народы враждуют друг с другом ӦШТӦШ вражда; ср. ӧштӧжӱ; Мынаҥ улам, ӧштӧштӧҥ, истештеҥ, садыныштаҥ улам, элбек эл jайрадылган (А. Адаров) оттыҥ"
12087,21,калыктар ӧштӧжӧт народы враждуют,калыктар ӧштӧжӧт народы враждуют,,,"Ӧштӧҥкӧй кижи ӧлӱмле кызар (Погов.) Мстительный человек смертью пугает ӦШТӰЛИК друӦШТӦӦЧИ 1. мстящий; ӧштӧӧчи кижи jуук мстящий человек; 2. в знач. сущ. мститель; тыҥ ӧштӧӧчилер тӱниле уйуктабады мстители всю ночь не спали ӦШТӦТпонуд. от ӧштӧзаставлять мстить; кара санаа оны ӧштӧдӧт чёрная омормысль заставляет его мстить не ӦШТӦШ1) взаимн.-совм. от ӧштӧмстить друг другу; 2) враждовать друг с другом; калыктар ӧштӧжӧт народы враждуют друг с другом ӦШТӦШ вражда; ср. ӧштӧжӱ; Мынаҥ улам, ӧштӧштӧҥ, истештеҥ, садыныштаҥ улам, элбек эл jайрадылган (А. Адаров) оттыҥ"
12087,22,друг с другом,друг с другом,,,"Ӧштӧҥкӧй кижи ӧлӱмле кызар (Погов.) Мстительный человек смертью пугает ӦШТӰЛИК друӦШТӦӦЧИ 1. мстящий; ӧштӧӧчи кижи jуук мстящий человек; 2. в знач. сущ. мститель; тыҥ ӧштӧӧчилер тӱниле уйуктабады мстители всю ночь не спали ӦШТӦТпонуд. от ӧштӧзаставлять мстить; кара санаа оны ӧштӧдӧт чёрная омормысль заставляет его мстить не ӦШТӦШ1) взаимн.-совм. от ӧштӧмстить друг другу; 2) враждовать друг с другом; калыктар ӧштӧжӧт народы враждуют друг с другом ӦШТӦШ вражда; ср. ӧштӧжӱ; Мынаҥ улам, ӧштӧштӧҥ, истештеҥ, садыныштаҥ улам, элбек эл jайрадылган (А. Адаров) оттыҥ"
12087,23,ӦШТӦШ вражда,ӧштӧш вражда,,,"Ӧштӧҥкӧй кижи ӧлӱмле кызар (Погов.) Мстительный человек смертью пугает ӦШТӰЛИК друӦШТӦӦЧИ 1. мстящий; ӧштӧӧчи кижи jуук мстящий человек; 2. в знач. сущ. мститель; тыҥ ӧштӧӧчилер тӱниле уйуктабады мстители всю ночь не спали ӦШТӦТпонуд. от ӧштӧзаставлять мстить; кара санаа оны ӧштӧдӧт чёрная омормысль заставляет его мстить не ӦШТӦШ1) взаимн.-совм. от ӧштӧмстить друг другу; 2) враждовать друг с другом; калыктар ӧштӧжӧт народы враждуют друг с другом ӦШТӦШ вражда; ср. ӧштӧжӱ; Мынаҥ улам, ӧштӧштӧҥ, истештеҥ, садыныштаҥ улам, элбек эл jайрадылган (А. Адаров) оттыҥ"
12087,24,ср. ӧштӧжӱ,ср ӧштӧжӱ,,,"Ӧштӧҥкӧй кижи ӧлӱмле кызар (Погов.) Мстительный человек смертью пугает ӦШТӰЛИК друӦШТӦӦЧИ 1. мстящий; ӧштӧӧчи кижи jуук мстящий человек; 2. в знач. сущ. мститель; тыҥ ӧштӧӧчилер тӱниле уйуктабады мстители всю ночь не спали ӦШТӦТпонуд. от ӧштӧзаставлять мстить; кара санаа оны ӧштӧдӧт чёрная омормысль заставляет его мстить не ӦШТӦШ1) взаимн.-совм. от ӧштӧмстить друг другу; 2) враждовать друг с другом; калыктар ӧштӧжӧт народы враждуют друг с другом ӦШТӦШ вражда; ср. ӧштӧжӱ; Мынаҥ улам, ӧштӧштӧҥ, истештеҥ, садыныштаҥ улам, элбек эл jайрадылган (А. Адаров) оттыҥ"
12087,25,Мынаҥ,мынаҥ,,,"Ӧштӧҥкӧй кижи ӧлӱмле кызар (Погов.) Мстительный человек смертью пугает ӦШТӰЛИК друӦШТӦӦЧИ 1. мстящий; ӧштӧӧчи кижи jуук мстящий человек; 2. в знач. сущ. мститель; тыҥ ӧштӧӧчилер тӱниле уйуктабады мстители всю ночь не спали ӦШТӦТпонуд. от ӧштӧзаставлять мстить; кара санаа оны ӧштӧдӧт чёрная омормысль заставляет его мстить не ӦШТӦШ1) взаимн.-совм. от ӧштӧмстить друг другу; 2) враждовать друг с другом; калыктар ӧштӧжӧт народы враждуют друг с другом ӦШТӦШ вражда; ср. ӧштӧжӱ; Мынаҥ улам, ӧштӧштӧҥ, истештеҥ, садыныштаҥ улам, элбек эл jайрадылган (А. Адаров) оттыҥ"
12087,26,"улам, ӧштӧштӧҥ, истештеҥ, садыныштаҥ",улам ӧштӧштӧҥ истештеҥ садыныштаҥ,,,"Ӧштӧҥкӧй кижи ӧлӱмле кызар (Погов.) Мстительный человек смертью пугает ӦШТӰЛИК друӦШТӦӦЧИ 1. мстящий; ӧштӧӧчи кижи jуук мстящий человек; 2. в знач. сущ. мститель; тыҥ ӧштӧӧчилер тӱниле уйуктабады мстители всю ночь не спали ӦШТӦТпонуд. от ӧштӧзаставлять мстить; кара санаа оны ӧштӧдӧт чёрная омормысль заставляет его мстить не ӦШТӦШ1) взаимн.-совм. от ӧштӧмстить друг другу; 2) враждовать друг с другом; калыктар ӧштӧжӧт народы враждуют друг с другом ӦШТӦШ вражда; ср. ӧштӧжӱ; Мынаҥ улам, ӧштӧштӧҥ, истештеҥ, садыныштаҥ улам, элбек эл jайрадылган (А. Адаров) оттыҥ"
12087,27,"улам, элбек эл jайрадылган (А. Адаров)",улам элбек эл jайрадылган а адаров,,,"Ӧштӧҥкӧй кижи ӧлӱмле кызар (Погов.) Мстительный человек смертью пугает ӦШТӰЛИК друӦШТӦӦЧИ 1. мстящий; ӧштӧӧчи кижи jуук мстящий человек; 2. в знач. сущ. мститель; тыҥ ӧштӧӧчилер тӱниле уйуктабады мстители всю ночь не спали ӦШТӦТпонуд. от ӧштӧзаставлять мстить; кара санаа оны ӧштӧдӧт чёрная омормысль заставляет его мстить не ӦШТӦШ1) взаимн.-совм. от ӧштӧмстить друг другу; 2) враждовать друг с другом; калыктар ӧштӧжӧт народы враждуют друг с другом ӦШТӦШ вражда; ср. ӧштӧжӱ; Мынаҥ улам, ӧштӧштӧҥ, истештеҥ, садыныштаҥ улам, элбек эл jайрадылган (А. Адаров) оттыҥ"
12087,28,оттыҥ,оттыҥ,,,"Ӧштӧҥкӧй кижи ӧлӱмле кызар (Погов.) Мстительный человек смертью пугает ӦШТӰЛИК друӦШТӦӦЧИ 1. мстящий; ӧштӧӧчи кижи jуук мстящий человек; 2. в знач. сущ. мститель; тыҥ ӧштӧӧчилер тӱниле уйуктабады мстители всю ночь не спали ӦШТӦТпонуд. от ӧштӧзаставлять мстить; кара санаа оны ӧштӧдӧт чёрная омормысль заставляет его мстить не ӦШТӦШ1) взаимн.-совм. от ӧштӧмстить друг другу; 2) враждовать друг с другом; калыктар ӧштӧжӧт народы враждуют друг с другом ӦШТӦШ вражда; ср. ӧштӧжӱ; Мынаҥ улам, ӧштӧштӧҥ, истештеҥ, садыныштаҥ улам, элбек эл jайрадылган (А. Адаров) оттыҥ"
12088,1,Наjылык,наjылык,"ӧзӱмге, ӧштӧш — ӧлӱмге",,"Наjылык — ӧзӱмге, ӧштӧш — ӧлӱмге [Тай- (Погов.) Дружба — к росту, вражда — к погибели на ӦШТӦШТИРпонуд. от ӧштӧшзалюдям ставлять враждовать друг с другом; jуу-чак улусты ӧштӧштирет война заставляет людей враждовать друг с другом ӧжӱн; ӦШТӰ 1. 1) враг; Алтайда jуртаган омок албаты ӧштӱге бакпас (А. Саруева) «Сен,"
12088,2,[Тай- (Погов.) Дружба,тай погов дружба,"к росту, вражда — к по-",,"Наjылык — ӧзӱмге, ӧштӧш — ӧлӱмге [Тай- (Погов.) Дружба — к росту, вражда — к погибели на ӦШТӦШТИРпонуд. от ӧштӧшзалюдям ставлять враждовать друг с другом; jуу-чак улусты ӧштӧштирет война заставляет людей враждовать друг с другом ӧжӱн; ӦШТӰ 1. 1) враг; Алтайда jуртаган омок албаты ӧштӱге бакпас (А. Саруева) «Сен,"
12088,3,гибели,гибели,,,"Наjылык — ӧзӱмге, ӧштӧш — ӧлӱмге [Тай- (Погов.) Дружба — к росту, вражда — к погибели на ӦШТӦШТИРпонуд. от ӧштӧшзалюдям ставлять враждовать друг с другом; jуу-чак улусты ӧштӧштирет война заставляет людей враждовать друг с другом ӧжӱн; ӦШТӰ 1. 1) враг; Алтайда jуртаган омок албаты ӧштӱге бакпас (А. Саруева) «Сен,"
12088,4,на,на,,,"Наjылык — ӧзӱмге, ӧштӧш — ӧлӱмге [Тай- (Погов.) Дружба — к росту, вражда — к погибели на ӦШТӦШТИРпонуд. от ӧштӧшзалюдям ставлять враждовать друг с другом; jуу-чак улусты ӧштӧштирет война заставляет людей враждовать друг с другом ӧжӱн; ӦШТӰ 1. 1) враг; Алтайда jуртаган омок албаты ӧштӱге бакпас (А. Саруева) «Сен,"
12088,5,ӦШТӦШТИРпонуд. от ӧштӧшза-,ӧштӧштир понуд от ӧштӧш за,,,"Наjылык — ӧзӱмге, ӧштӧш — ӧлӱмге [Тай- (Погов.) Дружба — к росту, вражда — к погибели на ӦШТӦШТИРпонуд. от ӧштӧшзалюдям ставлять враждовать друг с другом; jуу-чак улусты ӧштӧштирет война заставляет людей враждовать друг с другом ӧжӱн; ӦШТӰ 1. 1) враг; Алтайда jуртаган омок албаты ӧштӱге бакпас (А. Саруева) «Сен,"
12088,6,людям,людям,,,"Наjылык — ӧзӱмге, ӧштӧш — ӧлӱмге [Тай- (Погов.) Дружба — к росту, вражда — к погибели на ӦШТӦШТИРпонуд. от ӧштӧшзалюдям ставлять враждовать друг с другом; jуу-чак улусты ӧштӧштирет война заставляет людей враждовать друг с другом ӧжӱн; ӦШТӰ 1. 1) враг; Алтайда jуртаган омок албаты ӧштӱге бакпас (А. Саруева) «Сен,"
12088,7,ставлять враждовать друг с другом,ставлять враждовать друг с другом,,,"Наjылык — ӧзӱмге, ӧштӧш — ӧлӱмге [Тай- (Погов.) Дружба — к росту, вражда — к погибели на ӦШТӦШТИРпонуд. от ӧштӧшзалюдям ставлять враждовать друг с другом; jуу-чак улусты ӧштӧштирет война заставляет людей враждовать друг с другом ӧжӱн; ӦШТӰ 1. 1) враг; Алтайда jуртаган омок албаты ӧштӱге бакпас (А. Саруева) «Сен,"
12088,8,jуу-чак,jуучак,,,"Наjылык — ӧзӱмге, ӧштӧш — ӧлӱмге [Тай- (Погов.) Дружба — к росту, вражда — к погибели на ӦШТӦШТИРпонуд. от ӧштӧшзалюдям ставлять враждовать друг с другом; jуу-чак улусты ӧштӧштирет война заставляет людей враждовать друг с другом ӧжӱн; ӦШТӰ 1. 1) враг; Алтайда jуртаган омок албаты ӧштӱге бакпас (А. Саруева) «Сен,"
12088,9,улусты ӧштӧштирет война заставляет лю-,улусты ӧштӧштирет война заставляет лю,,,"Наjылык — ӧзӱмге, ӧштӧш — ӧлӱмге [Тай- (Погов.) Дружба — к росту, вражда — к погибели на ӦШТӦШТИРпонуд. от ӧштӧшзалюдям ставлять враждовать друг с другом; jуу-чак улусты ӧштӧштирет война заставляет людей враждовать друг с другом ӧжӱн; ӦШТӰ 1. 1) враг; Алтайда jуртаган омок албаты ӧштӱге бакпас (А. Саруева) «Сен,"
12088,10,дей враждовать друг с другом,дей враждовать друг с другом,,,"Наjылык — ӧзӱмге, ӧштӧш — ӧлӱмге [Тай- (Погов.) Дружба — к росту, вражда — к погибели на ӦШТӦШТИРпонуд. от ӧштӧшзалюдям ставлять враждовать друг с другом; jуу-чак улусты ӧштӧштирет война заставляет людей враждовать друг с другом ӧжӱн; ӦШТӰ 1. 1) враг; Алтайда jуртаган омок албаты ӧштӱге бакпас (А. Саруева) «Сен,"
12088,11,ӧжӱн,ӧжӱн,,,"Наjылык — ӧзӱмге, ӧштӧш — ӧлӱмге [Тай- (Погов.) Дружба — к росту, вражда — к погибели на ӦШТӦШТИРпонуд. от ӧштӧшзалюдям ставлять враждовать друг с другом; jуу-чак улусты ӧштӧштирет война заставляет людей враждовать друг с другом ӧжӱн; ӦШТӰ 1. 1) враг; Алтайда jуртаган омок албаты ӧштӱге бакпас (А. Саруева) «Сен,"
12088,12,ӦШТӰ 1. 1) враг,ӧштӱ 1 1 враг,,,"Наjылык — ӧзӱмге, ӧштӧш — ӧлӱмге [Тай- (Погов.) Дружба — к росту, вражда — к погибели на ӦШТӦШТИРпонуд. от ӧштӧшзалюдям ставлять враждовать друг с другом; jуу-чак улусты ӧштӧштирет война заставляет людей враждовать друг с другом ӧжӱн; ӦШТӰ 1. 1) враг; Алтайда jуртаган омок албаты ӧштӱге бакпас (А. Саруева) «Сен,"
12088,13,Алтайда jуртаган,алтайда jуртаган,,,"Наjылык — ӧзӱмге, ӧштӧш — ӧлӱмге [Тай- (Погов.) Дружба — к росту, вражда — к погибели на ӦШТӦШТИРпонуд. от ӧштӧшзалюдям ставлять враждовать друг с другом; jуу-чак улусты ӧштӧштирет война заставляет людей враждовать друг с другом ӧжӱн; ӦШТӰ 1. 1) враг; Алтайда jуртаган омок албаты ӧштӱге бакпас (А. Саруева) «Сен,"
12088,14,омок албаты ӧштӱге бакпас (А. Саруева),омок албаты ӧштӱге бакпас а саруева,,,"Наjылык — ӧзӱмге, ӧштӧш — ӧлӱмге [Тай- (Погов.) Дружба — к росту, вражда — к погибели на ӦШТӦШТИРпонуд. от ӧштӧшзалюдям ставлять враждовать друг с другом; jуу-чак улусты ӧштӧштирет война заставляет людей враждовать друг с другом ӧжӱн; ӦШТӰ 1. 1) враг; Алтайда jуртаган омок албаты ӧштӱге бакпас (А. Саруева) «Сен,"
12088,15,"«Сен,",сен,,,"Наjылык — ӧзӱмге, ӧштӧш — ӧлӱмге [Тай- (Погов.) Дружба — к росту, вражда — к погибели на ӦШТӦШТИРпонуд. от ӧштӧшзалюдям ставлять враждовать друг с другом; jуу-чак улусты ӧштӧштирет война заставляет людей враждовать друг с другом ӧжӱн; ӦШТӰ 1. 1) враг; Алтайда jуртаган омок албаты ӧштӱге бакпас (А. Саруева) «Сен,"
12311,1,сары пресса жёлтая,сары пресса жёлтая,,,сары пресса жёлтая пресса
12311,2,пресса,пресса,,,сары пресса жёлтая пресса
12502,1,Капка толо,капка толо,,,"Капка толо саа болгончо, калбакка толо аш болзын (Посл.) Чем иметь полный мешок шелухи, лучше иметь полную ложку зерна"
12502,2,"саа болгончо, калбакка толо аш болзын",саа болгончо калбакка толо аш болзын,,,"Капка толо саа болгончо, калбакка толо аш болзын (Посл.) Чем иметь полный мешок шелухи, лучше иметь полную ложку зерна"
12502,3,"(Посл.) Чем иметь полный мешок шелухи,",посл чем иметь полный мешок шелухи,,,"Капка толо саа болгончо, калбакка толо аш болзын (Посл.) Чем иметь полный мешок шелухи, лучше иметь полную ложку зерна"
12502,4,лучше иметь полную ложку зерна,лучше иметь полную ложку зерна,,,"Капка толо саа болгончо, калбакка толо аш болзын (Посл.) Чем иметь полный мешок шелухи, лучше иметь полную ложку зерна"
12523,1,Байтал,байтал,,,"Байтал минзе, кулун јок, саамал ичсе, кумыс јок (Погов.) Если на кобылице ездить, жеребёнка не будет, если кобылье молоко пить, кумыса не будет"
12523,2,"минзе, кулун јок, саамал ичсе, кумыс јок",минзе кулун јок саамал ичсе кумыс јок,,,"Байтал минзе, кулун јок, саамал ичсе, кумыс јок (Погов.) Если на кобылице ездить, жеребёнка не будет, если кобылье молоко пить, кумыса не будет"
12523,3,"(Погов.) Если на кобылице ездить, жеребёнка",погов если на кобылице ездить жеребёнка,,,"Байтал минзе, кулун јок, саамал ичсе, кумыс јок (Погов.) Если на кобылице ездить, жеребёнка не будет, если кобылье молоко пить, кумыса не будет"
12523,4,"не будет, если кобылье молоко пить, кумыса",не будет если кобылье молоко пить кумыса,,,"Байтал минзе, кулун јок, саамал ичсе, кумыс јок (Погов.) Если на кобылице ездить, жеребёнка не будет, если кобылье молоко пить, кумыса не будет"
12523,5,не будет,не будет,,,"Байтал минзе, кулун јок, саамал ичсе, кумыс јок (Погов.) Если на кобылице ездить, жеребёнка не будет, если кобылье молоко пить, кумыса не будет"
12538,1,јӱрӱм сабаган жизнь побила,јӱрӱм сабаган жизнь побила,,,јӱрӱм сабаган жизнь побила
12542,1,ус сабар указательный палец,ус сабар указательный палец,,,"ус сабар указательный палец; сабарла теҥериге тӱртер отвечать невпопад, 557 -"
12542,2,"сабарла теҥериге тӱртер отвечать невпопад,",сабарла теҥериге тӱртер отвечать невпопад,,,"ус сабар указательный палец; сабарла теҥериге тӱртер отвечать невпопад, 557 -"
12542,3,557 -,557,,,"ус сабар указательный палец; сабарла теҥериге тӱртер отвечать невпопад, 557 -"
12544,1,сабаттаҥ чылап урар,сабаттаҥ чылап урар,,,сабаттаҥ чылап урар лить как из ведра
12544,2,лить как из ведра,лить как из ведра,,,сабаттаҥ чылап урар лить как из ведра
12555,1,азу сагал усы,азу сагал усы,,,азу сагал усы; ээк сагал борода; эрин сагал усы; јаак сагал бакенбарды
12555,2,ээк сагал бо-,ээк сагал бо,,,азу сагал усы; ээк сагал борода; эрин сагал усы; јаак сагал бакенбарды
12555,3,рода,рода,,,азу сагал усы; ээк сагал борода; эрин сагал усы; јаак сагал бакенбарды
12555,4,эрин сагал усы,эрин сагал усы,,,азу сагал усы; ээк сагал борода; эрин сагал усы; јаак сагал бакенбарды
12555,5,јаак сагал бакенбарды,јаак сагал бакенбарды,,,азу сагал усы; ээк сагал борода; эрин сагал усы; јаак сагал бакенбарды
12556,1,сагышка кирер,сагышка кирер,,,"сагышка кирер прийти на ум; сагыш кирген одумался; сагышка кирбес не додумается, не догадывается; сагыш јок без ума, без памяти; сагыш алынар одуматься, взяться за ум; сагыжы чыгар потерять рассудок; сильно испугаться; сагыжы јетпес умственно неполноценный; сагыжым јамандалды у меня испортилось настроение; сагыжын јылыйтар терять сознание, впадать в беспамятство"
12556,2,прийти на ум,прийти на ум,,,"сагышка кирер прийти на ум; сагыш кирген одумался; сагышка кирбес не додумается, не догадывается; сагыш јок без ума, без памяти; сагыш алынар одуматься, взяться за ум; сагыжы чыгар потерять рассудок; сильно испугаться; сагыжы јетпес умственно неполноценный; сагыжым јамандалды у меня испортилось настроение; сагыжын јылыйтар терять сознание, впадать в беспамятство"
12556,3,сагыш кирген одумался,сагыш кирген одумался,,,"сагышка кирер прийти на ум; сагыш кирген одумался; сагышка кирбес не додумается, не догадывается; сагыш јок без ума, без памяти; сагыш алынар одуматься, взяться за ум; сагыжы чыгар потерять рассудок; сильно испугаться; сагыжы јетпес умственно неполноценный; сагыжым јамандалды у меня испортилось настроение; сагыжын јылыйтар терять сознание, впадать в беспамятство"
12556,4,са-,са,,,"сагышка кирер прийти на ум; сагыш кирген одумался; сагышка кирбес не додумается, не догадывается; сагыш јок без ума, без памяти; сагыш алынар одуматься, взяться за ум; сагыжы чыгар потерять рассудок; сильно испугаться; сагыжы јетпес умственно неполноценный; сагыжым јамандалды у меня испортилось настроение; сагыжын јылыйтар терять сознание, впадать в беспамятство"
12556,5,"гышка кирбес не додумается, не догадыва-",гышка кирбес не додумается не догадыва,,,"сагышка кирер прийти на ум; сагыш кирген одумался; сагышка кирбес не додумается, не догадывается; сагыш јок без ума, без памяти; сагыш алынар одуматься, взяться за ум; сагыжы чыгар потерять рассудок; сильно испугаться; сагыжы јетпес умственно неполноценный; сагыжым јамандалды у меня испортилось настроение; сагыжын јылыйтар терять сознание, впадать в беспамятство"
12556,6,ется,ется,,,"сагышка кирер прийти на ум; сагыш кирген одумался; сагышка кирбес не додумается, не догадывается; сагыш јок без ума, без памяти; сагыш алынар одуматься, взяться за ум; сагыжы чыгар потерять рассудок; сильно испугаться; сагыжы јетпес умственно неполноценный; сагыжым јамандалды у меня испортилось настроение; сагыжын јылыйтар терять сознание, впадать в беспамятство"
12556,7,"сагыш јок без ума, без памяти",сагыш јок без ума без памяти,,,"сагышка кирер прийти на ум; сагыш кирген одумался; сагышка кирбес не додумается, не догадывается; сагыш јок без ума, без памяти; сагыш алынар одуматься, взяться за ум; сагыжы чыгар потерять рассудок; сильно испугаться; сагыжы јетпес умственно неполноценный; сагыжым јамандалды у меня испортилось настроение; сагыжын јылыйтар терять сознание, впадать в беспамятство"
12556,8,сагыш,сагыш,,,"сагышка кирер прийти на ум; сагыш кирген одумался; сагышка кирбес не додумается, не догадывается; сагыш јок без ума, без памяти; сагыш алынар одуматься, взяться за ум; сагыжы чыгар потерять рассудок; сильно испугаться; сагыжы јетпес умственно неполноценный; сагыжым јамандалды у меня испортилось настроение; сагыжын јылыйтар терять сознание, впадать в беспамятство"
12556,9,"алынар одуматься, взяться за ум",алынар одуматься взяться за ум,,,"сагышка кирер прийти на ум; сагыш кирген одумался; сагышка кирбес не додумается, не догадывается; сагыш јок без ума, без памяти; сагыш алынар одуматься, взяться за ум; сагыжы чыгар потерять рассудок; сильно испугаться; сагыжы јетпес умственно неполноценный; сагыжым јамандалды у меня испортилось настроение; сагыжын јылыйтар терять сознание, впадать в беспамятство"
12556,10,сагыжы,сагыжы,,,"сагышка кирер прийти на ум; сагыш кирген одумался; сагышка кирбес не додумается, не догадывается; сагыш јок без ума, без памяти; сагыш алынар одуматься, взяться за ум; сагыжы чыгар потерять рассудок; сильно испугаться; сагыжы јетпес умственно неполноценный; сагыжым јамандалды у меня испортилось настроение; сагыжын јылыйтар терять сознание, впадать в беспамятство"
12556,11,чыгар потерять рассудок,чыгар потерять рассудок,,,"сагышка кирер прийти на ум; сагыш кирген одумался; сагышка кирбес не додумается, не догадывается; сагыш јок без ума, без памяти; сагыш алынар одуматься, взяться за ум; сагыжы чыгар потерять рассудок; сильно испугаться; сагыжы јетпес умственно неполноценный; сагыжым јамандалды у меня испортилось настроение; сагыжын јылыйтар терять сознание, впадать в беспамятство"
12556,12,сильно испугаться,сильно испугаться,,,"сагышка кирер прийти на ум; сагыш кирген одумался; сагышка кирбес не додумается, не догадывается; сагыш јок без ума, без памяти; сагыш алынар одуматься, взяться за ум; сагыжы чыгар потерять рассудок; сильно испугаться; сагыжы јетпес умственно неполноценный; сагыжым јамандалды у меня испортилось настроение; сагыжын јылыйтар терять сознание, впадать в беспамятство"
12556,13,сагыжы јетпес умственно неполноценный,сагыжы јетпес умственно неполноценный,,,"сагышка кирер прийти на ум; сагыш кирген одумался; сагышка кирбес не додумается, не догадывается; сагыш јок без ума, без памяти; сагыш алынар одуматься, взяться за ум; сагыжы чыгар потерять рассудок; сильно испугаться; сагыжы јетпес умственно неполноценный; сагыжым јамандалды у меня испортилось настроение; сагыжын јылыйтар терять сознание, впадать в беспамятство"
12556,14,сагыжым јамандалды у меня испортилось,сагыжым јамандалды у меня испортилось,,,"сагышка кирер прийти на ум; сагыш кирген одумался; сагышка кирбес не додумается, не догадывается; сагыш јок без ума, без памяти; сагыш алынар одуматься, взяться за ум; сагыжы чыгар потерять рассудок; сильно испугаться; сагыжы јетпес умственно неполноценный; сагыжым јамандалды у меня испортилось настроение; сагыжын јылыйтар терять сознание, впадать в беспамятство"
12556,15,настроение,настроение,,,"сагышка кирер прийти на ум; сагыш кирген одумался; сагышка кирбес не додумается, не догадывается; сагыш јок без ума, без памяти; сагыш алынар одуматься, взяться за ум; сагыжы чыгар потерять рассудок; сильно испугаться; сагыжы јетпес умственно неполноценный; сагыжым јамандалды у меня испортилось настроение; сагыжын јылыйтар терять сознание, впадать в беспамятство"
12556,16,сагыжын јылыйтар терять со-,сагыжын јылыйтар терять со,,,"сагышка кирер прийти на ум; сагыш кирген одумался; сагышка кирбес не додумается, не догадывается; сагыш јок без ума, без памяти; сагыш алынар одуматься, взяться за ум; сагыжы чыгар потерять рассудок; сильно испугаться; сагыжы јетпес умственно неполноценный; сагыжым јамандалды у меня испортилось настроение; сагыжын јылыйтар терять сознание, впадать в беспамятство"
12556,17,"знание, впадать в беспамятство",знание впадать в беспамятство,,,"сагышка кирер прийти на ум; сагыш кирген одумался; сагышка кирбес не додумается, не догадывается; сагыш јок без ума, без памяти; сагыш алынар одуматься, взяться за ум; сагыжы чыгар потерять рассудок; сильно испугаться; сагыжы јетпес умственно неполноценный; сагыжым јамандалды у меня испортилось настроение; сагыжын јылыйтар терять сознание, впадать в беспамятство"
12557,1,ак сагышту доброжелатель-,ак сагышту доброжелатель,,,ак сагышту доброжелательный; кара сагышту недоброжелательный
12557,2,ный,ный,,,ак сагышту доброжелательный; кара сагышту недоброжелательный
12557,3,кара сагышту недоброжелательный,кара сагышту недоброжелательный,,,ак сагышту доброжелательный; кара сагышту недоброжелательный
12560,1,Садулу,садулу,,,Садулу палата Торговая палата
12560,2,палата Торговая палата,палата торговая палата,,,Садулу палата Торговая палата
12581,1,сай таш гравий,сай таш гравий,,,сай таш гравий
12592,1,сайгак тийгендий как угоре-,сайгак тийгендий как угоре,,,"сайгак тийгендий как угорелый; Уурчы коркот копчынаҥ, уйлар коркот сайгактаҥ (Посл.) Вор боится сплетника, коровы боятся овода"
12592,2,лый,лый,,,"сайгак тийгендий как угорелый; Уурчы коркот копчынаҥ, уйлар коркот сайгактаҥ (Посл.) Вор боится сплетника, коровы боятся овода"
12592,3,"Уурчы коркот копчынаҥ, уйлар кор-",уурчы коркот копчынаҥ уйлар кор,,,"сайгак тийгендий как угорелый; Уурчы коркот копчынаҥ, уйлар коркот сайгактаҥ (Посл.) Вор боится сплетника, коровы боятся овода"
12592,4,кот сайгактаҥ (Посл.) Вор боится сплетни-,кот сайгактаҥ посл вор боится сплетни,,,"сайгак тийгендий как угорелый; Уурчы коркот копчынаҥ, уйлар коркот сайгактаҥ (Посл.) Вор боится сплетника, коровы боятся овода"
12592,5,"ка, коровы боятся овода",ка коровы боятся овода,,,"сайгак тийгендий как угорелый; Уурчы коркот копчынаҥ, уйлар коркот сайгактаҥ (Посл.) Вор боится сплетника, коровы боятся овода"
12600,1,Сай-,сай,,,Сайгакчы кижи сайгагына сайылар (Посл.)
12600,2,гакчы кижи сайгагына сайылар (Посл.),гакчы кижи сайгагына сайылар посл,,,Сайгакчы кижи сайгагына сайылар (Посл.)
12652,1,"Ат сактаган ат минет, тон сак-",ат сактаган ат минет тон сак,,,"Ат сактаган ат минет, тон сактаган тон кийет (Погов.) Кто коня бережет, тот на коне ездит, кто шубу бережет, тот шубу носит"
12652,2,"таган тон кийет (Погов.) Кто коня бережет,",таган тон кийет погов кто коня бережет,,,"Ат сактаган ат минет, тон сактаган тон кийет (Погов.) Кто коня бережет, тот на коне ездит, кто шубу бережет, тот шубу носит"
12652,3,"тот на коне ездит, кто шубу бережет, тот шубу",тот на коне ездит кто шубу бережет тот шубу,,,"Ат сактаган ат минет, тон сактаган тон кийет (Погов.) Кто коня бережет, тот на коне ездит, кто шубу бережет, тот шубу носит"
12652,4,носит,носит,,,"Ат сактаган ат минет, тон сактаган тон кийет (Погов.) Кто коня бережет, тот на коне ездит, кто шубу бережет, тот шубу носит"
12740,1,кол салынар наложить на,кол салынар наложить на,,,кол салынар наложить на
12791,1,санаа алынар одуматься,санаа алынар одуматься,,,санаа алынар одуматься; санаага салдырар 1) задуматься; 2) опечалиться
12791,2,санаага,санаага,,,санаа алынар одуматься; санаага салдырар 1) задуматься; 2) опечалиться
12791,3,салдырар 1) задуматься,салдырар 1 задуматься,,,санаа алынар одуматься; санаага салдырар 1) задуматься; 2) опечалиться
12791,4,2) опечалиться,2 опечалиться,,,санаа алынар одуматься; санаага салдырар 1) задуматься; 2) опечалиться
12884,1,"сарбас ла этсе как только, в любой",сарбас ла этсе как только в любой,,,"сарбас ла этсе как только, в любой момент"
12884,2,момент,момент,,,"сарбас ла этсе как только, в любой момент"
12911,1,"Киштиҥ сарызы,",киштиҥ сарызы,,,"Киштиҥ сарызы, кижиниҥ сарты (Погов.) Худший (букв. жёлтый) из соболей, худший из людей -"
12911,2,кижиниҥ сарты (Погов.) Худший (букв.,кижиниҥ сарты погов худший букв,,,"Киштиҥ сарызы, кижиниҥ сарты (Погов.) Худший (букв. жёлтый) из соболей, худший из людей -"
12911,3,"жёлтый) из соболей, худший из людей",жёлтый из соболей худший из людей,,,"Киштиҥ сарызы, кижиниҥ сарты (Погов.) Худший (букв. жёлтый) из соболей, худший из людей -"
12911,4,-,-,,,"Киштиҥ сарызы, кижиниҥ сарты (Погов.) Худший (букв. жёлтый) из соболей, худший из людей -"
12916,1,сары оору мед. жел-,сары оору мед жел,,,сары оору мед. желтуха; сары сай непoспевшее ядрo кедровой шишки
12916,2,туха,туха,,,сары оору мед. желтуха; сары сай непoспевшее ядрo кедровой шишки
12916,3,сары сай непoспевшее ядрo кедровой,сары сай непoспевшее ядрo кедровой,,,сары оору мед. желтуха; сары сай непoспевшее ядрo кедровой шишки
12916,4,шишки,шишки,,,сары оору мед. желтуха; сары сай непoспевшее ядрo кедровой шишки
13011,1,ӧлгӧн сек бран. пропастина (о плохом,ӧлгӧн сек бран пропастина о плохом,,,ӧлгӧн сек бран. пропастина (о плохом человеке)
13011,2,человеке),человеке,,,ӧлгӧн сек бран. пропастина (о плохом человеке)
13218,1,"чачым jер место, находящееся на близком",чачым jер место находящееся на близком,,,"чачым jер место, находящееся на близком расстоянии, рукой пoдать (букв. на расстоянии мочи)"
13218,2,"расстоянии, рукой пoдать (букв. на расстоя-",расстоянии рукой пoдать букв на расстоя,,,"чачым jер место, находящееся на близком расстоянии, рукой пoдать (букв. на расстоянии мочи)"
13218,3,нии мочи),нии мочи,,,"чачым jер место, находящееся на близком расстоянии, рукой пoдать (букв. на расстоянии мочи)"
13254,1,сирейе тоҥор око-,сирейе тоҥор око,,,"сирейе тоҥор околеть, окоченеть"
13254,2,"леть, окоченеть",леть окоченеть,,,"сирейе тоҥор околеть, окоченеть"
13368,1,"карган согым старик, старуха",карган согым старик старуха,,,"карган согым старик, старуха"
13401,1,кӧчӧ-талкан согор подпры-,кӧчӧталкан согор подпры,,,кӧчӧ-талкан согор подпрыгивать на коленях (о маленьком ребёнке)
13401,2,гивать на коленях (о маленьком ребёнке),гивать на коленях о маленьком ребёнке,,,кӧчӧ-талкан согор подпрыгивать на коленях (о маленьком ребёнке)
13491,1,соҥы јыл че-,соҥы јыл че,,,соҥы јыл через год
13491,2,рез год,рез год,,,соҥы јыл через год
13521,1,эдиниҥ,эдиниҥ,,,"эдиниҥ соогы jайылар побегут мурашки по коже; соокко алдыртар простыть, простудиться; соокко ӧдӧр простыть, простудиться"
13521,2,соогы jайылар побегут мурашки по коже,соогы jайылар побегут мурашки по коже,,,"эдиниҥ соогы jайылар побегут мурашки по коже; соокко алдыртар простыть, простудиться; соокко ӧдӧр простыть, простудиться"
13521,3,"соокко алдыртар простыть, простудиться",соокко алдыртар простыть простудиться,,,"эдиниҥ соогы jайылар побегут мурашки по коже; соокко алдыртар простыть, простудиться; соокко ӧдӧр простыть, простудиться"
13521,4,"соокко ӧдӧр простыть, простудиться",соокко ӧдӧр простыть простудиться,,,"эдиниҥ соогы jайылар побегут мурашки по коже; соокко алдыртар простыть, простудиться; соокко ӧдӧр простыть, простудиться"
13543,1,"сооро калар опоздать, не за-",сооро калар опоздать не за,,,"сооро калар опоздать, не застать"
13543,2,стать,стать,,,"сооро калар опоздать, не застать"
13602,1,сӧгӱш сӧс дразнилка,сӧгӱш сӧс дразнилка,,,сӧгӱш сӧс дразнилка; сӧгӱш кожоҥ песня-дразнилка
13602,2,сӧгӱш,сӧгӱш,,,сӧгӱш сӧс дразнилка; сӧгӱш кожоҥ песня-дразнилка
13602,3,кожоҥ песня-дразнилка,кожоҥ песнядразнилка,,,сӧгӱш сӧс дразнилка; сӧгӱш кожоҥ песня-дразнилка
13632,1,тӧрт,тӧрт,,,тӧрт сӧӧк очень худой; как сӧӧк скелет
13632,2,сӧӧк очень худой,сӧӧк очень худой,,,тӧрт сӧӧк очень худой; как сӧӧк скелет
13632,3,как сӧӧк скелет,как сӧӧк скелет,,,тӧрт сӧӧк очень худой; как сӧӧк скелет
13646,1,сӧс бӱдӱрер кожулта грам.,сӧс бӱдӱрер кожулта грам,,,"сӧс бӱдӱрер кожулта грам. словообразовательный аффикс; сӧс кубултар кожулта грам. формообразующий аффикс; сӧзине турар сдержать слово; сӧс берер вать слово, обещать; сӧстӧҥ чыгар ослушаться; сӧскӧ кирер согласиться; сӧстӧҥ"
13646,2,словообразовательный аффикс,словообразовательный аффикс,,,"сӧс бӱдӱрер кожулта грам. словообразовательный аффикс; сӧс кубултар кожулта грам. формообразующий аффикс; сӧзине турар сдержать слово; сӧс берер вать слово, обещать; сӧстӧҥ чыгар ослушаться; сӧскӧ кирер согласиться; сӧстӧҥ"
13646,3,сӧс кубултар,сӧс кубултар,,,"сӧс бӱдӱрер кожулта грам. словообразовательный аффикс; сӧс кубултар кожулта грам. формообразующий аффикс; сӧзине турар сдержать слово; сӧс берер вать слово, обещать; сӧстӧҥ чыгар ослушаться; сӧскӧ кирер согласиться; сӧстӧҥ"
13646,4,кожулта грам. формообразующий аффикс,кожулта грам формообразующий аффикс,,,"сӧс бӱдӱрер кожулта грам. словообразовательный аффикс; сӧс кубултар кожулта грам. формообразующий аффикс; сӧзине турар сдержать слово; сӧс берер вать слово, обещать; сӧстӧҥ чыгар ослушаться; сӧскӧ кирер согласиться; сӧстӧҥ"
13646,5,сӧзине турар сдержать слово,сӧзине турар сдержать слово,,,"сӧс бӱдӱрер кожулта грам. словообразовательный аффикс; сӧс кубултар кожулта грам. формообразующий аффикс; сӧзине турар сдержать слово; сӧс берер вать слово, обещать; сӧстӧҥ чыгар ослушаться; сӧскӧ кирер согласиться; сӧстӧҥ"
13646,6,сӧс берер,сӧс берер,,,"сӧс бӱдӱрер кожулта грам. словообразовательный аффикс; сӧс кубултар кожулта грам. формообразующий аффикс; сӧзине турар сдержать слово; сӧс берер вать слово, обещать; сӧстӧҥ чыгар ослушаться; сӧскӧ кирер согласиться; сӧстӧҥ"
13646,7,"вать слово, обещать",вать слово обещать,,,"сӧс бӱдӱрер кожулта грам. словообразовательный аффикс; сӧс кубултар кожулта грам. формообразующий аффикс; сӧзине турар сдержать слово; сӧс берер вать слово, обещать; сӧстӧҥ чыгар ослушаться; сӧскӧ кирер согласиться; сӧстӧҥ"
13646,8,сӧстӧҥ чыгар ослу-,сӧстӧҥ чыгар ослу,,,"сӧс бӱдӱрер кожулта грам. словообразовательный аффикс; сӧс кубултар кожулта грам. формообразующий аффикс; сӧзине турар сдержать слово; сӧс берер вать слово, обещать; сӧстӧҥ чыгар ослушаться; сӧскӧ кирер согласиться; сӧстӧҥ"
13646,9,шаться,шаться,,,"сӧс бӱдӱрер кожулта грам. словообразовательный аффикс; сӧс кубултар кожулта грам. формообразующий аффикс; сӧзине турар сдержать слово; сӧс берер вать слово, обещать; сӧстӧҥ чыгар ослушаться; сӧскӧ кирер согласиться; сӧстӧҥ"
13646,10,сӧскӧ кирер согласиться,сӧскӧ кирер согласиться,,,"сӧс бӱдӱрер кожулта грам. словообразовательный аффикс; сӧс кубултар кожулта грам. формообразующий аффикс; сӧзине турар сдержать слово; сӧс берер вать слово, обещать; сӧстӧҥ чыгар ослушаться; сӧскӧ кирер согласиться; сӧстӧҥ"
13646,11,сӧстӧҥ,сӧстӧҥ,,,"сӧс бӱдӱрер кожулта грам. словообразовательный аффикс; сӧс кубултар кожулта грам. формообразующий аффикс; сӧзине турар сдержать слово; сӧс берер вать слово, обещать; сӧстӧҥ чыгар ослушаться; сӧскӧ кирер согласиться; сӧстӧҥ"
13823,1,сукайры кадырар сушить сухари,сукайры кадырар сушить сухари,,,сукайры кадырар сушить сухари
13856,1,"Сур ат капшай болотон, сурас кижи омок",сур ат капшай болотон сурас кижи омок,,,"Сур ат капшай болотон, сурас кижи омок болотон (Погов.) Светло-серая лошадь быстрой бывает, внебрачный ребёнок шустрым бывает"
13856,2,болотон (Погов.) Светло-серая лошадь бы-,болотон погов светлосерая лошадь бы,,,"Сур ат капшай болотон, сурас кижи омок болотон (Погов.) Светло-серая лошадь быстрой бывает, внебрачный ребёнок шустрым бывает"
13856,3,"строй бывает, внебрачный ребёнок шустрым",строй бывает внебрачный ребёнок шустрым,,,"Сур ат капшай болотон, сурас кижи омок болотон (Погов.) Светло-серая лошадь быстрой бывает, внебрачный ребёнок шустрым бывает"
13856,4,бывает,бывает,,,"Сур ат капшай болотон, сурас кижи омок болотон (Погов.) Светло-серая лошадь быстрой бывает, внебрачный ребёнок шустрым бывает"
13864,1,грам. су-,грам су,,,грам. суракту солума вопросительное местоимение; сурак темдек вопросительный знак; суракту эрмек вопросительное предложение
13864,2,ракту солума вопросительное местоимение,ракту солума вопросительное местоимение,,,грам. суракту солума вопросительное местоимение; сурак темдек вопросительный знак; суракту эрмек вопросительное предложение
13864,3,сурак темдек вопросительный знак,сурак темдек вопросительный знак,,,грам. суракту солума вопросительное местоимение; сурак темдек вопросительный знак; суракту эрмек вопросительное предложение
13864,4,суракту,суракту,,,грам. суракту солума вопросительное местоимение; сурак темдек вопросительный знак; суракту эрмек вопросительное предложение
13864,5,эрмек вопросительное предложение,эрмек вопросительное предложение,,,грам. суракту солума вопросительное местоимение; сурак темдек вопросительный знак; суракту эрмек вопросительное предложение
13875,1,Jердиҥ,jердиҥ,,,"Jердиҥ jакшызы – сас, кижиниҥ jакшызы – сурас (Погов.) Лучшее из земель – болото, лучший из людей – незаконнорождённый"
13875,2,jакшызы,jакшызы,"сас, кижиниҥ jакшызы – сурас",,"Jердиҥ jакшызы – сас, кижиниҥ jакшызы – сурас (Погов.) Лучшее из земель – болото, лучший из людей – незаконнорождённый"
13875,3,(Погов.) Лучшее из земель,погов лучшее из земель,"болото, лучший",,"Jердиҥ jакшызы – сас, кижиниҥ jакшызы – сурас (Погов.) Лучшее из земель – болото, лучший из людей – незаконнорождённый"
13875,4,из людей,из людей,незаконнорождённый,,"Jердиҥ jакшызы – сас, кижиниҥ jакшызы – сурас (Погов.) Лучшее из земель – болото, лучший из людей – незаконнорождённый"
13904,1,сурузы jок jылыйган без вести пропал,сурузы jок jылыйган без вести пропал,,,сурузы jок jылыйган без вести пропал; сурузы канган без вести пропавший
13904,2,су-,су,,,сурузы jок jылыйган без вести пропал; сурузы канган без вести пропавший
13904,3,рузы канган без вести пропавший,рузы канган без вести пропавший,,,сурузы jок jылыйган без вести пропал; сурузы канган без вести пропавший
13923,1,сууныҥ бажы исток (реки),сууныҥ бажы исток реки,,,сууныҥ бажы исток (реки); суудагы дый испытывать страх; сууга барар утонуть;
13923,2,суудагы,суудагы,,,сууныҥ бажы исток (реки); суудагы дый испытывать страх; сууга барар утонуть;
13923,3,дый испытывать страх,дый испытывать страх,,,сууныҥ бажы исток (реки); суудагы дый испытывать страх; сууга барар утонуть;
13923,4,сууга барар утонуть,сууга барар утонуть,,,сууныҥ бажы исток (реки); суудагы дый испытывать страх; сууга барар утонуть;
13949,1,суулу балу,суулу балу,,,суулу балу мед. водяной волдырь
13949,2,мед. водяной волдырь,мед водяной волдырь,,,суулу балу мед. водяной волдырь
13958,1,баланыҥ суузы за-,баланыҥ суузы за,,,баланыҥ суузы зародыш
13958,2,родыш,родыш,,,баланыҥ суузы зародыш
13975,1,сӱме кабырга,сӱме кабырга,,,"сӱме кабырга ложное ребро; Сӱмези ас кижи кӧӧрӧҥкӧй (Погов.) Человек, у которого хитрости мало, склонен к бахвальству; Сӱмелӱ уул jонына туза (Погов.) Хитроумный парень народу своему будет полезен"
13975,2,ложное ребро,ложное ребро,,,"сӱме кабырга ложное ребро; Сӱмези ас кижи кӧӧрӧҥкӧй (Погов.) Человек, у которого хитрости мало, склонен к бахвальству; Сӱмелӱ уул jонына туза (Погов.) Хитроумный парень народу своему будет полезен"
13975,3,Сӱмези ас кижи кӧӧрӧҥкӧй,сӱмези ас кижи кӧӧрӧҥкӧй,,,"сӱме кабырга ложное ребро; Сӱмези ас кижи кӧӧрӧҥкӧй (Погов.) Человек, у которого хитрости мало, склонен к бахвальству; Сӱмелӱ уул jонына туза (Погов.) Хитроумный парень народу своему будет полезен"
13975,4,"(Погов.) Человек, у которого хитрости мало,",погов человек у которого хитрости мало,,,"сӱме кабырга ложное ребро; Сӱмези ас кижи кӧӧрӧҥкӧй (Погов.) Человек, у которого хитрости мало, склонен к бахвальству; Сӱмелӱ уул jонына туза (Погов.) Хитроумный парень народу своему будет полезен"
13975,5,склонен к бахвальству,склонен к бахвальству,,,"сӱме кабырга ложное ребро; Сӱмези ас кижи кӧӧрӧҥкӧй (Погов.) Человек, у которого хитрости мало, склонен к бахвальству; Сӱмелӱ уул jонына туза (Погов.) Хитроумный парень народу своему будет полезен"
13975,6,Сӱмелӱ уул jонына,сӱмелӱ уул jонына,,,"сӱме кабырга ложное ребро; Сӱмези ас кижи кӧӧрӧҥкӧй (Погов.) Человек, у которого хитрости мало, склонен к бахвальству; Сӱмелӱ уул jонына туза (Погов.) Хитроумный парень народу своему будет полезен"
13975,7,туза (Погов.) Хитроумный парень народу,туза погов хитроумный парень народу,,,"сӱме кабырга ложное ребро; Сӱмези ас кижи кӧӧрӧҥкӧй (Погов.) Человек, у которого хитрости мало, склонен к бахвальству; Сӱмелӱ уул jонына туза (Погов.) Хитроумный парень народу своему будет полезен"
13975,8,своему будет полезен,своему будет полезен,,,"сӱме кабырга ложное ребро; Сӱмези ас кижи кӧӧрӧҥкӧй (Погов.) Человек, у которого хитрости мало, склонен к бахвальству; Сӱмелӱ уул jонына туза (Погов.) Хитроумный парень народу своему будет полезен"
13983,1,Ӱч-Сӱмер,ӱчсӱмер,,,Ӱч-Сӱмер
13991,1,сӱри чыгар (тӱжер) испытывать,сӱри чыгар тӱжер испытывать,,,"сӱри чыгар (тӱжер) испытывать слабость, подавленность (букв. его энергия вышла, подавлена)"
13991,2,"слабость, подавленность (букв. его энергия",слабость подавленность букв его энергия,,,"сӱри чыгар (тӱжер) испытывать слабость, подавленность (букв. его энергия вышла, подавлена)"
13991,3,"вышла, подавлена)",вышла подавлена,,,"сӱри чыгар (тӱжер) испытывать слабость, подавленность (букв. его энергия вышла, подавлена)"
13997,1,"Jаман салда jер сӱрбес, jалку",jаман салда jер сӱрбес jалку,,,"Jаман салда jер сӱрбес, jалку кижи jер сӱрбес (Погов.) Плохая соха земли не вспашет, ленивый человек земли не вспашет; Jер сӱрген салда курч, тили эптӱниҥ сӧзи курч (Погов.) Землю вспахавший плуг – острый, складно говорящий – на слово острый"
13997,2,кижи jер сӱрбес (Погов.) Плохая соха земли,кижи jер сӱрбес погов плохая соха земли,,,"Jаман салда jер сӱрбес, jалку кижи jер сӱрбес (Погов.) Плохая соха земли не вспашет, ленивый человек земли не вспашет; Jер сӱрген салда курч, тили эптӱниҥ сӧзи курч (Погов.) Землю вспахавший плуг – острый, складно говорящий – на слово острый"
13997,3,"не вспашет, ленивый человек земли не вспа-",не вспашет ленивый человек земли не вспа,,,"Jаман салда jер сӱрбес, jалку кижи jер сӱрбес (Погов.) Плохая соха земли не вспашет, ленивый человек земли не вспашет; Jер сӱрген салда курч, тили эптӱниҥ сӧзи курч (Погов.) Землю вспахавший плуг – острый, складно говорящий – на слово острый"
13997,4,шет,шет,,,"Jаман салда jер сӱрбес, jалку кижи jер сӱрбес (Погов.) Плохая соха земли не вспашет, ленивый человек земли не вспашет; Jер сӱрген салда курч, тили эптӱниҥ сӧзи курч (Погов.) Землю вспахавший плуг – острый, складно говорящий – на слово острый"
13997,5,"Jер сӱрген салда курч, тили эптӱниҥ",jер сӱрген салда курч тили эптӱниҥ,,,"Jаман салда jер сӱрбес, jалку кижи jер сӱрбес (Погов.) Плохая соха земли не вспашет, ленивый человек земли не вспашет; Jер сӱрген салда курч, тили эптӱниҥ сӧзи курч (Погов.) Землю вспахавший плуг – острый, складно говорящий – на слово острый"
13997,6,сӧзи курч (Погов.) Землю вспахавший плуг,сӧзи курч погов землю вспахавший плуг,,,"Jаман салда jер сӱрбес, jалку кижи jер сӱрбес (Погов.) Плохая соха земли не вспашет, ленивый человек земли не вспашет; Jер сӱрген салда курч, тили эптӱниҥ сӧзи курч (Погов.) Землю вспахавший плуг – острый, складно говорящий – на слово острый"
13997,7,"– острый, складно говорящий",острый складно говорящий,на слово,,"Jаман салда jер сӱрбес, jалку кижи jер сӱрбес (Погов.) Плохая соха земли не вспашет, ленивый человек земли не вспашет; Jер сӱрген салда курч, тили эптӱниҥ сӧзи курч (Погов.) Землю вспахавший плуг – острый, складно говорящий – на слово острый"
13997,8,острый,острый,,,"Jаман салда jер сӱрбес, jалку кижи jер сӱрбес (Погов.) Плохая соха земли не вспашет, ленивый человек земли не вспашет; Jер сӱрген салда курч, тили эптӱниҥ сӧзи курч (Погов.) Землю вспахавший плуг – острый, складно говорящий – на слово острый"
14027,1,"Ат jакшызы сӱрлӱ, кижи jакшызы",ат jакшызы сӱрлӱ кижи jакшызы,,,"Ат jакшызы сӱрлӱ, кижи jакшызы кӱндӱ (Посл.) Лучший из коней красив, ший из людей с солнцем; с образом, видом;"
14027,2,"кӱндӱ (Посл.) Лучший из коней красив,",кӱндӱ посл лучший из коней красив,,,"Ат jакшызы сӱрлӱ, кижи jакшызы кӱндӱ (Посл.) Лучший из коней красив, ший из людей с солнцем; с образом, видом;"
14027,3,ший из людей с солнцем,ший из людей с солнцем,,,"Ат jакшызы сӱрлӱ, кижи jакшызы кӱндӱ (Посл.) Лучший из коней красив, ший из людей с солнцем; с образом, видом;"
14027,4,"с образом, видом",с образом видом,,,"Ат jакшызы сӱрлӱ, кижи jакшызы кӱндӱ (Посл.) Лучший из коней красив, ший из людей с солнцем; с образом, видом;"
14047,1,сӱскенегин ӱзе тартар,сӱскенегин ӱзе тартар,,,сӱскенегин ӱзе тартар сломать шею
14047,2,сломать шею,сломать шею,,,сӱскенегин ӱзе тартар сломать шею
14051,1,тумчугыла сӱстирер тыкать носом,тумчугыла сӱстирер тыкать носом,,,тумчугыла сӱстирер тыкать носом
14067,1,Эрjине аттыҥ jаражы –,эрjине аттыҥ jаражы,,,Эрjине аттыҥ jаражы – эр кижиниҥ сӱӱмjизи (Погов.) Красота драгоценного коня – радость мужчины
14067,2,эр кижиниҥ сӱӱмjизи (Погов.) Красота дра-,эр кижиниҥ сӱӱмjизи погов красота дра,,,Эрjине аттыҥ jаражы – эр кижиниҥ сӱӱмjизи (Погов.) Красота драгоценного коня – радость мужчины
14067,3,гоценного коня,гоценного коня,радость мужчины,,Эрjине аттыҥ jаражы – эр кижиниҥ сӱӱмjизи (Погов.) Красота драгоценного коня – радость мужчины
14080,1,Учуры jакшыны угарга,учуры jакшыны угарга,"сӱӱнчи, кебери",,"Учуры jакшыны угарга – сӱӱнчи, кебери jарашты кӧрӧргӧ – сӱӱнчи (Посл.) Слушать то, что имеет хороший смысл – радость, смотреть на того, у кого красивое лицо – радость"
14080,2,jарашты кӧрӧргӧ,jарашты кӧрӧргӧ,сӱӱнчи (Посл.) Слушать,,"Учуры jакшыны угарга – сӱӱнчи, кебери jарашты кӧрӧргӧ – сӱӱнчи (Посл.) Слушать то, что имеет хороший смысл – радость, смотреть на того, у кого красивое лицо – радость"
14080,3,"то, что имеет хороший смысл",то что имеет хороший смысл,"радость, смо-",,"Учуры jакшыны угарга – сӱӱнчи, кебери jарашты кӧрӧргӧ – сӱӱнчи (Посл.) Слушать то, что имеет хороший смысл – радость, смотреть на того, у кого красивое лицо – радость"
14080,4,"треть на того, у кого красивое лицо",треть на того у кого красивое лицо,радость,,"Учуры jакшыны угарга – сӱӱнчи, кебери jарашты кӧрӧргӧ – сӱӱнчи (Посл.) Слушать то, что имеет хороший смысл – радость, смотреть на того, у кого красивое лицо – радость"
14229,1,"быштак сыгар плакать, лить слёзы",быштак сыгар плакать лить слёзы,,,"быштак сыгар плакать, лить слёзы; сыга базар вынуждать делать что-л."
14229,2,сыга,сыга,,,"быштак сыгар плакать, лить слёзы; сыга базар вынуждать делать что-л."
14229,3,базар вынуждать делать что-л.,базар вынуждать делать чтол,,,"быштак сыгар плакать, лить слёзы; сыга базар вынуждать делать что-л."
14257,1,сыны jеҥилер,сыны jеҥилер,,,"сыны jеҥилер лёгким, спокойным на душе; сыны сериир чувствовать физическое облегчение"
14257,2,"лёгким, спокойным на душе",лёгким спокойным на душе,,,"сыны jеҥилер лёгким, спокойным на душе; сыны сериир чувствовать физическое облегчение"
14257,3,сыны сериир,сыны сериир,,,"сыны jеҥилер лёгким, спокойным на душе; сыны сериир чувствовать физическое облегчение"
14257,4,чувствовать физическое облегчение,чувствовать физическое облегчение,,,"сыны jеҥилер лёгким, спокойным на душе; сыны сериир чувствовать физическое облегчение"
14363,1,колдыҥ сыртыла спустя рукава,колдыҥ сыртыла спустя рукава,,,колдыҥ сыртыла спустя рукава
14403,1,та ла,та ла,,,"та ла знаю, не знаю"
14403,2,"знаю, не знаю",знаю не знаю,,,"та ла знаю, не знаю"
14405,1,Соок Таадак,соок таадак,,,Соок Таадак
14416,1,кара таан зоол. галка,кара таан зоол галка,,,кара таан зоол. галка
14436,1,катаптаарыныҥ табли-,катаптаарыныҥ табли,,,катаптаарыныҥ таблицазы мат. таблица умножения
14436,2,цазы мат. таблица умножения,цазы мат таблица умножения,,,катаптаарыныҥ таблицазы мат. таблица умножения
14446,1,табылу эрмек грам. повество-,табылу эрмек грам повество,,,табылу эрмек грам. повествовательное предложение
14446,2,вательное предложение,вательное предложение,,,табылу эрмек грам. повествовательное предложение
14459,1,табыш чыгарар вы-,табыш чыгарар вы,,,"табыш чыгарар вызывать толки, разговоры"
14459,2,"зывать толки, разговоры",зывать толки разговоры,,,"табыш чыгарар вызывать толки, разговоры"
14488,1,тажак-чечек бот. венерин башма-,тажакчечек бот венерин башма,,,тажак-чечек бот. венерин башмачок
14488,2,чок,чок,,,тажак-чечек бот. венерин башмачок
14512,1,алтын-тазыл бот.,алтынтазыл бот,,,алтын-тазыл бот. золотой корень; сыгын-тазыл бот. левзея; кызыл-тазыл бот. красный корень
14512,2,золотой корень,золотой корень,,,алтын-тазыл бот. золотой корень; сыгын-тазыл бот. левзея; кызыл-тазыл бот. красный корень
14512,3,сыгын-тазыл бот. левзея,сыгынтазыл бот левзея,,,алтын-тазыл бот. золотой корень; сыгын-тазыл бот. левзея; кызыл-тазыл бот. красный корень
14512,4,кызыл-тазыл бот. красный корень,кызылтазыл бот красный корень,,,алтын-тазыл бот. золотой корень; сыгын-тазыл бот. левзея; кызыл-тазыл бот. красный корень
14557,1,кӧс тайкылар,кӧс тайкылар,,,кӧс тайкылар ослепительный -
14557,2,ослепительный,ослепительный,,,кӧс тайкылар ослепительный -
14557,3,-,-,,,кӧс тайкылар ослепительный -
14573,1,Такаа јыл Год Курицы (Петуха),такаа јыл год курицы петуха,,,Такаа јыл Год Курицы (Петуха); такааӧлӧҥ бот. спорыш птичий
14573,2,такаа-,такаа,,,Такаа јыл Год Курицы (Петуха); такааӧлӧҥ бот. спорыш птичий
14573,3,ӧлӧҥ бот. спорыш птичий,ӧлӧҥ бот спорыш птичий,,,Такаа јыл Год Курицы (Петуха); такааӧлӧҥ бот. спорыш птичий
14595,1,такып профессионал ӱредӱ берер,такып профессионал ӱредӱ берер,,,такып профессионал ӱредӱ берер институт институт профессиональной переподготовки
14595,2,институт институт профессиональной пере-,институт институт профессиональной пере,,,такып профессионал ӱредӱ берер институт институт профессиональной переподготовки
14595,3,подготовки,подготовки,,,такып профессионал ӱредӱ берер институт институт профессиональной переподготовки
14600,1,такылып айдылган колбоочылар лингв.,такылып айдылган колбоочылар лингв,,,такылып айдылган колбоочылар лингв. повторяющиеся союзы
14600,2,повторяющиеся союзы,повторяющиеся союзы,,,такылып айдылган колбоочылар лингв. повторяющиеся союзы
14656,1,талгак оору мед.,талгак оору мед,,,"талгак оору мед. падучая болезнь, эпилепсия"
14656,2,"падучая болезнь, эпилепсия",падучая болезнь эпилепсия,,,"талгак оору мед. падучая болезнь, эпилепсия"
14712,1,тамагын кыйар убивать,тамагын кыйар убивать,,,"тамагын кыйар убивать; курсактамак еда, продукты -"
14712,2,курсак-,курсак,,,"тамагын кыйар убивать; курсактамак еда, продукты -"
14712,3,"тамак еда, продукты",тамак еда продукты,,,"тамагын кыйар убивать; курсактамак еда, продукты -"
14712,4,-,-,,,"тамагын кыйар убивать; курсактамак еда, продукты -"
14734,1,"тамыр-jалбырак, та-",тамырjалбырак та,,,"тамыр-jалбырак, тамырлу јалбырак бот. подорожник"
14734,2,мырлу јалбырак бот. подорожник,мырлу јалбырак бот подорожник,,,"тамыр-jалбырак, тамырлу јалбырак бот. подорожник"
14741,1,тана-чечек бот. ромашка,таначечек бот ромашка,,,тана-чечек бот. ромашка
14758,1,таҥары jуук под утро,таҥары jуук под утро,,,таҥары jуук под утро
14759,1,таҥ эдин jи чтоб тебя,таҥ эдин jи чтоб тебя,,,"таҥ эдин jи чтоб тебя (выражение досады, удивления; букв. ешь мясо с задней части)"
14759,2,"(выражение досады, удивления",выражение досады удивления,,,"таҥ эдин jи чтоб тебя (выражение досады, удивления; букв. ешь мясо с задней части)"
14759,3,букв. ешь,букв ешь,,,"таҥ эдин jи чтоб тебя (выражение досады, удивления; букв. ешь мясо с задней части)"
14759,4,мясо с задней части),мясо с задней части,,,"таҥ эдин jи чтоб тебя (выражение досады, удивления; букв. ешь мясо с задней части)"
14770,1,таҥдай гармония лингв. нёбная гар-,таҥдай гармония лингв нёбная гар,,,таҥдай гармония лингв. нёбная гармония
14770,2,мония,мония,,,таҥдай гармония лингв. нёбная гармония
14868,1,чач тараш (букв. расчёсывание волос),чач тараш букв расчёсывание волос,,,"чач тараш (букв. расчёсывание волос) этн. свадебный обряд приобщения невесты к роду, семье жениха, при котором волосы невесты заплетают в две косы (две косы – признак замужней женщины)"
14868,2,этн. свадебный обряд приобщения невесты к,этн свадебный обряд приобщения невесты к,,,"чач тараш (букв. расчёсывание волос) этн. свадебный обряд приобщения невесты к роду, семье жениха, при котором волосы невесты заплетают в две косы (две косы – признак замужней женщины)"
14868,3,"роду, семье жениха, при котором волосы не-",роду семье жениха при котором волосы не,,,"чач тараш (букв. расчёсывание волос) этн. свадебный обряд приобщения невесты к роду, семье жениха, при котором волосы невесты заплетают в две косы (две косы – признак замужней женщины)"
14868,4,весты заплетают в две косы (две косы,весты заплетают в две косы две косы,при-,,"чач тараш (букв. расчёсывание волос) этн. свадебный обряд приобщения невесты к роду, семье жениха, при котором волосы невесты заплетают в две косы (две косы – признак замужней женщины)"
14868,5,знак замужней женщины),знак замужней женщины,,,"чач тараш (букв. расчёсывание волос) этн. свадебный обряд приобщения невесты к роду, семье жениха, при котором волосы невесты заплетают в две косы (две косы – признак замужней женщины)"
14957,1,баштап тарый (та-,баштап тарый та,,,баштап тарый (тарыйын) сначала
14957,2,рыйын) сначала,рыйын сначала,,,баштап тарый (тарыйын) сначала
15074,1,тегин де и,тегин де и,,,тегин де и гин де болзо обычно; тегин jерге зря
15074,2,гин де болзо обычно,гин де болзо обычно,,,тегин де и гин де болзо обычно; тегин jерге зря
15074,3,тегин jерге зря,тегин jерге зря,,,тегин де и гин де болзо обычно; тегин jерге зря
15121,1,текши адалгыш лингв. нарицательное,текши адалгыш лингв нарицательное,,,текши адалгыш лингв. нарицательное существительное
15121,2,существительное,существительное,,,текши адалгыш лингв. нарицательное существительное
15188,1,темир јол железная доро-,темир јол железная доро,,,"темир јол железная дорога; Днепрди jараттай кӱчтери jеткенче ле темир jолдыҥ вокзалын кӧстӧп jӱгӱрдилер (Л. Кокышев) Ходили по берегу Днепра, разглядывая железнодорожный вокзал, пока сил хватало"
15188,2,га,га,,,"темир јол железная дорога; Днепрди jараттай кӱчтери jеткенче ле темир jолдыҥ вокзалын кӧстӧп jӱгӱрдилер (Л. Кокышев) Ходили по берегу Днепра, разглядывая железнодорожный вокзал, пока сил хватало"
15188,3,Днепрди jараттай кӱчтери jеткенче ле,днепрди jараттай кӱчтери jеткенче ле,,,"темир јол железная дорога; Днепрди jараттай кӱчтери jеткенче ле темир jолдыҥ вокзалын кӧстӧп jӱгӱрдилер (Л. Кокышев) Ходили по берегу Днепра, разглядывая железнодорожный вокзал, пока сил хватало"
15188,4,темир jолдыҥ вокзалын кӧстӧп jӱгӱрдилер,темир jолдыҥ вокзалын кӧстӧп jӱгӱрдилер,,,"темир јол железная дорога; Днепрди jараттай кӱчтери jеткенче ле темир jолдыҥ вокзалын кӧстӧп jӱгӱрдилер (Л. Кокышев) Ходили по берегу Днепра, разглядывая железнодорожный вокзал, пока сил хватало"
15188,5,"(Л. Кокышев) Ходили по берегу Днепра, раз-",л кокышев ходили по берегу днепра раз,,,"темир јол железная дорога; Днепрди jараттай кӱчтери jеткенче ле темир jолдыҥ вокзалын кӧстӧп jӱгӱрдилер (Л. Кокышев) Ходили по берегу Днепра, разглядывая железнодорожный вокзал, пока сил хватало"
15188,6,"глядывая железнодорожный вокзал, пока сил",глядывая железнодорожный вокзал пока сил,,,"темир јол железная дорога; Днепрди jараттай кӱчтери jеткенче ле темир jолдыҥ вокзалын кӧстӧп jӱгӱрдилер (Л. Кокышев) Ходили по берегу Днепра, разглядывая железнодорожный вокзал, пока сил хватало"
15188,7,хватало,хватало,,,"темир јол железная дорога; Днепрди jараттай кӱчтери jеткенче ле темир jолдыҥ вокзалын кӧстӧп jӱгӱрдилер (Л. Кокышев) Ходили по берегу Днепра, разглядывая железнодорожный вокзал, пока сил хватало"
15274,1,терезин,терезин,,,терезин сойор (букв. кожу сдирать) наказывать
15274,2,сойор (букв. кожу сдирать) наказывать,сойор букв кожу сдирать наказывать,,,терезин сойор (букв. кожу сдирать) наказывать
15513,1,алтын-тогус зоол. павлин,алтынтогус зоол павлин,,,алтын-тогус зоол. павлин
15554,1,кара токпок бот. рогоз,кара токпок бот рогоз,,,кара токпок бот. рогоз
15556,1,"токпок jаак балагур, болтун",токпок jаак балагур болтун,,,"токпок jаак балагур, болтун"
15643,1,кызыл толык красный уголок,кызыл толык красный уголок,,,кызыл толык красный уголок
15686,1,"тоҥ ӧткӱре слишком, чересчур",тоҥ ӧткӱре слишком чересчур,,,"тоҥ ӧткӱре слишком, чересчур; тоҥ болбосто на худой конец"
15686,2,тоҥ,тоҥ,,,"тоҥ ӧткӱре слишком, чересчур; тоҥ болбосто на худой конец"
15686,3,болбосто на худой конец,болбосто на худой конец,,,"тоҥ ӧткӱре слишком, чересчур; тоҥ болбосто на худой конец"
15696,1,тоҥжаан јӱгӱриш спорт. тоҥжанский бег,тоҥжаан јӱгӱриш спорт тоҥжанский бег,,,тоҥжаан јӱгӱриш спорт. тоҥжанский бег
15762,1,Бука jокто,бука jокто,,,"Бука jокто торбок бий (Погов.) На безрыбье и рак рыба (букв. Когда нет быка, то и бычок — господин)"
15762,2,торбок бий (Погов.) На безрыбье и рак рыба,торбок бий погов на безрыбье и рак рыба,,,"Бука jокто торбок бий (Погов.) На безрыбье и рак рыба (букв. Когда нет быка, то и бычок — господин)"
15762,3,"(букв. Когда нет быка, то и бычок",букв когда нет быка то и бычок,госпо-,,"Бука jокто торбок бий (Погов.) На безрыбье и рак рыба (букв. Когда нет быка, то и бычок — господин)"
15762,4,дин),дин,,,"Бука jокто торбок бий (Погов.) На безрыбье и рак рыба (букв. Когда нет быка, то и бычок — господин)"
15898,1,тӧкпӧй-чачпай,тӧкпӧйчачпай,,,"тӧкпӧй-чачпай подробно; Олор [таш кезерлер] кижидий тил-оосту болгон болзо, ончозын тӧкпӧйчачпай куучындап берер эди… (Э. Тоюшев)"
15898,2,подробно,подробно,,,"тӧкпӧй-чачпай подробно; Олор [таш кезерлер] кижидий тил-оосту болгон болзо, ончозын тӧкпӧйчачпай куучындап берер эди… (Э. Тоюшев)"
15898,3,Олор [таш кезерлер] кижидий,олор таш кезерлер кижидий,,,"тӧкпӧй-чачпай подробно; Олор [таш кезерлер] кижидий тил-оосту болгон болзо, ончозын тӧкпӧйчачпай куучындап берер эди… (Э. Тоюшев)"
15898,4,"тил-оосту болгон болзо, ончозын тӧкпӧй-",тилоосту болгон болзо ончозын тӧкпӧй,,,"тӧкпӧй-чачпай подробно; Олор [таш кезерлер] кижидий тил-оосту болгон болзо, ончозын тӧкпӧйчачпай куучындап берер эди… (Э. Тоюшев)"
15898,5,чачпай куучындап берер эди… (Э. Тоюшев),чачпай куучындап берер эди э тоюшев,,,"тӧкпӧй-чачпай подробно; Олор [таш кезерлер] кижидий тил-оосту болгон болзо, ончозын тӧкпӧйчачпай куучындап берер эди… (Э. Тоюшев)"
15917,1,"тӧлӱге тӱжер задолжать, оказываться в",тӧлӱге тӱжер задолжать оказываться в,,,"тӧлӱге тӱжер задолжать, оказываться в долгу (букв. попасть в долг)"
15917,2,долгу (букв. попасть в долг),долгу букв попасть в долг,,,"тӧлӱге тӱжер задолжать, оказываться в долгу (букв. попасть в долг)"
15941,1,Jидирген тӧҥӧзӧк,jидирген тӧҥӧзӧк,,,"Jидирген тӧҥӧзӧк jажарар, Jиген jаак кугарар (Посл.) Объеденная кочка зазеленеет, Евшая щека побледнеет"
15941,2,"jажарар, Jиген jаак кугарар (Посл.) Объ-",jажарар jиген jаак кугарар посл объ,,,"Jидирген тӧҥӧзӧк jажарар, Jиген jаак кугарар (Посл.) Объеденная кочка зазеленеет, Евшая щека побледнеет"
15941,3,"еденная кочка зазеленеет, Евшая щека по-",еденная кочка зазеленеет евшая щека по,,,"Jидирген тӧҥӧзӧк jажарар, Jиген jаак кугарар (Посл.) Объеденная кочка зазеленеет, Евшая щека побледнеет"
15941,4,бледнеет,бледнеет,,,"Jидирген тӧҥӧзӧк jажарар, Jиген jаак кугарар (Посл.) Объеденная кочка зазеленеет, Евшая щека побледнеет"
15995,1,Чуйдыҥ трагы Чуйский тракт,чуйдыҥ трагы чуйский тракт,,,Чуйдыҥ трагы Чуйский тракт
16022,1,тудунар-кабынар,тудунаркабынар,,,тудунар-кабынар немелер собир. утварь
16022,2,немелер собир. утварь,немелер собир утварь,,,тудунар-кабынар немелер собир. утварь
16039,1,тужагын кезер путы резать,тужагын кезер путы резать,,,"тужагын кезер путы резать (обряд, совершаемый в то время, когда ребёнок начинает делать первые шаги, а также в его первый день рождения)"
16039,2,"(обряд, совершаемый в то время, когда ребё-",обряд совершаемый в то время когда ребё,,,"тужагын кезер путы резать (обряд, совершаемый в то время, когда ребёнок начинает делать первые шаги, а также в его первый день рождения)"
16039,3,"нок начинает делать первые шаги, а также",нок начинает делать первые шаги а также,,,"тужагын кезер путы резать (обряд, совершаемый в то время, когда ребёнок начинает делать первые шаги, а также в его первый день рождения)"
16039,4,в его первый день рождения),в его первый день рождения,,,"тужагын кезер путы резать (обряд, совершаемый в то время, когда ребёнок начинает делать первые шаги, а также в его первый день рождения)"
16068,1,оозын туй чабар заткнуть,оозын туй чабар заткнуть,,,оозын туй чабар заткнуть рот кому
16068,2,рот кому,рот кому,,,оозын туй чабар заткнуть рот кому
16069,1,туйгак-ӧлӧҥ,туйгакӧлӧҥ,,,туйгак-ӧлӧҥ бот. копытень европейский
16069,2,бот. копытень европейский,бот копытень европейский,,,туйгак-ӧлӧҥ бот. копытень европейский
16104,1,"туку бооро недавно, не так давно",туку бооро недавно не так давно,,,"туку бооро недавно, не так давно; туку качан давно; туку мында на днях"
16104,2,туку качан давно,туку качан давно,,,"туку бооро недавно, не так давно; туку качан давно; туку мында на днях"
16104,3,туку мында на днях,туку мында на днях,,,"туку бооро недавно, не так давно; туку качан давно; туку мында на днях"
16154,1,тунгак табыш лингв.,тунгак табыш лингв,,,тунгак табыш лингв. глухой звук
16154,2,глухой звук,глухой звук,,,тунгак табыш лингв. глухой звук
16181,1,каруузына тургузар при-,каруузына тургузар при,,,"каруузына тургузар привлекать к ответственности; тургуза ла сейчас же, немедленно; тургуза ӧй лингв. настоящее время (АЧ)"
16181,2,влекать к ответственности,влекать к ответственности,,,"каруузына тургузар привлекать к ответственности; тургуза ла сейчас же, немедленно; тургуза ӧй лингв. настоящее время (АЧ)"
16181,3,тургуза ла сейчас,тургуза ла сейчас,,,"каруузына тургузар привлекать к ответственности; тургуза ла сейчас же, немедленно; тургуза ӧй лингв. настоящее время (АЧ)"
16181,4,"же, немедленно",же немедленно,,,"каруузына тургузар привлекать к ответственности; тургуза ла сейчас же, немедленно; тургуза ӧй лингв. настоящее время (АЧ)"
16181,5,тургуза ӧй лингв. настоящее,тургуза ӧй лингв настоящее,,,"каруузына тургузар привлекать к ответственности; тургуза ла сейчас же, немедленно; тургуза ӧй лингв. настоящее время (АЧ)"
16181,6,время,время,,,"каруузына тургузар привлекать к ответственности; тургуза ла сейчас же, немедленно; тургуза ӧй лингв. настоящее время (АЧ)"
16181,7,(АЧ),ач,,,"каруузына тургузар привлекать к ответственности; тургуза ла сейчас же, немедленно; тургуза ӧй лингв. настоящее время (АЧ)"
16213,1,туска барар (букв. пойти,туска барар букв пойти,,,туска барар (букв. пойти за солью) умереть
16213,2,за солью) умереть,за солью умереть,,,туска барар (букв. пойти за солью) умереть
16232,1,туткак,туткак,,,туткак оору мед. эпилепсия
16232,2,оору мед. эпилепсия,оору мед эпилепсия,,,туткак оору мед. эпилепсия
16268,1,Туулу Алтай Горный,туулу алтай горный,,,Туулу Алтай Горный
16327,1,бууры,бууры,,,бууры стуча тӱгенер (букв. печень его иссякнет) тосковать
16327,2,стуча,стуча,,,бууры стуча тӱгенер (букв. печень его иссякнет) тосковать
16327,3,тӱгенер (букв. печень его иссякнет) тосковать,тӱгенер букв печень его иссякнет тосковать,,,бууры стуча тӱгенер (букв. печень его иссякнет) тосковать
16347,1,ачузын тӱжӱрер вымещать обиду,ачузын тӱжӱрер вымещать обиду,,,ачузын тӱжӱрер вымещать обиду; куда тӱжӱрер сватать
16347,2,куда тӱжӱрер сватать,куда тӱжӱрер сватать,,,ачузын тӱжӱрер вымещать обиду; куда тӱжӱрер сватать
16468,1,"jер тӱби далёкое место,",jер тӱби далёкое место,,,"jер тӱби далёкое место, дальний край; тӱп тиш коренной зуб"
16468,2,дальний край,дальний край,,,"jер тӱби далёкое место, дальний край; тӱп тиш коренной зуб"
16468,3,тӱп тиш коренной зуб,тӱп тиш коренной зуб,,,"jер тӱби далёкое место, дальний край; тӱп тиш коренной зуб"
16486,1,тӱрген болуш ско-,тӱрген болуш ско,,,тӱрген болуш скорая помощь
16486,2,рая помощь,рая помощь,,,тӱрген болуш скорая помощь
16556,1,jурукка тӱжер фотогра-,jурукка тӱжер фотогра,,,jурукка тӱжер фотографироваться
16556,2,фироваться,фироваться,,,jурукка тӱжер фотографироваться
16614,1,jаш тыму начальный этап простуд-,jаш тыму начальный этап простуд,,,"jаш тыму начальный этап простудных заболеваний, гриппа"
16614,2,"ных заболеваний, гриппа",ных заболеваний гриппа,,,"jаш тыму начальный этап простудных заболеваний, гриппа"
16629,1,тынын алар (букв.,тынын алар букв,,,тынын алар (букв. жизнь брать) 1) спасать от смерти; 2) спасаться от смерти; 3) убивать
16629,2,жизнь брать) 1) спасать от смерти,жизнь брать 1 спасать от смерти,,,тынын алар (букв. жизнь брать) 1) спасать от смерти; 2) спасаться от смерти; 3) убивать
16629,3,2) спасать-,2 спасать,,,тынын алар (букв. жизнь брать) 1) спасать от смерти; 2) спасаться от смерти; 3) убивать
16629,4,ся от смерти,ся от смерти,,,тынын алар (букв. жизнь брать) 1) спасать от смерти; 2) спасаться от смерти; 3) убивать
16629,5,3) убивать,3 убивать,,,тынын алар (букв. жизнь брать) 1) спасать от смерти; 2) спасаться от смерти; 3) убивать
16700,1,тырмактыҥ,тырмактыҥ,,,"тырмактыҥ каразынча (букв. с грязь под ногтем) мало, чуть-чуть"
16700,2,"каразынча (букв. с грязь под ногтем) мало,",каразынча букв с грязь под ногтем мало,,,"тырмактыҥ каразынча (букв. с грязь под ногтем) мало, чуть-чуть"
16700,3,чуть-чуть,чутьчуть,,,"тырмактыҥ каразынча (букв. с грязь под ногтем) мало, чуть-чуть"
16855,1,узак сананбай,узак сананбай,,,"узак сананбай сразу, не колеблясь"
16855,2,"сразу, не колеблясь",сразу не колеблясь,,,"узак сананбай сразу, не колеблясь"
16863,1,"Узанары ус болор, уурда-",узанары ус болор уурда,,,"Узанары ус болор, уурданары уурчы болор (Посл.) Тот, кто мастерит, мастером станет, тот, кто ворует, вором станет"
16863,2,"нары уурчы болор (Посл.) Тот, кто мастерит,",нары уурчы болор посл тот кто мастерит,,,"Узанары ус болор, уурданары уурчы болор (Посл.) Тот, кто мастерит, мастером станет, тот, кто ворует, вором станет"
16863,3,"мастером станет, тот, кто ворует, вором станет",мастером станет тот кто ворует вором станет,,,"Узанары ус болор, уурданары уурчы болор (Посл.) Тот, кто мастерит, мастером станет, тот, кто ворует, вором станет"
16872,1,узун мойынду кыш долгая,узун мойынду кыш долгая,,,"узун мойынду кыш долгая зима; узун кӱн целый день; Узун эдек бутка оролор, узун тил башка оролор (Посл.)"
16872,2,зима,зима,,,"узун мойынду кыш долгая зима; узун кӱн целый день; Узун эдек бутка оролор, узун тил башка оролор (Посл.)"
16872,3,узун кӱн целый день,узун кӱн целый день,,,"узун мойынду кыш долгая зима; узун кӱн целый день; Узун эдек бутка оролор, узун тил башка оролор (Посл.)"
16872,4,Узун эдек бут-,узун эдек бут,,,"узун мойынду кыш долгая зима; узун кӱн целый день; Узун эдек бутка оролор, узун тил башка оролор (Посл.)"
16872,5,"ка оролор, узун тил башка оролор (Посл.)",ка оролор узун тил башка оролор посл,,,"узун мойынду кыш долгая зима; узун кӱн целый день; Узун эдек бутка оролор, узун тил башка оролор (Посл.)"
16878,1,Уй јыл Год Быка,уй јыл год быка,,,"Уй јыл Год Быка (букв. год коровы); уйдыҥ куйругын толгоор ухаживать за скотиной, ходить за скотиной"
16878,2,(букв. год коровы),букв год коровы,,,"Уй јыл Год Быка (букв. год коровы); уйдыҥ куйругын толгоор ухаживать за скотиной, ходить за скотиной"
16878,3,уйдыҥ куйругын толго-,уйдыҥ куйругын толго,,,"Уй јыл Год Быка (букв. год коровы); уйдыҥ куйругын толгоор ухаживать за скотиной, ходить за скотиной"
16878,4,"ор ухаживать за скотиной, ходить за скотиной",ор ухаживать за скотиной ходить за скотиной,,,"Уй јыл Год Быка (букв. год коровы); уйдыҥ куйругын толгоор ухаживать за скотиной, ходить за скотиной"
16883,1,"уйа тартар,",уйа тартар,,,"уйа тартар, салар вить гнездо; уйа базар сидеть на цах, высиживать птенцов"
16883,2,салар вить гнездо,салар вить гнездо,,,"уйа тартар, салар вить гнездо; уйа базар сидеть на цах, высиживать птенцов"
16883,3,уйа базар сидеть на,уйа базар сидеть на,,,"уйа тартар, салар вить гнездо; уйа базар сидеть на цах, высиживать птенцов"
16883,4,"цах, высиживать птенцов",цах высиживать птенцов,,,"уйа тартар, салар вить гнездо; уйа базар сидеть на цах, высиживать птенцов"
16889,1,уйалар jӱс те jок бесстыжий,уйалар jӱс те jок бесстыжий,,,уйалар jӱс те jок бесстыжий
16907,1,уйат јок бессовестный,уйат јок бессовестный,,,уйат јок бессовестный;
16923,1,уйку јыга,уйку јыга,,,уйку јыга согот сон сбивает с ног; уйкуга бастырар погрузиться в сон; уйкудаҥ азар испытывать бессонницу; уйку аразында во сне
16923,2,согот сон сбивает с ног,согот сон сбивает с ног,,,уйку јыга согот сон сбивает с ног; уйкуга бастырар погрузиться в сон; уйкудаҥ азар испытывать бессонницу; уйку аразында во сне
16923,3,уйкуга бастырар,уйкуга бастырар,,,уйку јыга согот сон сбивает с ног; уйкуга бастырар погрузиться в сон; уйкудаҥ азар испытывать бессонницу; уйку аразында во сне
16923,4,погрузиться в сон,погрузиться в сон,,,уйку јыга согот сон сбивает с ног; уйкуга бастырар погрузиться в сон; уйкудаҥ азар испытывать бессонницу; уйку аразында во сне
16923,5,уйкудаҥ азар испытывать,уйкудаҥ азар испытывать,,,уйку јыга согот сон сбивает с ног; уйкуга бастырар погрузиться в сон; уйкудаҥ азар испытывать бессонницу; уйку аразында во сне
16923,6,бессонницу,бессонницу,,,уйку јыга согот сон сбивает с ног; уйкуга бастырар погрузиться в сон; уйкудаҥ азар испытывать бессонницу; уйку аразында во сне
16923,7,уйку аразында во сне,уйку аразында во сне,,,уйку јыга согот сон сбивает с ног; уйкуга бастырар погрузиться в сон; уйкудаҥ азар испытывать бессонницу; уйку аразында во сне
16931,1,"Иштеҥкейге кӱн кыска, уйкучы-",иштеҥкейге кӱн кыска уйкучы,,,"Иштеҥкейге кӱн кыска, уйкучыга тӱн кыска (Посл.) Любящему работать день короткий, любящему спать ночь коротка"
16931,2,га тӱн кыска (Посл.) Любящему работать,га тӱн кыска посл любящему работать,,,"Иштеҥкейге кӱн кыска, уйкучыга тӱн кыска (Посл.) Любящему работать день короткий, любящему спать ночь коротка"
16931,3,"день короткий, любящему спать ночь коротка",день короткий любящему спать ночь коротка,,,"Иштеҥкейге кӱн кыска, уйкучыга тӱн кыска (Посл.) Любящему работать день короткий, любящему спать ночь коротка"
16948,1,кулагы укпас глухой,кулагы укпас глухой,,,кулагы укпас глухой; укпас непослушный
16948,2,укпас непослушный,укпас непослушный,,,кулагы укпас глухой; укпас непослушный
16953,1,укаа сӧс поучительное,укаа сӧс поучительное,,,укаа сӧс поучительное слово
16953,2,слово,слово,,,укаа сӧс поучительное слово
16955,1,укаалу сӧс,укаалу сӧс,,,укаалу сӧс поучительное слово
16955,2,поучительное слово,поучительное слово,,,укаалу сӧс поучительное слово
16982,1,укташ члендер грам. однородные члены,укташ члендер грам однородные члены,,,укташ члендер грам. однородные члены
17029,1,улу тамыр аорта,улу тамыр аорта,,,улу тамыр аорта; Улу сӧстӧ уйат (Погов.) В великом слове неприличия нет
17029,2,Улу сӧстӧ уйат,улу сӧстӧ уйат,,,улу тамыр аорта; Улу сӧстӧ уйат (Погов.) В великом слове неприличия нет
17029,3,(Погов.) В великом слове неприличия нет,погов в великом слове неприличия нет,,,улу тамыр аорта; Улу сӧстӧ уйат (Погов.) В великом слове неприличия нет
17041,1,Улуу Jыл Год Дракона,улуу jыл год дракона,,,Улуу Jыл Год Дракона
17100,1,оозына суу уруп алган-,оозына суу уруп алган,,,"оозына суу уруп алгандый молчит, словно воды в рот набрал"
17100,2,"дый молчит, словно воды в рот набрал",дый молчит словно воды в рот набрал,,,"оозына суу уруп алгандый молчит, словно воды в рот набрал"
17129,1,ус сабар,ус сабар,,,ус сабар указательный палец; ус колдор умелые руки
17129,2,указательный палец,указательный палец,,,ус сабар указательный палец; ус колдор умелые руки
17129,3,ус колдор умелые руки,ус колдор умелые руки,,,ус сабар указательный палец; ус колдор умелые руки
17141,1,уткуул сӧс привет-,уткуул сӧс привет,,,уткуул сӧс приветственное слово
17141,2,ственное слово,ственное слово,,,уткуул сӧс приветственное слово
17209,1,уурлай берер,уурлай берер,,,"уурлай берер забеременеть; Колы-буды уурлай берерде, ӧзӧк тӱшкен (А. Ередеев) Когда забеременела, спустилась в деревню (букв. в долину)"
17209,2,забеременеть,забеременеть,,,"уурлай берер забеременеть; Колы-буды уурлай берерде, ӧзӧк тӱшкен (А. Ередеев) Когда забеременела, спустилась в деревню (букв. в долину)"
17209,3,"Колы-буды уурлай берерде,",колыбуды уурлай берерде,,,"уурлай берер забеременеть; Колы-буды уурлай берерде, ӧзӧк тӱшкен (А. Ередеев) Когда забеременела, спустилась в деревню (букв. в долину)"
17209,4,ӧзӧк тӱшкен (А. Ередеев) Когда заберемене-,ӧзӧк тӱшкен а ередеев когда заберемене,,,"уурлай берер забеременеть; Колы-буды уурлай берерде, ӧзӧк тӱшкен (А. Ередеев) Когда забеременела, спустилась в деревню (букв. в долину)"
17209,5,"ла, спустилась в деревню (букв. в долину)",ла спустилась в деревню букв в долину,,,"уурлай берер забеременеть; Колы-буды уурлай берерде, ӧзӧк тӱшкен (А. Ередеев) Когда забеременела, спустилась в деревню (букв. в долину)"
17237,1,арт учында в конце концов,арт учында в конце концов,,,"арт учында в конце концов; учы-бажы конец и начало (концы); учы-бажы јок без начала и конца; нет конца и края; учы-бажына јетире билер знать от начала до конца, знать досконально; учы-кыйузы јок конца и края нет, без конца и края; бесконечный; учы-учында в конце концов"
17237,2,учы-бажы конец и начало (концы),учыбажы конец и начало концы,,,"арт учында в конце концов; учы-бажы конец и начало (концы); учы-бажы јок без начала и конца; нет конца и края; учы-бажына јетире билер знать от начала до конца, знать досконально; учы-кыйузы јок конца и края нет, без конца и края; бесконечный; учы-учында в конце концов"
17237,3,учы-ба-,учыба,,,"арт учында в конце концов; учы-бажы конец и начало (концы); учы-бажы јок без начала и конца; нет конца и края; учы-бажына јетире билер знать от начала до конца, знать досконально; учы-кыйузы јок конца и края нет, без конца и края; бесконечный; учы-учында в конце концов"
17237,4,жы јок без начала и конца,жы јок без начала и конца,,,"арт учында в конце концов; учы-бажы конец и начало (концы); учы-бажы јок без начала и конца; нет конца и края; учы-бажына јетире билер знать от начала до конца, знать досконально; учы-кыйузы јок конца и края нет, без конца и края; бесконечный; учы-учында в конце концов"
17237,5,нет конца и края,нет конца и края,,,"арт учында в конце концов; учы-бажы конец и начало (концы); учы-бажы јок без начала и конца; нет конца и края; учы-бажына јетире билер знать от начала до конца, знать досконально; учы-кыйузы јок конца и края нет, без конца и края; бесконечный; учы-учында в конце концов"
17237,6,учы-бажына јетире билер знать от начала,учыбажына јетире билер знать от начала,,,"арт учында в конце концов; учы-бажы конец и начало (концы); учы-бажы јок без начала и конца; нет конца и края; учы-бажына јетире билер знать от начала до конца, знать досконально; учы-кыйузы јок конца и края нет, без конца и края; бесконечный; учы-учында в конце концов"
17237,7,"до конца, знать досконально",до конца знать досконально,,,"арт учында в конце концов; учы-бажы конец и начало (концы); учы-бажы јок без начала и конца; нет конца и края; учы-бажына јетире билер знать от начала до конца, знать досконально; учы-кыйузы јок конца и края нет, без конца и края; бесконечный; учы-учында в конце концов"
17237,8,учы-кыйузы,учыкыйузы,,,"арт учында в конце концов; учы-бажы конец и начало (концы); учы-бажы јок без начала и конца; нет конца и края; учы-бажына јетире билер знать от начала до конца, знать досконально; учы-кыйузы јок конца и края нет, без конца и края; бесконечный; учы-учында в конце концов"
17237,9,"јок конца и края нет, без конца и края",јок конца и края нет без конца и края,,,"арт учында в конце концов; учы-бажы конец и начало (концы); учы-бажы јок без начала и конца; нет конца и края; учы-бажына јетире билер знать от начала до конца, знать досконально; учы-кыйузы јок конца и края нет, без конца и края; бесконечный; учы-учында в конце концов"
17237,10,бес-,бес,,,"арт учында в конце концов; учы-бажы конец и начало (концы); учы-бажы јок без начала и конца; нет конца и края; учы-бажына јетире билер знать от начала до конца, знать досконально; учы-кыйузы јок конца и края нет, без конца и края; бесконечный; учы-учында в конце концов"
17237,11,конечный,конечный,,,"арт учында в конце концов; учы-бажы конец и начало (концы); учы-бажы јок без начала и конца; нет конца и края; учы-бажына јетире билер знать от начала до конца, знать досконально; учы-кыйузы јок конца и края нет, без конца и края; бесконечный; учы-учында в конце концов"
17237,12,учы-учында в конце концов,учыучында в конце концов,,,"арт учында в конце концов; учы-бажы конец и начало (концы); учы-бажы јок без начала и конца; нет конца и края; учы-бажына јетире билер знать от начала до конца, знать досконально; учы-кыйузы јок конца и края нет, без конца и края; бесконечный; учы-учында в конце концов"
17276,1,ээн учук сухожи-,ээн учук сухожи,,,ээн учук сухожилие
17276,2,лие,лие,,,ээн учук сухожилие
17364,1,Кол,кол,,,"Кол ӱзӱш Разрывные цепи, Кованные цепи (алтайская народная игра)"
17364,2,"ӱзӱш Разрывные цепи, Кованные цепи (ал-",ӱзӱш разрывные цепи кованные цепи ал,,,"Кол ӱзӱш Разрывные цепи, Кованные цепи (алтайская народная игра)"
17364,3,тайская народная игра),тайская народная игра,,,"Кол ӱзӱш Разрывные цепи, Кованные цепи (алтайская народная игра)"
17365,1,"Јаман да болзо, ӱйӱҥ болзын,",јаман да болзо ӱйӱҥ болзын,,,"Јаман да болзо, ӱйӱҥ болзын, јаман да болзо, кӧчӧҥ болзын (Погов.) Хоть и и плохой, пусть свой дом будет, хоть и плохой, пусть свой суп перловый будет"
17365,2,"јаман да болзо, кӧчӧҥ болзын (Погов.) Хоть",јаман да болзо кӧчӧҥ болзын погов хоть,,,"Јаман да болзо, ӱйӱҥ болзын, јаман да болзо, кӧчӧҥ болзын (Погов.) Хоть и и плохой, пусть свой дом будет, хоть и плохой, пусть свой суп перловый будет"
17365,3,и,и,,,"Јаман да болзо, ӱйӱҥ болзын, јаман да болзо, кӧчӧҥ болзын (Погов.) Хоть и и плохой, пусть свой дом будет, хоть и плохой, пусть свой суп перловый будет"
17365,4,"и плохой, пусть свой дом будет, хоть и пло-",и плохой пусть свой дом будет хоть и пло,,,"Јаман да болзо, ӱйӱҥ болзын, јаман да болзо, кӧчӧҥ болзын (Погов.) Хоть и и плохой, пусть свой дом будет, хоть и плохой, пусть свой суп перловый будет"
17365,5,"хой, пусть свой суп перловый будет",хой пусть свой суп перловый будет,,,"Јаман да болзо, ӱйӱҥ болзын, јаман да болзо, кӧчӧҥ болзын (Погов.) Хоть и и плохой, пусть свой дом будет, хоть и плохой, пусть свой суп перловый будет"
17373,1,"Ӱрӱп чыгар ийди јок, Ӱйген сугар",ӱрӱп чыгар ийди јок ӱйген сугар,,,"Ӱрӱп чыгар ийди јок, Ӱйген сугар ады јок (Погов.) Нет [у него] собаки, которая залаяла бы, Нет [у него] коня, которого взнуздал бы"
17373,2,"ады јок (Погов.) Нет [у него] собаки, которая",ады јок погов нет у него собаки которая,,,"Ӱрӱп чыгар ийди јок, Ӱйген сугар ады јок (Погов.) Нет [у него] собаки, которая залаяла бы, Нет [у него] коня, которого взнуздал бы"
17373,3,"залаяла бы, Нет [у него] коня, которого взнуз-",залаяла бы нет у него коня которого взнуз,,,"Ӱрӱп чыгар ийди јок, Ӱйген сугар ады јок (Погов.) Нет [у него] собаки, которая залаяла бы, Нет [у него] коня, которого взнуздал бы"
17373,4,дал бы,дал бы,,,"Ӱрӱп чыгар ийди јок, Ӱйген сугар ады јок (Погов.) Нет [у него] собаки, которая залаяла бы, Нет [у него] коня, которого взнуздал бы"
17400,1,ӱйелӱ-ӧлӧҥ бот. хвощ,ӱйелӱӧлӧҥ бот хвощ,,,"ӱйелӱ-ӧлӧҥ бот. хвощ болотный; ср. кыбырт, кыргыс; ӱйенеҥ ӱйеге из поколения в поколение; ӱйе-ӱйезиле поколениями"
17400,2,болотный,болотный,,,"ӱйелӱ-ӧлӧҥ бот. хвощ болотный; ср. кыбырт, кыргыс; ӱйенеҥ ӱйеге из поколения в поколение; ӱйе-ӱйезиле поколениями"
17400,3,"ср. кыбырт, кыргыс",ср кыбырт кыргыс,,,"ӱйелӱ-ӧлӧҥ бот. хвощ болотный; ср. кыбырт, кыргыс; ӱйенеҥ ӱйеге из поколения в поколение; ӱйе-ӱйезиле поколениями"
17400,4,ӱйенеҥ,ӱйенеҥ,,,"ӱйелӱ-ӧлӧҥ бот. хвощ болотный; ср. кыбырт, кыргыс; ӱйенеҥ ӱйеге из поколения в поколение; ӱйе-ӱйезиле поколениями"
17400,5,ӱйеге из поколения в поколение,ӱйеге из поколения в поколение,,,"ӱйелӱ-ӧлӧҥ бот. хвощ болотный; ср. кыбырт, кыргыс; ӱйенеҥ ӱйеге из поколения в поколение; ӱйе-ӱйезиле поколениями"
17400,6,ӱйе-ӱйезиле,ӱйеӱйезиле,,,"ӱйелӱ-ӧлӧҥ бот. хвощ болотный; ср. кыбырт, кыргыс; ӱйенеҥ ӱйеге из поколения в поколение; ӱйе-ӱйезиле поколениями"
17400,7,поколениями,поколениями,,,"ӱйелӱ-ӧлӧҥ бот. хвощ болотный; ср. кыбырт, кыргыс; ӱйенеҥ ӱйеге из поколения в поколение; ӱйе-ӱйезиле поколениями"
17408,1,кулактыҥ ӱйди анат. ушное отверстие,кулактыҥ ӱйди анат ушное отверстие,,,кулактыҥ ӱйди анат. ушное отверстие;
17433,1,"Ӱлгӱзи јок кеп кеспес, Ӱлгери јок",ӱлгӱзи јок кеп кеспес ӱлгери јок,,,"Ӱлгӱзи јок кеп кеспес, Ӱлгери јок сӧс айтпас (Погов.) Без выкройки одежду кроят, Без мудрого слова речь не ведут"
17433,2,сӧс айтпас (Погов.) Без выкройки одежду,сӧс айтпас погов без выкройки одежду,,,"Ӱлгӱзи јок кеп кеспес, Ӱлгери јок сӧс айтпас (Погов.) Без выкройки одежду кроят, Без мудрого слова речь не ведут"
17433,3,"кроят, Без мудрого слова речь не ведут",кроят без мудрого слова речь не ведут,,,"Ӱлгӱзи јок кеп кеспес, Ӱлгери јок сӧс айтпас (Погов.) Без выкройки одежду кроят, Без мудрого слова речь не ведут"
17445,1,"Ӱлгӱ болзо бир кезиш,",ӱлгӱ болзо бир кезиш,,,"Ӱлгӱ болзо бир кезиш,"
17466,1,Ӱлешкени –,ӱлешкени,,,"Ӱлешкени – ӱстӱ (Погов.) То, чем поделились – жирное (о том, что нужно делиться)"
17466,2,"ӱстӱ (Погов.) То, чем поделились",ӱстӱ погов то чем поделились,жирное (о,,"Ӱлешкени – ӱстӱ (Погов.) То, чем поделились – жирное (о том, что нужно делиться)"
17466,3,"том, что нужно делиться)",том что нужно делиться,,,"Ӱлешкени – ӱстӱ (Погов.) То, чем поделились – жирное (о том, что нужно делиться)"
17473,1,ӱлмей,ӱлмей,,,"ӱлмей ӧлӧҥ трава, путающая ноги"
17473,2,"ӧлӧҥ трава, путающая ноги",ӧлӧҥ трава путающая ноги,,,"ӱлмей ӧлӧҥ трава, путающая ноги"
17481,1,ӱлӱзин,ӱлӱзин,,,"ӱлӱзин берер показать, где раки зимуют"
17481,2,"берер показать, где раки зимуют",берер показать где раки зимуют,,,"ӱлӱзин берер показать, где раки зимуют"
17496,1,ӱндӱ табыш лингв. глас-,ӱндӱ табыш лингв глас,,,ӱндӱ табыш лингв. гласный звук; бар јок ӱнле во весь голос; ӱнин кӧдӱрер повышать голос
17496,2,ный звук,ный звук,,,ӱндӱ табыш лингв. гласный звук; бар јок ӱнле во весь голос; ӱнин кӧдӱрер повышать голос
17496,3,бар јок ӱнле во весь голос,бар јок ӱнле во весь голос,,,ӱндӱ табыш лингв. гласный звук; бар јок ӱнле во весь голос; ӱнин кӧдӱрер повышать голос
17496,4,ӱнин,ӱнин,,,ӱндӱ табыш лингв. гласный звук; бар јок ӱнле во весь голос; ӱнин кӧдӱрер повышать голос
17496,5,кӧдӱрер повышать голос,кӧдӱрер повышать голос,,,ӱндӱ табыш лингв. гласный звук; бар јок ӱнле во весь голос; ӱнин кӧдӱрер повышать голос
17500,1,ӱнгӱр туйук,ӱнгӱр туйук,,,ӱнгӱр туйук табыш лингв. звонкий согласный звук
17500,2,табыш лингв. звонкий согласный звук,табыш лингв звонкий согласный звук,,,ӱнгӱр туйук табыш лингв. звонкий согласный звук
17505,1,ӱндӱ табыш лингв.,ӱндӱ табыш лингв,,,ӱндӱ табыш лингв. гласный звук
17505,2,гласный звук,гласный звук,,,ӱндӱ табыш лингв. гласный звук
17511,1,"Ӱйген сугар ады jок, ӱрӱп чыгар",ӱйген сугар ады jок ӱрӱп чыгар,,,"Ӱйген сугар ады jок, ӱрӱп чыгар ийди jок (Погов.) Нет у него коня, чтобы надеть узду, нет у него собаки, чтобы лаяла"
17511,2,"ийди jок (Погов.) Нет у него коня, чтобы на-",ийди jок погов нет у него коня чтобы на,,,"Ӱйген сугар ады jок, ӱрӱп чыгар ийди jок (Погов.) Нет у него коня, чтобы надеть узду, нет у него собаки, чтобы лаяла"
17511,3,"деть узду, нет у него собаки, чтобы лаяла",деть узду нет у него собаки чтобы лаяла,,,"Ӱйген сугар ады jок, ӱрӱп чыгар ийди jок (Погов.) Нет у него коня, чтобы надеть узду, нет у него собаки, чтобы лаяла"
17538,1,Ӱредӱ кижиге jол ачат (Погов.),ӱредӱ кижиге jол ачат погов,,,Ӱредӱ кижиге jол ачат (Погов.)
17554,1,ач-ӱрен дети,ачӱрен дети,,,"ач-ӱрен дети; Ачу ашка jӱткибе, Ач-ӱрениҥ аштап jӱрер (Погов.)"
17554,2,Ачу ашка,ачу ашка,,,"ач-ӱрен дети; Ачу ашка jӱткибе, Ач-ӱрениҥ аштап jӱрер (Погов.)"
17554,3,"jӱткибе, Ач-ӱрениҥ аштап jӱрер (Погов.)",jӱткибе ачӱрениҥ аштап jӱрер погов,,,"ач-ӱрен дети; Ачу ашка jӱткибе, Ач-ӱрениҥ аштап jӱрер (Погов.)"
17558,1,Киженге ат ӱренип,киженге ат ӱренип,,,"Киженге ат ӱренип jат, кижиге кижи ӱренип jат (Погов.) Конь к путам привыкает, человек к человеку привыкает"
17558,2,"jат, кижиге кижи ӱренип jат (Погов.) Конь",jат кижиге кижи ӱренип jат погов конь,,,"Киженге ат ӱренип jат, кижиге кижи ӱренип jат (Погов.) Конь к путам привыкает, человек к человеку привыкает"
17558,3,"к путам привыкает, человек к человеку при-",к путам привыкает человек к человеку при,,,"Киженге ат ӱренип jат, кижиге кижи ӱренип jат (Погов.) Конь к путам привыкает, человек к человеку привыкает"
17558,4,выкает,выкает,,,"Киженге ат ӱренип jат, кижиге кижи ӱренип jат (Погов.) Конь к путам привыкает, человек к человеку привыкает"
17568,1,ӧзӧр,ӧзӧр,,,ӧзӧр
17590,1,Ӱркиген аҥ ыраак маҥтаар,ӱркиген аҥ ыраак маҥтаар,,,Ӱркиген аҥ ыраак маҥтаар
17610,1,Мал азыраганныҥ оозы,мал азыраганныҥ оозы,,,Мал азыраганныҥ оозы
17614,1,тыны ӱзӱлер,тыны ӱзӱлер,,,тыны ӱзӱлер умереть
17614,2,умереть,умереть,,,тыны ӱзӱлер умереть
17647,1,Ӱӱрлӱ jӱргендер ӱркибес (По-,ӱӱрлӱ jӱргендер ӱркибес по,,,"Ӱӱрлӱ jӱргендер ӱркибес (Погов.) Стадом ходящие не испугаются; Ӱӱрдеҥ jарылган мал бӧрӱге jем (Погов.) Скот, от стада отбившийся – волку добыча"
17647,2,гов.) Стадом ходящие не испугаются,гов стадом ходящие не испугаются,,,"Ӱӱрлӱ jӱргендер ӱркибес (Погов.) Стадом ходящие не испугаются; Ӱӱрдеҥ jарылган мал бӧрӱге jем (Погов.) Скот, от стада отбившийся – волку добыча"
17647,3,Ӱӱрдеҥ,ӱӱрдеҥ,,,"Ӱӱрлӱ jӱргендер ӱркибес (Погов.) Стадом ходящие не испугаются; Ӱӱрдеҥ jарылган мал бӧрӱге jем (Погов.) Скот, от стада отбившийся – волку добыча"
17647,4,"jарылган мал бӧрӱге jем (Погов.) Скот, от",jарылган мал бӧрӱге jем погов скот от,,,"Ӱӱрлӱ jӱргендер ӱркибес (Погов.) Стадом ходящие не испугаются; Ӱӱрдеҥ jарылган мал бӧрӱге jем (Погов.) Скот, от стада отбившийся – волку добыча"
17647,5,стада отбившийся,стада отбившийся,волку добыча,,"Ӱӱрлӱ jӱргендер ӱркибес (Погов.) Стадом ходящие не испугаются; Ӱӱрдеҥ jарылган мал бӧрӱге jем (Погов.) Скот, от стада отбившийся – волку добыча"
17659,1,ӱч тӱшке кирбес и подумать не мог (букв.,ӱч тӱшке кирбес и подумать не мог букв,,,ӱч тӱшке кирбес и подумать не мог (букв. в три сна не приходить)
17659,2,в три сна не приходить),в три сна не приходить,,,ӱч тӱшке кирбес и подумать не мог (букв. в три сна не приходить)
17977,1,Чаган айда чагана,чаган айда чагана,,,"Чаган айда чагана тоҥор, кочкор айда кочкорлор сӱӱнер (Погов.) В январе смола замерзает, в феврале дикие бараны радуются"
17977,2,"тоҥор, кочкор айда кочкорлор сӱӱнер (По-",тоҥор кочкор айда кочкорлор сӱӱнер по,,,"Чаган айда чагана тоҥор, кочкор айда кочкорлор сӱӱнер (Погов.) В январе смола замерзает, в феврале дикие бараны радуются"
17977,3,"гов.) В январе смола замерзает, в феврале ди-",гов в январе смола замерзает в феврале ди,,,"Чаган айда чагана тоҥор, кочкор айда кочкорлор сӱӱнер (Погов.) В январе смола замерзает, в феврале дикие бараны радуются"
17977,4,кие бараны радуются,кие бараны радуются,,,"Чаган айда чагана тоҥор, кочкор айда кочкорлор сӱӱнер (Погов.) В январе смола замерзает, в феврале дикие бараны радуются"
18006,1,чайдыҥ бажы,чайдыҥ бажы,,,"чайдыҥ бажы первая чаша с чаем; чай азым (кайнам, кайнадым) время, равное одной варке чая"
18006,2,первая чаша с чаем,первая чаша с чаем,,,"чайдыҥ бажы первая чаша с чаем; чай азым (кайнам, кайнадым) время, равное одной варке чая"
18006,3,"чай азым (кайнам, кай-",чай азым кайнам кай,,,"чайдыҥ бажы первая чаша с чаем; чай азым (кайнам, кайнадым) время, равное одной варке чая"
18006,4,"надым) время, равное одной варке чая",надым время равное одной варке чая,,,"чайдыҥ бажы первая чаша с чаем; чай азым (кайнам, кайнадым) время, равное одной варке чая"
18011,1,"Балыктап билбес болзоҥ, суу чайбалтпа",балыктап билбес болзоҥ суу чайбалтпа,,,"Балыктап билбес болзоҥ, суу чайбалтпа (Посл.) Если не умеешь рыбачить, воду не расплёскивай"
18011,2,"(Посл.) Если не умеешь рыбачить, воду не",посл если не умеешь рыбачить воду не,,,"Балыктап билбес болзоҥ, суу чайбалтпа (Посл.) Если не умеешь рыбачить, воду не расплёскивай"
18011,3,расплёскивай,расплёскивай,,,"Балыктап билбес болзоҥ, суу чайбалтпа (Посл.) Если не умеешь рыбачить, воду не расплёскивай"
18067,1,jиит чак молодость,jиит чак молодость,,,"jиит чак молодость; карыыр чак старость; чактыҥ учы конец света; чактаҥ чакка из века в век, испокон веков"
18067,2,карыыр чак,карыыр чак,,,"jиит чак молодость; карыыр чак старость; чактыҥ учы конец света; чактаҥ чакка из века в век, испокон веков"
18067,3,старость,старость,,,"jиит чак молодость; карыыр чак старость; чактыҥ учы конец света; чактаҥ чакка из века в век, испокон веков"
18067,4,чактыҥ учы конец света,чактыҥ учы конец света,,,"jиит чак молодость; карыыр чак старость; чактыҥ учы конец света; чактаҥ чакка из века в век, испокон веков"
18067,5,чактаҥ,чактаҥ,,,"jиит чак молодость; карыыр чак старость; чактыҥ учы конец света; чактаҥ чакка из века в век, испокон веков"
18067,6,"чакка из века в век, испокон веков",чакка из века в век испокон веков,,,"jиит чак молодость; карыыр чак старость; чактыҥ учы конец света; чактаҥ чакка из века в век, испокон веков"
18072,1,тирӱ чак насто-,тирӱ чак насто,,,тирӱ чак настоящее бедствие
18072,2,ящее бедствие,ящее бедствие,,,тирӱ чак настоящее бедствие
18073,1,чагы чыгар 1) обессилеть,чагы чыгар 1 обессилеть,,,"чагы чыгар 1) обессилеть; 2) заболеть; чагы кирер поправиться, выздороветь; чак јок 1) слабый, обессилевший; 2) беременная (женщина)"
18073,2,2) заболеть,2 заболеть,,,"чагы чыгар 1) обессилеть; 2) заболеть; чагы кирер поправиться, выздороветь; чак јок 1) слабый, обессилевший; 2) беременная (женщина)"
18073,3,"чагы кирер поправиться, выздороветь",чагы кирер поправиться выздороветь,,,"чагы чыгар 1) обессилеть; 2) заболеть; чагы кирер поправиться, выздороветь; чак јок 1) слабый, обессилевший; 2) беременная (женщина)"
18073,4,чак,чак,,,"чагы чыгар 1) обессилеть; 2) заболеть; чагы кирер поправиться, выздороветь; чак јок 1) слабый, обессилевший; 2) беременная (женщина)"
18073,5,"јок 1) слабый, обессилевший",јок 1 слабый обессилевший,,,"чагы чыгар 1) обессилеть; 2) заболеть; чагы кирер поправиться, выздороветь; чак јок 1) слабый, обессилевший; 2) беременная (женщина)"
18073,6,2) беременная,2 беременная,,,"чагы чыгар 1) обессилеть; 2) заболеть; чагы кирер поправиться, выздороветь; чак јок 1) слабый, обессилевший; 2) беременная (женщина)"
18073,7,(женщина),женщина,,,"чагы чыгар 1) обессилеть; 2) заболеть; чагы кирер поправиться, выздороветь; чак јок 1) слабый, обессилевший; 2) беременная (женщина)"
18091,1,пыга тӱжер попасть в капкан,пыга тӱжер попасть в капкан,,,пыга тӱжер попасть в капкан
18135,1,"Чакту кижиниҥ колы тыҥ, сагышту",чакту кижиниҥ колы тыҥ сагышту,,,"Чакту кижиниҥ колы тыҥ, сагышту кижиниҥ санаазы кӧп (Погов.) У сильного человека руки крепкие, у умного человека ума много"
18135,2,кижиниҥ санаазы кӧп (Погов.) У сильного,кижиниҥ санаазы кӧп погов у сильного,,,"Чакту кижиниҥ колы тыҥ, сагышту кижиниҥ санаазы кӧп (Погов.) У сильного человека руки крепкие, у умного человека ума много"
18135,3,"человека руки крепкие, у умного человека",человека руки крепкие у умного человека,,,"Чакту кижиниҥ колы тыҥ, сагышту кижиниҥ санаазы кӧп (Погов.) У сильного человека руки крепкие, у умного человека ума много"
18135,4,ума много,ума много,,,"Чакту кижиниҥ колы тыҥ, сагышту кижиниҥ санаазы кӧп (Погов.) У сильного человека руки крепкие, у умного человека ума много"
18167,1,кара чалкан,кара чалкан,,,кара чалкан крапива двудомная; орус чалкан крапива двудомная; тату чалкан репа; ачу чалкан редька
18167,2,крапива двудомная,крапива двудомная,,,кара чалкан крапива двудомная; орус чалкан крапива двудомная; тату чалкан репа; ачу чалкан редька
18167,3,орус чалкан крапива,орус чалкан крапива,,,кара чалкан крапива двудомная; орус чалкан крапива двудомная; тату чалкан репа; ачу чалкан редька
18167,4,двудомная,двудомная,,,кара чалкан крапива двудомная; орус чалкан крапива двудомная; тату чалкан репа; ачу чалкан редька
18167,5,тату чалкан репа,тату чалкан репа,,,кара чалкан крапива двудомная; орус чалкан крапива двудомная; тату чалкан репа; ачу чалкан редька
18167,6,ачу чалкан,ачу чалкан,,,кара чалкан крапива двудомная; орус чалкан крапива двудомная; тату чалкан репа; ачу чалкан редька
18167,7,редька,редька,,,кара чалкан крапива двудомная; орус чалкан крапива двудомная; тату чалкан репа; ачу чалкан редька
18185,1,"Чалчыктыҥ чамчазы jыртык,",чалчыктыҥ чамчазы jыртык,,,"Чалчыктыҥ чамчазы jыртык, аракычыныҥ арказы ачык (Погов.) У буяна рубашка рваная, у пьяницы спина голая"
18185,2,аракычыныҥ арказы ачык (Погов.) У бу-,аракычыныҥ арказы ачык погов у бу,,,"Чалчыктыҥ чамчазы jыртык, аракычыныҥ арказы ачык (Погов.) У буяна рубашка рваная, у пьяницы спина голая"
18185,3,"яна рубашка рваная, у пьяницы спина голая",яна рубашка рваная у пьяницы спина голая,,,"Чалчыктыҥ чамчазы jыртык, аракычыныҥ арказы ачык (Погов.) У буяна рубашка рваная, у пьяницы спина голая"
18201,1,чалык оору мед. горячка,чалык оору мед горячка,,,чалык оору мед. горячка
18237,1,Карган койлу кой,карган койлу кой,,,"Карган койлу кой ӱркибес, карганду jурт чамылбас (Погов.)"
18237,2,"ӱркибес, карганду jурт чамылбас (Погов.)",ӱркибес карганду jурт чамылбас погов,,,"Карган койлу кой ӱркибес, карганду jурт чамылбас (Погов.)"
18248,1,Јакшы эрдиҥ сӧӧги,јакшы эрдиҥ сӧӧги,"јуу јеринде, јакшы",,"Јакшы эрдиҥ сӧӧги — јуу јеринде, јакшы аттыҥ сӧӧги — чан јеринде (Погов.) Останки доброго молодца — на поле брани, кости доброго коня — на месте, усеянном костями 791 -"
18248,2,аттыҥ сӧӧги,аттыҥ сӧӧги,чан јеринде (Погов.) Остан-,,"Јакшы эрдиҥ сӧӧги — јуу јеринде, јакшы аттыҥ сӧӧги — чан јеринде (Погов.) Останки доброго молодца — на поле брани, кости доброго коня — на месте, усеянном костями 791 -"
18248,3,ки доброго молодца,ки доброго молодца,"на поле брани, кости",,"Јакшы эрдиҥ сӧӧги — јуу јеринде, јакшы аттыҥ сӧӧги — чан јеринде (Погов.) Останки доброго молодца — на поле брани, кости доброго коня — на месте, усеянном костями 791 -"
18248,4,доброго коня,доброго коня,"на месте, усеянном костями",,"Јакшы эрдиҥ сӧӧги — јуу јеринде, јакшы аттыҥ сӧӧги — чан јеринде (Погов.) Останки доброго молодца — на поле брани, кости доброго коня — на месте, усеянном костями 791 -"
18248,5,791 -,791,,,"Јакшы эрдиҥ сӧӧги — јуу јеринде, јакшы аттыҥ сӧӧги — чан јеринде (Погов.) Останки доброго молодца — на поле брани, кости доброго коня — на месте, усеянном костями 791 -"
18251,1,Чанагы кандый,чанагы кандый,ээзи ондый (Посл.) Ка-,,"Чанагы кандый — ээзи ондый (Посл.) Какие сани, такой и хозяин"
18251,2,"кие сани, такой и хозяин",кие сани такой и хозяин,,,"Чанагы кандый — ээзи ондый (Посл.) Какие сани, такой и хозяин"
18303,1,"чаптык jетирер мешать, доставлять не-",чаптык jетирер мешать доставлять не,,,"чаптык jетирер мешать, доставлять неудобства"
18303,2,удобства,удобства,,,"чаптык jетирер мешать, доставлять неудобства"
18320,1,Jаактуга,jаактуга,,,"Jаактуга айттырба, jарындуга чаптырба (Погов.)"
18320,2,"айттырба, jарындуга чаптырба (Погов.)",айттырба jарындуга чаптырба погов,,,"Jаактуга айттырба, jарындуга чаптырба (Погов.)"
18323,1,чап-,чап,,,чаптыргалу мылтык кремниевое ружьё
18323,2,тыргалу мылтык кремниевое ружьё,тыргалу мылтык кремниевое ружьё,,,чаптыргалу мылтык кремниевое ружьё
18337,1,Калбакла jууза,калбакла jууза,"кап толор, чаракла",,"Калбакла jууза — кап толор, чаракла jууза — кош болор (Погов.) Если ложкой бирать — сума наполнится, если по зёрнышку собирать — тюк будет"
18337,2,jууза,jууза,кош болор (Погов.) Если ложкой,,"Калбакла jууза — кап толор, чаракла jууза — кош болор (Погов.) Если ложкой бирать — сума наполнится, если по зёрнышку собирать — тюк будет"
18337,3,бирать,бирать,"сума наполнится, если по зёрныш-",,"Калбакла jууза — кап толор, чаракла jууза — кош болор (Погов.) Если ложкой бирать — сума наполнится, если по зёрнышку собирать — тюк будет"
18337,4,ку собирать,ку собирать,тюк будет,,"Калбакла jууза — кап толор, чаракла jууза — кош болор (Погов.) Если ложкой бирать — сума наполнится, если по зёрнышку собирать — тюк будет"
18364,1,ойгоно чарчаар резко про-,ойгоно чарчаар резко про,,,ойгоно чарчаар резко проснуться
18364,2,снуться,снуться,,,ойгоно чарчаар резко проснуться
18404,1,чат болбос ничего не получится,чат болбос ничего не получится,,,чат болбос ничего не получится
18406,1,чат-мат неме болбос,чатмат неме болбос,,,чат-мат неме болбос ничего не получится
18406,2,ничего не получится,ничего не получится,,,чат-мат неме болбос ничего не получится
18430,1,чач ӧрӱш сва-,чач ӧрӱш сва,,,чач ӧрӱш свадебный обряд заплетания двух кос у невесты (две косы у женщины — признак замужества)
18430,2,дебный обряд заплетания двух кос у невесты,дебный обряд заплетания двух кос у невесты,,,чач ӧрӱш свадебный обряд заплетания двух кос у невесты (две косы у женщины — признак замужества)
18430,3,(две косы у женщины,две косы у женщины,признак замуже-,,чач ӧрӱш свадебный обряд заплетания двух кос у невесты (две косы у женщины — признак замужества)
18430,4,ства),ства,,,чач ӧрӱш свадебный обряд заплетания двух кос у невесты (две косы у женщины — признак замужества)
18438,1,"Торко чачак толголчооҥ, кеден учук",торко чачак толголчооҥ кеден учук,,,"Торко чачак толголчооҥ, кеден учук кертилчееҥ (Погов.) Шёлковая кисть легко закручивается (букв. закручивающаяся), льняная нить легко рвётся (букв. рвущаяся)"
18438,2,кертилчееҥ (Погов.) Шёлковая кисть лег-,кертилчееҥ погов шёлковая кисть лег,,,"Торко чачак толголчооҥ, кеден учук кертилчееҥ (Погов.) Шёлковая кисть легко закручивается (букв. закручивающаяся), льняная нить легко рвётся (букв. рвущаяся)"
18438,3,"ко закручивается (букв. закручивающаяся),",ко закручивается букв закручивающаяся,,,"Торко чачак толголчооҥ, кеден учук кертилчееҥ (Погов.) Шёлковая кисть легко закручивается (букв. закручивающаяся), льняная нить легко рвётся (букв. рвущаяся)"
18438,4,льняная нить легко рвётся (букв. рвущаяся),льняная нить легко рвётся букв рвущаяся,,,"Торко чачак толголчооҥ, кеден учук кертилчееҥ (Погов.) Шёлковая кисть легко закручивается (букв. закручивающаяся), льняная нить легко рвётся (букв. рвущаяся)"
18463,1,Айгыры jок мал чачылчаҥ (Погов.) Та-,айгыры jок мал чачылчаҥ погов та,,,Айгыры jок мал чачылчаҥ (Погов.) Табун без жеребца легко разбредается (букв. разбредающийся)
18463,2,бун без жеребца легко разбредается (букв.,бун без жеребца легко разбредается букв,,,Айгыры jок мал чачылчаҥ (Погов.) Табун без жеребца легко разбредается (букв. разбредающийся)
18463,3,разбредающийся),разбредающийся,,,Айгыры jок мал чачылчаҥ (Погов.) Табун без жеребца легко разбредается (букв. разбредающийся)
18484,1,Эрдиҥ jаман jалкузын чеденинеҥ,эрдиҥ jаман jалкузын чеденинеҥ,,,Эрдиҥ jаман jалкузын чеденинеҥ билерим (Погов.) Ленивого мужчину узнаю по ограде
18484,2,билерим (Погов.) Ленивого мужчину узнаю,билерим погов ленивого мужчину узнаю,,,Эрдиҥ jаман jалкузын чеденинеҥ билерим (Погов.) Ленивого мужчину узнаю по ограде
18484,3,по ограде,по ограде,,,Эрдиҥ jаман jалкузын чеденинеҥ билерим (Погов.) Ленивого мужчину узнаю по ограде
18627,1,черт сӧс,черт сӧс,,,черт сӧс клятва
18627,2,клятва,клятва,,,черт сӧс клятва
18672,1,кинчегин чечер,кинчегин чечер,,,кинчегин чечер отпускать грехи; кинчеги чечилер отпустятся грехи
18672,2,отпускать грехи,отпускать грехи,,,кинчегин чечер отпускать грехи; кинчеги чечилер отпустятся грехи
18672,3,кинчеги чечилер отпустят-,кинчеги чечилер отпустят,,,кинчегин чечер отпускать грехи; кинчеги чечилер отпустятся грехи
18672,4,ся грехи,ся грехи,,,кинчегин чечер отпускать грехи; кинчеги чечилер отпустятся грехи
18674,1,кой-чечек подснеж-,койчечек подснеж,,,кой-чечек подснежник; ай-чечек стародубка; кӱн-чечек огоньки; коҥо-чечек колокольчик
18674,2,ник,ник,,,кой-чечек подснежник; ай-чечек стародубка; кӱн-чечек огоньки; коҥо-чечек колокольчик
18674,3,ай-чечек стародубка,айчечек стародубка,,,кой-чечек подснежник; ай-чечек стародубка; кӱн-чечек огоньки; коҥо-чечек колокольчик
18674,4,кӱн-чечек огонь-,кӱнчечек огонь,,,кой-чечек подснежник; ай-чечек стародубка; кӱн-чечек огоньки; коҥо-чечек колокольчик
18674,5,ки,ки,,,кой-чечек подснежник; ай-чечек стародубка; кӱн-чечек огоньки; коҥо-чечек колокольчик
18674,6,коҥо-чечек колокольчик,коҥочечек колокольчик,,,кой-чечек подснежник; ай-чечек стародубка; кӱн-чечек огоньки; коҥо-чечек колокольчик
18691,1,Семис малдыҥ,семис малдыҥ,,,"Семис малдыҥ тери ачу, чечен кижиниҥ тили ачу (Погов.)"
18691,2,"тери ачу, чечен кижиниҥ тили ачу (Погов.)",тери ачу чечен кижиниҥ тили ачу погов,,,"Семис малдыҥ тери ачу, чечен кижиниҥ тили ачу (Погов.)"
18698,1,"Челдӱ эт тишке кысталар,",челдӱ эт тишке кысталар,,,"Челдӱ эт тишке кысталар, черкек кижи сӧскӧ кысталар (Погов.) листое мясо в зубах застрянет, острослов словах запутается"
18698,2,черкек кижи сӧскӧ кысталар (Погов.),черкек кижи сӧскӧ кысталар погов,,,"Челдӱ эт тишке кысталар, черкек кижи сӧскӧ кысталар (Погов.) листое мясо в зубах застрянет, острослов словах запутается"
18698,3,"листое мясо в зубах застрянет, острослов",листое мясо в зубах застрянет острослов,,,"Челдӱ эт тишке кысталар, черкек кижи сӧскӧ кысталар (Погов.) листое мясо в зубах застрянет, острослов словах запутается"
18698,4,словах запутается,словах запутается,,,"Челдӱ эт тишке кысталар, черкек кижи сӧскӧ кысталар (Погов.) листое мясо в зубах застрянет, острослов словах запутается"
18702,1,тили чечилген,тили чечилген,,,тили чечилген язык развязался
18702,2,язык развязался,язык развязался,,,тили чечилген язык развязался
18776,1,чике куучын-эрмек лингв. прямая,чике куучынэрмек лингв прямая,,,чике куучын-эрмек лингв. прямая речь
18776,2,речь,речь,,,чике куучын-эрмек лингв. прямая речь
18792,1,кара-чилен чёрный,карачилен чёрный,,,кара-чилен чёрный ийди аист ружьё
18792,2,ийди,ийди,,,кара-чилен чёрный ийди аист ружьё
18792,3,аист,аист,,,кара-чилен чёрный ийди аист ружьё
18792,4,ружьё,ружьё,,,кара-чилен чёрный ийди аист ружьё
18812,1,чине jок 1) обесси-,чине jок 1 обесси,,,чине jок 1) обессиленый; 2) беременная женщина
18812,2,леный,леный,,,чине jок 1) обессиленый; 2) беременная женщина
18812,3,2) беременная женщина,2 беременная женщина,,,чине jок 1) обессиленый; 2) беременная женщина
18826,1,чирей тебинер,чирей тебинер,,,чирей тебинер 1) наотрез отказаться; 2) умереть
18826,2,1) наотрез отказаться,1 наотрез отказаться,,,чирей тебинер 1) наотрез отказаться; 2) умереть
18826,3,2) умереть,2 умереть,,,чирей тебинер 1) наотрез отказаться; 2) умереть
18838,1,Кижиге берген,кижиге берген,,,"Кижиге берген буу чирибес (Погов.) Верёвка, отданная человеку, не сгниёт"
18838,2,"буу чирибес (Погов.) Верёвка, отданная че-",буу чирибес погов верёвка отданная че,,,"Кижиге берген буу чирибес (Погов.) Верёвка, отданная человеку, не сгниёт"
18838,3,"ловеку, не сгниёт",ловеку не сгниёт,,,"Кижиге берген буу чирибес (Погов.) Верёвка, отданная человеку, не сгниёт"
18840,1,Чирик,чирик,,,"Чирик одынныҥ кӱли кӧп, карыганныҥ эрмеги кӧп (Погов.) От гнилых дров золы много, у старого человека слов много"
18840,2,"одынныҥ кӱли кӧп, карыганныҥ эрмеги",одынныҥ кӱли кӧп карыганныҥ эрмеги,,,"Чирик одынныҥ кӱли кӧп, карыганныҥ эрмеги кӧп (Погов.) От гнилых дров золы много, у старого человека слов много"
18840,3,"кӧп (Погов.) От гнилых дров золы много, у",кӧп погов от гнилых дров золы много у,,,"Чирик одынныҥ кӱли кӧп, карыганныҥ эрмеги кӧп (Погов.) От гнилых дров золы много, у старого человека слов много"
18840,4,старого человека слов много,старого человека слов много,,,"Чирик одынныҥ кӱли кӧп, карыганныҥ эрмеги кӧп (Погов.) От гнилых дров золы много, у старого человека слов много"
18866,1,чобраныҥ курты зоол. короед,чобраныҥ курты зоол короед,,,чобраныҥ курты зоол. короед;
18903,1,чой,чой,,,чой кӧдӱриш гиревой спорт
18903,2,кӧдӱриш гиревой спорт,кӧдӱриш гиревой спорт,,,чой кӧдӱриш гиревой спорт
18921,1,кӧстиҥ чогы зрение,кӧстиҥ чогы зрение,,,кӧстиҥ чогы зрение
18975,1,Каргаа каргааныҥ кӧзин чокыбас,каргаа каргааныҥ кӧзин чокыбас,,,Каргаа каргааныҥ кӧзин чокыбас (Погов.) Ворон ворону глаз не выклюет
18975,2,(Погов.) Ворон ворону глаз не выклюет,погов ворон ворону глаз не выклюет,,,Каргаа каргааныҥ кӧзин чокыбас (Погов.) Ворон ворону глаз не выклюет
18981,1,чокымдап айтса вводн. сл. если,чокымдап айтса вводн сл если,,,чокымдап айтса вводн. сл. если говорить точнее
18981,2,говорить точнее,говорить точнее,,,чокымдап айтса вводн. сл. если говорить точнее
18995,1,чолмон кӧстӱ кижи,чолмон кӧстӱ кижи,,,чолмон кӧстӱ кижи человек с зоркими глазами; Таҥ чолмон
18995,2,человек с зоркими глазами,человек с зоркими глазами,,,чолмон кӧстӱ кижи человек с зоркими глазами; Таҥ чолмон
18995,3,Таҥ чолмон,таҥ чолмон,,,чолмон кӧстӱ кижи человек с зоркими глазами; Таҥ чолмон
19001,1,чоло ат прозви-,чоло ат прозви,,,чоло ат прозвище
19001,2,ще,ще,,,чоло ат прозвище
19022,1,Чолтык куйрукту малдаҥ томонок то,чолтык куйрукту малдаҥ томонок то,,,Чолтык куйрукту малдаҥ томонок то коркыбас (Погов.) Бесхвостой скотины и комар не побоится
19022,2,коркыбас (Погов.) Бесхвостой скотины и ко-,коркыбас погов бесхвостой скотины и ко,,,Чолтык куйрукту малдаҥ томонок то коркыбас (Погов.) Бесхвостой скотины и комар не побоится
19022,3,мар не побоится,мар не побоится,,,Чолтык куйрукту малдаҥ томонок то коркыбас (Погов.) Бесхвостой скотины и комар не побоится
19056,1,"Эттиҥ мӱни ток болотон, эрдиҥ сӧзи чоҥ",эттиҥ мӱни ток болотон эрдиҥ сӧзи чоҥ,,,"Эттиҥ мӱни ток болотон, эрдиҥ сӧзи чоҥ болотон (Погов.) Мясной бульон должен быть сытным, слово мужское должно быть твёрдым"
19056,2,болотон (Погов.) Мясной бульон должен,болотон погов мясной бульон должен,,,"Эттиҥ мӱни ток болотон, эрдиҥ сӧзи чоҥ болотон (Погов.) Мясной бульон должен быть сытным, слово мужское должно быть твёрдым"
19056,3,"быть сытным, слово мужское должно быть",быть сытным слово мужское должно быть,,,"Эттиҥ мӱни ток болотон, эрдиҥ сӧзи чоҥ болотон (Погов.) Мясной бульон должен быть сытным, слово мужское должно быть твёрдым"
19056,4,твёрдым,твёрдым,,,"Эттиҥ мӱни ток болотон, эрдиҥ сӧзи чоҥ болотон (Погов.) Мясной бульон должен быть сытным, слово мужское должно быть твёрдым"
19115,1,чортко до бар-,чортко до бар,,,чортко до барбас никуда не денется
19115,2,бас никуда не денется,бас никуда не денется,,,чортко до барбас никуда не денется
19119,1,чотко кирер 1) входить,чотко кирер 1 входить,,,"чотко кирер 1) входить счёт; 2) быть на счету; чотко кирбес не счёт; чоттоҥ кырар сбросить со счетов кого; чоттоҥ чыгар быть вычеркнутым из состава чего-л.; чотко алар принимать во внимание; считаться с кем-л., чем-л.; чотко сукпас не брать в счёт"
19119,2,счёт,счёт,,,"чотко кирер 1) входить счёт; 2) быть на счету; чотко кирбес не счёт; чоттоҥ кырар сбросить со счетов кого; чоттоҥ чыгар быть вычеркнутым из состава чего-л.; чотко алар принимать во внимание; считаться с кем-л., чем-л.; чотко сукпас не брать в счёт"
19119,3,2) быть на счету,2 быть на счету,,,"чотко кирер 1) входить счёт; 2) быть на счету; чотко кирбес не счёт; чоттоҥ кырар сбросить со счетов кого; чоттоҥ чыгар быть вычеркнутым из состава чего-л.; чотко алар принимать во внимание; считаться с кем-л., чем-л.; чотко сукпас не брать в счёт"
19119,4,чотко кирбес не,чотко кирбес не,,,"чотко кирер 1) входить счёт; 2) быть на счету; чотко кирбес не счёт; чоттоҥ кырар сбросить со счетов кого; чоттоҥ чыгар быть вычеркнутым из состава чего-л.; чотко алар принимать во внимание; считаться с кем-л., чем-л.; чотко сукпас не брать в счёт"
19119,5,счёт,счёт,,,"чотко кирер 1) входить счёт; 2) быть на счету; чотко кирбес не счёт; чоттоҥ кырар сбросить со счетов кого; чоттоҥ чыгар быть вычеркнутым из состава чего-л.; чотко алар принимать во внимание; считаться с кем-л., чем-л.; чотко сукпас не брать в счёт"
19119,6,чоттоҥ кырар сбросить со счетов кого,чоттоҥ кырар сбросить со счетов кого,,,"чотко кирер 1) входить счёт; 2) быть на счету; чотко кирбес не счёт; чоттоҥ кырар сбросить со счетов кого; чоттоҥ чыгар быть вычеркнутым из состава чего-л.; чотко алар принимать во внимание; считаться с кем-л., чем-л.; чотко сукпас не брать в счёт"
19119,7,чоттоҥ чыгар быть вычеркнутым из состава,чоттоҥ чыгар быть вычеркнутым из состава,,,"чотко кирер 1) входить счёт; 2) быть на счету; чотко кирбес не счёт; чоттоҥ кырар сбросить со счетов кого; чоттоҥ чыгар быть вычеркнутым из состава чего-л.; чотко алар принимать во внимание; считаться с кем-л., чем-л.; чотко сукпас не брать в счёт"
19119,8,чего-л.,чегол,,,"чотко кирер 1) входить счёт; 2) быть на счету; чотко кирбес не счёт; чоттоҥ кырар сбросить со счетов кого; чоттоҥ чыгар быть вычеркнутым из состава чего-л.; чотко алар принимать во внимание; считаться с кем-л., чем-л.; чотко сукпас не брать в счёт"
19119,9,чотко алар принимать во внимание,чотко алар принимать во внимание,,,"чотко кирер 1) входить счёт; 2) быть на счету; чотко кирбес не счёт; чоттоҥ кырар сбросить со счетов кого; чоттоҥ чыгар быть вычеркнутым из состава чего-л.; чотко алар принимать во внимание; считаться с кем-л., чем-л.; чотко сукпас не брать в счёт"
19119,10,"считаться с кем-л., чем-л.",считаться с кемл чемл,,,"чотко кирер 1) входить счёт; 2) быть на счету; чотко кирбес не счёт; чоттоҥ кырар сбросить со счетов кого; чоттоҥ чыгар быть вычеркнутым из состава чего-л.; чотко алар принимать во внимание; считаться с кем-л., чем-л.; чотко сукпас не брать в счёт"
19119,11,чотко сукпас не,чотко сукпас не,,,"чотко кирер 1) входить счёт; 2) быть на счету; чотко кирбес не счёт; чоттоҥ кырар сбросить со счетов кого; чоттоҥ чыгар быть вычеркнутым из состава чего-л.; чотко алар принимать во внимание; считаться с кем-л., чем-л.; чотко сукпас не брать в счёт"
19119,12,брать в счёт,брать в счёт,,,"чотко кирер 1) входить счёт; 2) быть на счету; чотко кирбес не счёт; чоттоҥ кырар сбросить со счетов кого; чоттоҥ чыгар быть вычеркнутым из состава чего-л.; чотко алар принимать во внимание; считаться с кем-л., чем-л.; чотко сукпас не брать в счёт"
19149,1,јердиҥ чочкозы зоол. дикая,јердиҥ чочкозы зоол дикая,,,јердиҥ чочкозы зоол. дикая свинья
19149,2,свинья,свинья,,,јердиҥ чочкозы зоол. дикая свинья
19176,1,кулак чӧйӧр надирать уши,кулак чӧйӧр надирать уши,,,кулак чӧйӧр надирать уши
19188,1,эрин чӧйилер ӱндӱ табыштар лингв. губ-,эрин чӧйилер ӱндӱ табыштар лингв губ,,,"эрин чӧйилер ӱндӱ табыштар лингв. губные гласные; мойны чӧйилер очень долго ждать; Кийис чӧйилер, кижи ӧзӧр (Посл.)"
19188,2,ные гласные,ные гласные,,,"эрин чӧйилер ӱндӱ табыштар лингв. губные гласные; мойны чӧйилер очень долго ждать; Кийис чӧйилер, кижи ӧзӧр (Посл.)"
19188,3,мойны чӧйилер очень долго,мойны чӧйилер очень долго,,,"эрин чӧйилер ӱндӱ табыштар лингв. губные гласные; мойны чӧйилер очень долго ждать; Кийис чӧйилер, кижи ӧзӧр (Посл.)"
19188,4,ждать,ждать,,,"эрин чӧйилер ӱндӱ табыштар лингв. губные гласные; мойны чӧйилер очень долго ждать; Кийис чӧйилер, кижи ӧзӧр (Посл.)"
19188,5,"Кийис чӧйилер, кижи ӧзӧр (Посл.)",кийис чӧйилер кижи ӧзӧр посл,,,"эрин чӧйилер ӱндӱ табыштар лингв. губные гласные; мойны чӧйилер очень долго ждать; Кийис чӧйилер, кижи ӧзӧр (Посл.)"
19210,1,Кожоҥчыны,кожоҥчыны,,,"Кожоҥчыны калык сӱӱр, копчыдаҥ калык чӧкӧӧр (Погов.) Певца народ полюбит, в сплетнике род разочаруется"
19210,2,"калык сӱӱр, копчыдаҥ калык чӧкӧӧр (По-",калык сӱӱр копчыдаҥ калык чӧкӧӧр по,,,"Кожоҥчыны калык сӱӱр, копчыдаҥ калык чӧкӧӧр (Погов.) Певца народ полюбит, в сплетнике род разочаруется"
19210,3,"гов.) Певца народ полюбит, в сплетнике",гов певца народ полюбит в сплетнике,,,"Кожоҥчыны калык сӱӱр, копчыдаҥ калык чӧкӧӧр (Погов.) Певца народ полюбит, в сплетнике род разочаруется"
19210,4,род разочаруется,род разочаруется,,,"Кожоҥчыны калык сӱӱр, копчыдаҥ калык чӧкӧӧр (Погов.) Певца народ полюбит, в сплетнике род разочаруется"
19300,1,чӧрчӧккӧ ки-,чӧрчӧккӧ ки,,,чӧрчӧккӧ кирер стать предметом обсуждений
19300,2,рер стать предметом обсуждений,рер стать предметом обсуждений,,,чӧрчӧккӧ кирер стать предметом обсуждений
19412,1,"Jуттаганы айазар,",jуттаганы айазар,,,"Jуттаганы айазар, чуугушканы аайлажар (Погов.) Ненастье распогодится, поругавшиеся — разберутся"
19412,2,чуугушканы аайлажар (Погов.) Ненастье,чуугушканы аайлажар погов ненастье,,,"Jуттаганы айазар, чуугушканы аайлажар (Погов.) Ненастье распогодится, поругавшиеся — разберутся"
19412,3,"распогодится, поругавшиеся",распогодится поругавшиеся,разберутся,,"Jуттаганы айазар, чуугушканы аайлажар (Погов.) Ненастье распогодится, поругавшиеся — разберутся"
19458,1,чӱмдемел иш творческая,чӱмдемел иш творческая,,,чӱмдемел иш творческая работа
19458,2,работа,работа,,,чӱмдемел иш творческая работа
19486,1,"Jамызы болзо кичинек, бойы дезе",jамызы болзо кичинек бойы дезе,,,"Jамызы болзо кичинек, бойы дезе - чӱмеркек (Погов.) Должность маленькая, сам надменный"
19486,2,-,-,,,"Jамызы болзо кичинек, бойы дезе - чӱмеркек (Погов.) Должность маленькая, сам надменный"
19486,3,"чӱмеркек (Погов.) Должность маленькая,",чӱмеркек погов должность маленькая,,,"Jамызы болзо кичинек, бойы дезе - чӱмеркек (Погов.) Должность маленькая, сам надменный"
19486,4,сам надменный,сам надменный,,,"Jамызы болзо кичинек, бойы дезе - чӱмеркек (Погов.) Должность маленькая, сам надменный"
19513,1,салкынга удура чӱштеер против,салкынга удура чӱштеер против,,,салкынга удура чӱштеер против рожна переть
19513,2,рожна переть,рожна переть,,,салкынга удура чӱштеер против рожна переть
19543,1,агы-чегине чыгарар,агычегине чыгарар,,,"агы-чегине чыгарар выводить на чистую воду; кудын чыгарар сильно напугать; санаазын чыгарар сильно напугать; каткыга чыгарар поднять на смех; ачузын чыгарар вымещать гнев, обиду; табыш чыгарар поднимать шум, скандал; кериш чыгарар (чугаан чыгарар) затеять ругань"
19543,2,выводить на чистую воду,выводить на чистую воду,,,"агы-чегине чыгарар выводить на чистую воду; кудын чыгарар сильно напугать; санаазын чыгарар сильно напугать; каткыга чыгарар поднять на смех; ачузын чыгарар вымещать гнев, обиду; табыш чыгарар поднимать шум, скандал; кериш чыгарар (чугаан чыгарар) затеять ругань"
19543,3,кудын чыгарар,кудын чыгарар,,,"агы-чегине чыгарар выводить на чистую воду; кудын чыгарар сильно напугать; санаазын чыгарар сильно напугать; каткыга чыгарар поднять на смех; ачузын чыгарар вымещать гнев, обиду; табыш чыгарар поднимать шум, скандал; кериш чыгарар (чугаан чыгарар) затеять ругань"
19543,4,сильно напугать,сильно напугать,,,"агы-чегине чыгарар выводить на чистую воду; кудын чыгарар сильно напугать; санаазын чыгарар сильно напугать; каткыга чыгарар поднять на смех; ачузын чыгарар вымещать гнев, обиду; табыш чыгарар поднимать шум, скандал; кериш чыгарар (чугаан чыгарар) затеять ругань"
19543,5,санаазын чыгарар силь-,санаазын чыгарар силь,,,"агы-чегине чыгарар выводить на чистую воду; кудын чыгарар сильно напугать; санаазын чыгарар сильно напугать; каткыга чыгарар поднять на смех; ачузын чыгарар вымещать гнев, обиду; табыш чыгарар поднимать шум, скандал; кериш чыгарар (чугаан чыгарар) затеять ругань"
19543,6,но напугать,но напугать,,,"агы-чегине чыгарар выводить на чистую воду; кудын чыгарар сильно напугать; санаазын чыгарар сильно напугать; каткыга чыгарар поднять на смех; ачузын чыгарар вымещать гнев, обиду; табыш чыгарар поднимать шум, скандал; кериш чыгарар (чугаан чыгарар) затеять ругань"
19543,7,каткыга чыгарар поднять на,каткыга чыгарар поднять на,,,"агы-чегине чыгарар выводить на чистую воду; кудын чыгарар сильно напугать; санаазын чыгарар сильно напугать; каткыга чыгарар поднять на смех; ачузын чыгарар вымещать гнев, обиду; табыш чыгарар поднимать шум, скандал; кериш чыгарар (чугаан чыгарар) затеять ругань"
19543,8,смех,смех,,,"агы-чегине чыгарар выводить на чистую воду; кудын чыгарар сильно напугать; санаазын чыгарар сильно напугать; каткыга чыгарар поднять на смех; ачузын чыгарар вымещать гнев, обиду; табыш чыгарар поднимать шум, скандал; кериш чыгарар (чугаан чыгарар) затеять ругань"
19543,9,"ачузын чыгарар вымещать гнев, оби-",ачузын чыгарар вымещать гнев оби,,,"агы-чегине чыгарар выводить на чистую воду; кудын чыгарар сильно напугать; санаазын чыгарар сильно напугать; каткыга чыгарар поднять на смех; ачузын чыгарар вымещать гнев, обиду; табыш чыгарар поднимать шум, скандал; кериш чыгарар (чугаан чыгарар) затеять ругань"
19543,10,ду,ду,,,"агы-чегине чыгарар выводить на чистую воду; кудын чыгарар сильно напугать; санаазын чыгарар сильно напугать; каткыга чыгарар поднять на смех; ачузын чыгарар вымещать гнев, обиду; табыш чыгарар поднимать шум, скандал; кериш чыгарар (чугаан чыгарар) затеять ругань"
19543,11,"табыш чыгарар поднимать шум, скан-",табыш чыгарар поднимать шум скан,,,"агы-чегине чыгарар выводить на чистую воду; кудын чыгарар сильно напугать; санаазын чыгарар сильно напугать; каткыга чыгарар поднять на смех; ачузын чыгарар вымещать гнев, обиду; табыш чыгарар поднимать шум, скандал; кериш чыгарар (чугаан чыгарар) затеять ругань"
19543,12,дал,дал,,,"агы-чегине чыгарар выводить на чистую воду; кудын чыгарар сильно напугать; санаазын чыгарар сильно напугать; каткыга чыгарар поднять на смех; ачузын чыгарар вымещать гнев, обиду; табыш чыгарар поднимать шум, скандал; кериш чыгарар (чугаан чыгарар) затеять ругань"
19543,13,кериш чыгарар (чугаан чыгарар) за-,кериш чыгарар чугаан чыгарар за,,,"агы-чегине чыгарар выводить на чистую воду; кудын чыгарар сильно напугать; санаазын чыгарар сильно напугать; каткыга чыгарар поднять на смех; ачузын чыгарар вымещать гнев, обиду; табыш чыгарар поднимать шум, скандал; кериш чыгарар (чугаан чыгарар) затеять ругань"
19543,14,теять ругань,теять ругань,,,"агы-чегине чыгарар выводить на чистую воду; кудын чыгарар сильно напугать; санаазын чыгарар сильно напугать; каткыга чыгарар поднять на смех; ачузын чыгарар вымещать гнев, обиду; табыш чыгарар поднимать шум, скандал; кериш чыгарар (чугаан чыгарар) затеять ругань"
19561,1,бала чыгарыш,бала чыгарыш,,,бала чыгарыш из роды
19561,2,из,из,,,бала чыгарыш из роды
19561,3,роды,роды,,,бала чыгарыш из роды
19565,1,"Чыгым чыкпай, кирелте кирбес (Посл.)",чыгым чыкпай кирелте кирбес посл,,,"Чыгым чыкпай, кирелте кирбес (Посл.)"
19577,1,сууныҥ чыгыды исток,сууныҥ чыгыды исток,,,сууныҥ чыгыды исток реки; кӱн чыгыт восток
19577,2,реки,реки,,,сууныҥ чыгыды исток реки; кӱн чыгыт восток
19577,3,кӱн чыгыт восток,кӱн чыгыт восток,,,сууныҥ чыгыды исток реки; кӱн чыгыт восток
19605,1,Казыр аҥ сырмактарын,казыр аҥ сырмактарын,,,Казыр аҥ сырмактарын кӧргӱспеске чыданбайт (Погов.) Свирепому зверю не терпится когти свои показать
19605,2,кӧргӱспеске чыданбайт (Погов.) Свирепому,кӧргӱспеске чыданбайт погов свирепому,,,Казыр аҥ сырмактарын кӧргӱспеске чыданбайт (Погов.) Свирепому зверю не терпится когти свои показать
19605,3,зверю не терпится когти свои показать,зверю не терпится когти свои показать,,,Казыр аҥ сырмактарын кӧргӱспеске чыданбайт (Погов.) Свирепому зверю не терпится когти свои показать
19619,1,ашка чыдым кижи воз-,ашка чыдым кижи воз,,,ашка чыдым кижи воздержанный в пище человек
19619,2,держанный в пище человек,держанный в пище человек,,,ашка чыдым кижи воздержанный в пище человек
19631,1,чыйкан ошкош тийдиртпес недотрога,чыйкан ошкош тийдиртпес недотрога,,,"чыйкан ошкош тийдиртпес недотрога (букв. подобно чирью не позволяет себя трогать); Чыйканнаҥ jаман оору jок, оны сураар кижи jок (Погов.) Хуже чирья нет болезни, а никто не соболезнует"
19631,2,(букв. подобно чирью не позволяет себя тро-,букв подобно чирью не позволяет себя тро,,,"чыйкан ошкош тийдиртпес недотрога (букв. подобно чирью не позволяет себя трогать); Чыйканнаҥ jаман оору jок, оны сураар кижи jок (Погов.) Хуже чирья нет болезни, а никто не соболезнует"
19631,3,гать),гать,,,"чыйкан ошкош тийдиртпес недотрога (букв. подобно чирью не позволяет себя трогать); Чыйканнаҥ jаман оору jок, оны сураар кижи jок (Погов.) Хуже чирья нет болезни, а никто не соболезнует"
19631,4,"Чыйканнаҥ jаман оору jок, оны су-",чыйканнаҥ jаман оору jок оны су,,,"чыйкан ошкош тийдиртпес недотрога (букв. подобно чирью не позволяет себя трогать); Чыйканнаҥ jаман оору jок, оны сураар кижи jок (Погов.) Хуже чирья нет болезни, а никто не соболезнует"
19631,5,раар кижи jок (Погов.) Хуже чирья нет бо-,раар кижи jок погов хуже чирья нет бо,,,"чыйкан ошкош тийдиртпес недотрога (букв. подобно чирью не позволяет себя трогать); Чыйканнаҥ jаман оору jок, оны сураар кижи jок (Погов.) Хуже чирья нет болезни, а никто не соболезнует"
19631,6,"лезни, а никто не соболезнует",лезни а никто не соболезнует,,,"чыйкан ошкош тийдиртпес недотрога (букв. подобно чирью не позволяет себя трогать); Чыйканнаҥ jаман оору jок, оны сураар кижи jок (Погов.) Хуже чирья нет болезни, а никто не соболезнует"
19669,1,ады чыгар,ады чыгар,,,"ады чыгар прославиться; аайына чыгар разбираться с кем-чем-л.; бажына чыгар разбираться с кем-чем-л.; jартына чыгар выяснять что-л.; учына чыгар разбираться с кем-чем-л.; мойнына чыгар сидеть на шее; кирип чыгар зайти, забежать ненадолго куда-л.; колдоҥ чыгар стать независимым; сагыжы чыгар ирсильно испугаться; сӧстӧҥ чыгар ослушатьот ся; тили чыгар начать говорить (о маленьком ребёнке); тыны чыгар 1) обессилеть; 2) испустить дух; куды чыгар сильно испугаться; сӧстӧҥ чыкпас послушный; чык чыгарбас скупой; Кайнатса — мӱн чыкпас, каарза —"
19669,2,прославиться,прославиться,,,"ады чыгар прославиться; аайына чыгар разбираться с кем-чем-л.; бажына чыгар разбираться с кем-чем-л.; jартына чыгар выяснять что-л.; учына чыгар разбираться с кем-чем-л.; мойнына чыгар сидеть на шее; кирип чыгар зайти, забежать ненадолго куда-л.; колдоҥ чыгар стать независимым; сагыжы чыгар ирсильно испугаться; сӧстӧҥ чыгар ослушатьот ся; тили чыгар начать говорить (о маленьком ребёнке); тыны чыгар 1) обессилеть; 2) испустить дух; куды чыгар сильно испугаться; сӧстӧҥ чыкпас послушный; чык чыгарбас скупой; Кайнатса — мӱн чыкпас, каарза —"
19669,3,аайына чыгар разбираться,аайына чыгар разбираться,,,"ады чыгар прославиться; аайына чыгар разбираться с кем-чем-л.; бажына чыгар разбираться с кем-чем-л.; jартына чыгар выяснять что-л.; учына чыгар разбираться с кем-чем-л.; мойнына чыгар сидеть на шее; кирип чыгар зайти, забежать ненадолго куда-л.; колдоҥ чыгар стать независимым; сагыжы чыгар ирсильно испугаться; сӧстӧҥ чыгар ослушатьот ся; тили чыгар начать говорить (о маленьком ребёнке); тыны чыгар 1) обессилеть; 2) испустить дух; куды чыгар сильно испугаться; сӧстӧҥ чыкпас послушный; чык чыгарбас скупой; Кайнатса — мӱн чыкпас, каарза —"
19669,4,с кем-чем-л.,с кемчемл,,,"ады чыгар прославиться; аайына чыгар разбираться с кем-чем-л.; бажына чыгар разбираться с кем-чем-л.; jартына чыгар выяснять что-л.; учына чыгар разбираться с кем-чем-л.; мойнына чыгар сидеть на шее; кирип чыгар зайти, забежать ненадолго куда-л.; колдоҥ чыгар стать независимым; сагыжы чыгар ирсильно испугаться; сӧстӧҥ чыгар ослушатьот ся; тили чыгар начать говорить (о маленьком ребёнке); тыны чыгар 1) обессилеть; 2) испустить дух; куды чыгар сильно испугаться; сӧстӧҥ чыкпас послушный; чык чыгарбас скупой; Кайнатса — мӱн чыкпас, каарза —"
19669,5,бажына чыгар разбираться с,бажына чыгар разбираться с,,,"ады чыгар прославиться; аайына чыгар разбираться с кем-чем-л.; бажына чыгар разбираться с кем-чем-л.; jартына чыгар выяснять что-л.; учына чыгар разбираться с кем-чем-л.; мойнына чыгар сидеть на шее; кирип чыгар зайти, забежать ненадолго куда-л.; колдоҥ чыгар стать независимым; сагыжы чыгар ирсильно испугаться; сӧстӧҥ чыгар ослушатьот ся; тили чыгар начать говорить (о маленьком ребёнке); тыны чыгар 1) обессилеть; 2) испустить дух; куды чыгар сильно испугаться; сӧстӧҥ чыкпас послушный; чык чыгарбас скупой; Кайнатса — мӱн чыкпас, каарза —"
19669,6,кем-чем-л.,кемчемл,,,"ады чыгар прославиться; аайына чыгар разбираться с кем-чем-л.; бажына чыгар разбираться с кем-чем-л.; jартына чыгар выяснять что-л.; учына чыгар разбираться с кем-чем-л.; мойнына чыгар сидеть на шее; кирип чыгар зайти, забежать ненадолго куда-л.; колдоҥ чыгар стать независимым; сагыжы чыгар ирсильно испугаться; сӧстӧҥ чыгар ослушатьот ся; тили чыгар начать говорить (о маленьком ребёнке); тыны чыгар 1) обессилеть; 2) испустить дух; куды чыгар сильно испугаться; сӧстӧҥ чыкпас послушный; чык чыгарбас скупой; Кайнатса — мӱн чыкпас, каарза —"
19669,7,jартына чыгар выяснять что-л.,jартына чыгар выяснять чтол,,,"ады чыгар прославиться; аайына чыгар разбираться с кем-чем-л.; бажына чыгар разбираться с кем-чем-л.; jартына чыгар выяснять что-л.; учына чыгар разбираться с кем-чем-л.; мойнына чыгар сидеть на шее; кирип чыгар зайти, забежать ненадолго куда-л.; колдоҥ чыгар стать независимым; сагыжы чыгар ирсильно испугаться; сӧстӧҥ чыгар ослушатьот ся; тили чыгар начать говорить (о маленьком ребёнке); тыны чыгар 1) обессилеть; 2) испустить дух; куды чыгар сильно испугаться; сӧстӧҥ чыкпас послушный; чык чыгарбас скупой; Кайнатса — мӱн чыкпас, каарза —"
19669,8,учына чыгар разбираться с кем-чем-л.,учына чыгар разбираться с кемчемл,,,"ады чыгар прославиться; аайына чыгар разбираться с кем-чем-л.; бажына чыгар разбираться с кем-чем-л.; jартына чыгар выяснять что-л.; учына чыгар разбираться с кем-чем-л.; мойнына чыгар сидеть на шее; кирип чыгар зайти, забежать ненадолго куда-л.; колдоҥ чыгар стать независимым; сагыжы чыгар ирсильно испугаться; сӧстӧҥ чыгар ослушатьот ся; тили чыгар начать говорить (о маленьком ребёнке); тыны чыгар 1) обессилеть; 2) испустить дух; куды чыгар сильно испугаться; сӧстӧҥ чыкпас послушный; чык чыгарбас скупой; Кайнатса — мӱн чыкпас, каарза —"
19669,9,мой-,мой,,,"ады чыгар прославиться; аайына чыгар разбираться с кем-чем-л.; бажына чыгар разбираться с кем-чем-л.; jартына чыгар выяснять что-л.; учына чыгар разбираться с кем-чем-л.; мойнына чыгар сидеть на шее; кирип чыгар зайти, забежать ненадолго куда-л.; колдоҥ чыгар стать независимым; сагыжы чыгар ирсильно испугаться; сӧстӧҥ чыгар ослушатьот ся; тили чыгар начать говорить (о маленьком ребёнке); тыны чыгар 1) обессилеть; 2) испустить дух; куды чыгар сильно испугаться; сӧстӧҥ чыкпас послушный; чык чыгарбас скупой; Кайнатса — мӱн чыкпас, каарза —"
19669,10,нына чыгар сидеть на шее,нына чыгар сидеть на шее,,,"ады чыгар прославиться; аайына чыгар разбираться с кем-чем-л.; бажына чыгар разбираться с кем-чем-л.; jартына чыгар выяснять что-л.; учына чыгар разбираться с кем-чем-л.; мойнына чыгар сидеть на шее; кирип чыгар зайти, забежать ненадолго куда-л.; колдоҥ чыгар стать независимым; сагыжы чыгар ирсильно испугаться; сӧстӧҥ чыгар ослушатьот ся; тили чыгар начать говорить (о маленьком ребёнке); тыны чыгар 1) обессилеть; 2) испустить дух; куды чыгар сильно испугаться; сӧстӧҥ чыкпас послушный; чык чыгарбас скупой; Кайнатса — мӱн чыкпас, каарза —"
19669,11,кирип чыгар,кирип чыгар,,,"ады чыгар прославиться; аайына чыгар разбираться с кем-чем-л.; бажына чыгар разбираться с кем-чем-л.; jартына чыгар выяснять что-л.; учына чыгар разбираться с кем-чем-л.; мойнына чыгар сидеть на шее; кирип чыгар зайти, забежать ненадолго куда-л.; колдоҥ чыгар стать независимым; сагыжы чыгар ирсильно испугаться; сӧстӧҥ чыгар ослушатьот ся; тили чыгар начать говорить (о маленьком ребёнке); тыны чыгар 1) обессилеть; 2) испустить дух; куды чыгар сильно испугаться; сӧстӧҥ чыкпас послушный; чык чыгарбас скупой; Кайнатса — мӱн чыкпас, каарза —"
19669,12,"зайти, забежать ненадолго куда-л.",зайти забежать ненадолго кудал,,,"ады чыгар прославиться; аайына чыгар разбираться с кем-чем-л.; бажына чыгар разбираться с кем-чем-л.; jартына чыгар выяснять что-л.; учына чыгар разбираться с кем-чем-л.; мойнына чыгар сидеть на шее; кирип чыгар зайти, забежать ненадолго куда-л.; колдоҥ чыгар стать независимым; сагыжы чыгар ирсильно испугаться; сӧстӧҥ чыгар ослушатьот ся; тили чыгар начать говорить (о маленьком ребёнке); тыны чыгар 1) обессилеть; 2) испустить дух; куды чыгар сильно испугаться; сӧстӧҥ чыкпас послушный; чык чыгарбас скупой; Кайнатса — мӱн чыкпас, каарза —"
19669,13,колдоҥ,колдоҥ,,,"ады чыгар прославиться; аайына чыгар разбираться с кем-чем-л.; бажына чыгар разбираться с кем-чем-л.; jартына чыгар выяснять что-л.; учына чыгар разбираться с кем-чем-л.; мойнына чыгар сидеть на шее; кирип чыгар зайти, забежать ненадолго куда-л.; колдоҥ чыгар стать независимым; сагыжы чыгар ирсильно испугаться; сӧстӧҥ чыгар ослушатьот ся; тили чыгар начать говорить (о маленьком ребёнке); тыны чыгар 1) обессилеть; 2) испустить дух; куды чыгар сильно испугаться; сӧстӧҥ чыкпас послушный; чык чыгарбас скупой; Кайнатса — мӱн чыкпас, каарза —"
19669,14,чыгар стать независимым,чыгар стать независимым,,,"ады чыгар прославиться; аайына чыгар разбираться с кем-чем-л.; бажына чыгар разбираться с кем-чем-л.; jартына чыгар выяснять что-л.; учына чыгар разбираться с кем-чем-л.; мойнына чыгар сидеть на шее; кирип чыгар зайти, забежать ненадолго куда-л.; колдоҥ чыгар стать независимым; сагыжы чыгар ирсильно испугаться; сӧстӧҥ чыгар ослушатьот ся; тили чыгар начать говорить (о маленьком ребёнке); тыны чыгар 1) обессилеть; 2) испустить дух; куды чыгар сильно испугаться; сӧстӧҥ чыкпас послушный; чык чыгарбас скупой; Кайнатса — мӱн чыкпас, каарза —"
19669,15,сагыжы чыгар,сагыжы чыгар,,,"ады чыгар прославиться; аайына чыгар разбираться с кем-чем-л.; бажына чыгар разбираться с кем-чем-л.; jартына чыгар выяснять что-л.; учына чыгар разбираться с кем-чем-л.; мойнына чыгар сидеть на шее; кирип чыгар зайти, забежать ненадолго куда-л.; колдоҥ чыгар стать независимым; сагыжы чыгар ирсильно испугаться; сӧстӧҥ чыгар ослушатьот ся; тили чыгар начать говорить (о маленьком ребёнке); тыны чыгар 1) обессилеть; 2) испустить дух; куды чыгар сильно испугаться; сӧстӧҥ чыкпас послушный; чык чыгарбас скупой; Кайнатса — мӱн чыкпас, каарза —"
19669,16,ирсильно испугаться,ир сильно испугаться,,,"ады чыгар прославиться; аайына чыгар разбираться с кем-чем-л.; бажына чыгар разбираться с кем-чем-л.; jартына чыгар выяснять что-л.; учына чыгар разбираться с кем-чем-л.; мойнына чыгар сидеть на шее; кирип чыгар зайти, забежать ненадолго куда-л.; колдоҥ чыгар стать независимым; сагыжы чыгар ирсильно испугаться; сӧстӧҥ чыгар ослушатьот ся; тили чыгар начать говорить (о маленьком ребёнке); тыны чыгар 1) обессилеть; 2) испустить дух; куды чыгар сильно испугаться; сӧстӧҥ чыкпас послушный; чык чыгарбас скупой; Кайнатса — мӱн чыкпас, каарза —"
19669,17,сӧстӧҥ чыгар ослушать-,сӧстӧҥ чыгар ослушать,,,"ады чыгар прославиться; аайына чыгар разбираться с кем-чем-л.; бажына чыгар разбираться с кем-чем-л.; jартына чыгар выяснять что-л.; учына чыгар разбираться с кем-чем-л.; мойнына чыгар сидеть на шее; кирип чыгар зайти, забежать ненадолго куда-л.; колдоҥ чыгар стать независимым; сагыжы чыгар ирсильно испугаться; сӧстӧҥ чыгар ослушатьот ся; тили чыгар начать говорить (о маленьком ребёнке); тыны чыгар 1) обессилеть; 2) испустить дух; куды чыгар сильно испугаться; сӧстӧҥ чыкпас послушный; чык чыгарбас скупой; Кайнатса — мӱн чыкпас, каарза —"
19669,18,от ся,от ся,,,"ады чыгар прославиться; аайына чыгар разбираться с кем-чем-л.; бажына чыгар разбираться с кем-чем-л.; jартына чыгар выяснять что-л.; учына чыгар разбираться с кем-чем-л.; мойнына чыгар сидеть на шее; кирип чыгар зайти, забежать ненадолго куда-л.; колдоҥ чыгар стать независимым; сагыжы чыгар ирсильно испугаться; сӧстӧҥ чыгар ослушатьот ся; тили чыгар начать говорить (о маленьком ребёнке); тыны чыгар 1) обессилеть; 2) испустить дух; куды чыгар сильно испугаться; сӧстӧҥ чыкпас послушный; чык чыгарбас скупой; Кайнатса — мӱн чыкпас, каарза —"
19669,19,тили чыгар начать говорить (о маленьком,тили чыгар начать говорить о маленьком,,,"ады чыгар прославиться; аайына чыгар разбираться с кем-чем-л.; бажына чыгар разбираться с кем-чем-л.; jартына чыгар выяснять что-л.; учына чыгар разбираться с кем-чем-л.; мойнына чыгар сидеть на шее; кирип чыгар зайти, забежать ненадолго куда-л.; колдоҥ чыгар стать независимым; сагыжы чыгар ирсильно испугаться; сӧстӧҥ чыгар ослушатьот ся; тили чыгар начать говорить (о маленьком ребёнке); тыны чыгар 1) обессилеть; 2) испустить дух; куды чыгар сильно испугаться; сӧстӧҥ чыкпас послушный; чык чыгарбас скупой; Кайнатса — мӱн чыкпас, каарза —"
19669,20,ребёнке),ребёнке,,,"ады чыгар прославиться; аайына чыгар разбираться с кем-чем-л.; бажына чыгар разбираться с кем-чем-л.; jартына чыгар выяснять что-л.; учына чыгар разбираться с кем-чем-л.; мойнына чыгар сидеть на шее; кирип чыгар зайти, забежать ненадолго куда-л.; колдоҥ чыгар стать независимым; сагыжы чыгар ирсильно испугаться; сӧстӧҥ чыгар ослушатьот ся; тили чыгар начать говорить (о маленьком ребёнке); тыны чыгар 1) обессилеть; 2) испустить дух; куды чыгар сильно испугаться; сӧстӧҥ чыкпас послушный; чык чыгарбас скупой; Кайнатса — мӱн чыкпас, каарза —"
19669,21,тыны чыгар 1) обессилеть,тыны чыгар 1 обессилеть,,,"ады чыгар прославиться; аайына чыгар разбираться с кем-чем-л.; бажына чыгар разбираться с кем-чем-л.; jартына чыгар выяснять что-л.; учына чыгар разбираться с кем-чем-л.; мойнына чыгар сидеть на шее; кирип чыгар зайти, забежать ненадолго куда-л.; колдоҥ чыгар стать независимым; сагыжы чыгар ирсильно испугаться; сӧстӧҥ чыгар ослушатьот ся; тили чыгар начать говорить (о маленьком ребёнке); тыны чыгар 1) обессилеть; 2) испустить дух; куды чыгар сильно испугаться; сӧстӧҥ чыкпас послушный; чык чыгарбас скупой; Кайнатса — мӱн чыкпас, каарза —"
19669,22,2) ис-,2 ис,,,"ады чыгар прославиться; аайына чыгар разбираться с кем-чем-л.; бажына чыгар разбираться с кем-чем-л.; jартына чыгар выяснять что-л.; учына чыгар разбираться с кем-чем-л.; мойнына чыгар сидеть на шее; кирип чыгар зайти, забежать ненадолго куда-л.; колдоҥ чыгар стать независимым; сагыжы чыгар ирсильно испугаться; сӧстӧҥ чыгар ослушатьот ся; тили чыгар начать говорить (о маленьком ребёнке); тыны чыгар 1) обессилеть; 2) испустить дух; куды чыгар сильно испугаться; сӧстӧҥ чыкпас послушный; чык чыгарбас скупой; Кайнатса — мӱн чыкпас, каарза —"
19669,23,пустить дух,пустить дух,,,"ады чыгар прославиться; аайына чыгар разбираться с кем-чем-л.; бажына чыгар разбираться с кем-чем-л.; jартына чыгар выяснять что-л.; учына чыгар разбираться с кем-чем-л.; мойнына чыгар сидеть на шее; кирип чыгар зайти, забежать ненадолго куда-л.; колдоҥ чыгар стать независимым; сагыжы чыгар ирсильно испугаться; сӧстӧҥ чыгар ослушатьот ся; тили чыгар начать говорить (о маленьком ребёнке); тыны чыгар 1) обессилеть; 2) испустить дух; куды чыгар сильно испугаться; сӧстӧҥ чыкпас послушный; чык чыгарбас скупой; Кайнатса — мӱн чыкпас, каарза —"
19669,24,куды чыгар сильно испугаться,куды чыгар сильно испугаться,,,"ады чыгар прославиться; аайына чыгар разбираться с кем-чем-л.; бажына чыгар разбираться с кем-чем-л.; jартына чыгар выяснять что-л.; учына чыгар разбираться с кем-чем-л.; мойнына чыгар сидеть на шее; кирип чыгар зайти, забежать ненадолго куда-л.; колдоҥ чыгар стать независимым; сагыжы чыгар ирсильно испугаться; сӧстӧҥ чыгар ослушатьот ся; тили чыгар начать говорить (о маленьком ребёнке); тыны чыгар 1) обессилеть; 2) испустить дух; куды чыгар сильно испугаться; сӧстӧҥ чыкпас послушный; чык чыгарбас скупой; Кайнатса — мӱн чыкпас, каарза —"
19669,25,сӧстӧҥ чыкпас послушный,сӧстӧҥ чыкпас послушный,,,"ады чыгар прославиться; аайына чыгар разбираться с кем-чем-л.; бажына чыгар разбираться с кем-чем-л.; jартына чыгар выяснять что-л.; учына чыгар разбираться с кем-чем-л.; мойнына чыгар сидеть на шее; кирип чыгар зайти, забежать ненадолго куда-л.; колдоҥ чыгар стать независимым; сагыжы чыгар ирсильно испугаться; сӧстӧҥ чыгар ослушатьот ся; тили чыгар начать говорить (о маленьком ребёнке); тыны чыгар 1) обессилеть; 2) испустить дух; куды чыгар сильно испугаться; сӧстӧҥ чыкпас послушный; чык чыгарбас скупой; Кайнатса — мӱн чыкпас, каарза —"
19669,26,чык чыгарбас,чык чыгарбас,,,"ады чыгар прославиться; аайына чыгар разбираться с кем-чем-л.; бажына чыгар разбираться с кем-чем-л.; jартына чыгар выяснять что-л.; учына чыгар разбираться с кем-чем-л.; мойнына чыгар сидеть на шее; кирип чыгар зайти, забежать ненадолго куда-л.; колдоҥ чыгар стать независимым; сагыжы чыгар ирсильно испугаться; сӧстӧҥ чыгар ослушатьот ся; тили чыгар начать говорить (о маленьком ребёнке); тыны чыгар 1) обессилеть; 2) испустить дух; куды чыгар сильно испугаться; сӧстӧҥ чыкпас послушный; чык чыгарбас скупой; Кайнатса — мӱн чыкпас, каарза —"
19669,27,скупой,скупой,,,"ады чыгар прославиться; аайына чыгар разбираться с кем-чем-л.; бажына чыгар разбираться с кем-чем-л.; jартына чыгар выяснять что-л.; учына чыгар разбираться с кем-чем-л.; мойнына чыгар сидеть на шее; кирип чыгар зайти, забежать ненадолго куда-л.; колдоҥ чыгар стать независимым; сагыжы чыгар ирсильно испугаться; сӧстӧҥ чыгар ослушатьот ся; тили чыгар начать говорить (о маленьком ребёнке); тыны чыгар 1) обессилеть; 2) испустить дух; куды чыгар сильно испугаться; сӧстӧҥ чыкпас послушный; чык чыгарбас скупой; Кайнатса — мӱн чыкпас, каарза —"
19669,28,Кайнатса,кайнатса,"мӱн чыкпас, каарза —",,"ады чыгар прославиться; аайына чыгар разбираться с кем-чем-л.; бажына чыгар разбираться с кем-чем-л.; jартына чыгар выяснять что-л.; учына чыгар разбираться с кем-чем-л.; мойнына чыгар сидеть на шее; кирип чыгар зайти, забежать ненадолго куда-л.; колдоҥ чыгар стать независимым; сагыжы чыгар ирсильно испугаться; сӧстӧҥ чыгар ослушатьот ся; тили чыгар начать говорить (о маленьком ребёнке); тыны чыгар 1) обессилеть; 2) испустить дух; куды чыгар сильно испугаться; сӧстӧҥ чыкпас послушный; чык чыгарбас скупой; Кайнатса — мӱн чыкпас, каарза —"
19722,1,бӧрӱ-чылбазы бот. вол-,бӧрӱчылбазы бот вол,,,"бӧрӱ-чылбазы бот. волчье лыко, плоховец, пухляк"
19722,2,"чье лыко, плоховец, пухляк",чье лыко плоховец пухляк,,,"бӧрӱ-чылбазы бот. волчье лыко, плоховец, пухляк"
19742,1,чым да этпес 1) не шелохнуться,чым да этпес 1 не шелохнуться,,,чым да этпес 1) не шелохнуться; 2) не реагировать
19742,2,2) не реагировать,2 не реагировать,,,чым да этпес 1) не шелохнуться; 2) не реагировать
19762,1,кӱл-чымыл мошка,кӱлчымыл мошка,,,кӱл-чымыл мошка
19784,1,чын jер загробный мир,чын jер загробный мир,,,"чын jер загробный мир; Чын сӧс алтыннаҥ баалу (Погов.) Правдивое слово дороже золота; Чын кӱннеҥ јаркынду (Погов.) Правда ярче солнца; Чынды айдарга кӧп сӧс керек jок (Погов.) Чтобы сказать правду много слов не надо; чын да вводн. сл. действительно, в самом деле; чынын айткажын (чынын айтса, чынын айдар болзо) вводн. сл. по правде говоря, если честно, честно сказать"
19784,2,Чын сӧс,чын сӧс,,,"чын jер загробный мир; Чын сӧс алтыннаҥ баалу (Погов.) Правдивое слово дороже золота; Чын кӱннеҥ јаркынду (Погов.) Правда ярче солнца; Чынды айдарга кӧп сӧс керек jок (Погов.) Чтобы сказать правду много слов не надо; чын да вводн. сл. действительно, в самом деле; чынын айткажын (чынын айтса, чынын айдар болзо) вводн. сл. по правде говоря, если честно, честно сказать"
19784,3,алтыннаҥ баалу (Погов.) Правдивое слово,алтыннаҥ баалу погов правдивое слово,,,"чын jер загробный мир; Чын сӧс алтыннаҥ баалу (Погов.) Правдивое слово дороже золота; Чын кӱннеҥ јаркынду (Погов.) Правда ярче солнца; Чынды айдарга кӧп сӧс керек jок (Погов.) Чтобы сказать правду много слов не надо; чын да вводн. сл. действительно, в самом деле; чынын айткажын (чынын айтса, чынын айдар болзо) вводн. сл. по правде говоря, если честно, честно сказать"
19784,4,дороже золота,дороже золота,,,"чын jер загробный мир; Чын сӧс алтыннаҥ баалу (Погов.) Правдивое слово дороже золота; Чын кӱннеҥ јаркынду (Погов.) Правда ярче солнца; Чынды айдарга кӧп сӧс керек jок (Погов.) Чтобы сказать правду много слов не надо; чын да вводн. сл. действительно, в самом деле; чынын айткажын (чынын айтса, чынын айдар болзо) вводн. сл. по правде говоря, если честно, честно сказать"
19784,5,Чын кӱннеҥ јаркынду (По-,чын кӱннеҥ јаркынду по,,,"чын jер загробный мир; Чын сӧс алтыннаҥ баалу (Погов.) Правдивое слово дороже золота; Чын кӱннеҥ јаркынду (Погов.) Правда ярче солнца; Чынды айдарга кӧп сӧс керек jок (Погов.) Чтобы сказать правду много слов не надо; чын да вводн. сл. действительно, в самом деле; чынын айткажын (чынын айтса, чынын айдар болзо) вводн. сл. по правде говоря, если честно, честно сказать"
19784,6,гов.) Правда ярче солнца,гов правда ярче солнца,,,"чын jер загробный мир; Чын сӧс алтыннаҥ баалу (Погов.) Правдивое слово дороже золота; Чын кӱннеҥ јаркынду (Погов.) Правда ярче солнца; Чынды айдарга кӧп сӧс керек jок (Погов.) Чтобы сказать правду много слов не надо; чын да вводн. сл. действительно, в самом деле; чынын айткажын (чынын айтса, чынын айдар болзо) вводн. сл. по правде говоря, если честно, честно сказать"
19784,7,Чынды айдарга,чынды айдарга,,,"чын jер загробный мир; Чын сӧс алтыннаҥ баалу (Погов.) Правдивое слово дороже золота; Чын кӱннеҥ јаркынду (Погов.) Правда ярче солнца; Чынды айдарга кӧп сӧс керек jок (Погов.) Чтобы сказать правду много слов не надо; чын да вводн. сл. действительно, в самом деле; чынын айткажын (чынын айтса, чынын айдар болзо) вводн. сл. по правде говоря, если честно, честно сказать"
19784,8,кӧп сӧс керек jок (Погов.) Чтобы сказать,кӧп сӧс керек jок погов чтобы сказать,,,"чын jер загробный мир; Чын сӧс алтыннаҥ баалу (Погов.) Правдивое слово дороже золота; Чын кӱннеҥ јаркынду (Погов.) Правда ярче солнца; Чынды айдарга кӧп сӧс керек jок (Погов.) Чтобы сказать правду много слов не надо; чын да вводн. сл. действительно, в самом деле; чынын айткажын (чынын айтса, чынын айдар болзо) вводн. сл. по правде говоря, если честно, честно сказать"
19784,9,правду много слов не надо,правду много слов не надо,,,"чын jер загробный мир; Чын сӧс алтыннаҥ баалу (Погов.) Правдивое слово дороже золота; Чын кӱннеҥ јаркынду (Погов.) Правда ярче солнца; Чынды айдарга кӧп сӧс керек jок (Погов.) Чтобы сказать правду много слов не надо; чын да вводн. сл. действительно, в самом деле; чынын айткажын (чынын айтса, чынын айдар болзо) вводн. сл. по правде говоря, если честно, честно сказать"
19784,10,чын да вводн. сл.,чын да вводн сл,,,"чын jер загробный мир; Чын сӧс алтыннаҥ баалу (Погов.) Правдивое слово дороже золота; Чын кӱннеҥ јаркынду (Погов.) Правда ярче солнца; Чынды айдарга кӧп сӧс керек jок (Погов.) Чтобы сказать правду много слов не надо; чын да вводн. сл. действительно, в самом деле; чынын айткажын (чынын айтса, чынын айдар болзо) вводн. сл. по правде говоря, если честно, честно сказать"
19784,11,"действительно, в самом деле",действительно в самом деле,,,"чын jер загробный мир; Чын сӧс алтыннаҥ баалу (Погов.) Правдивое слово дороже золота; Чын кӱннеҥ јаркынду (Погов.) Правда ярче солнца; Чынды айдарга кӧп сӧс керек jок (Погов.) Чтобы сказать правду много слов не надо; чын да вводн. сл. действительно, в самом деле; чынын айткажын (чынын айтса, чынын айдар болзо) вводн. сл. по правде говоря, если честно, честно сказать"
19784,12,чынын айт-,чынын айт,,,"чын jер загробный мир; Чын сӧс алтыннаҥ баалу (Погов.) Правдивое слово дороже золота; Чын кӱннеҥ јаркынду (Погов.) Правда ярче солнца; Чынды айдарга кӧп сӧс керек jок (Погов.) Чтобы сказать правду много слов не надо; чын да вводн. сл. действительно, в самом деле; чынын айткажын (чынын айтса, чынын айдар болзо) вводн. сл. по правде говоря, если честно, честно сказать"
19784,13,"кажын (чынын айтса, чынын айдар бол-",кажын чынын айтса чынын айдар бол,,,"чын jер загробный мир; Чын сӧс алтыннаҥ баалу (Погов.) Правдивое слово дороже золота; Чын кӱннеҥ јаркынду (Погов.) Правда ярче солнца; Чынды айдарга кӧп сӧс керек jок (Погов.) Чтобы сказать правду много слов не надо; чын да вводн. сл. действительно, в самом деле; чынын айткажын (чынын айтса, чынын айдар болзо) вводн. сл. по правде говоря, если честно, честно сказать"
19784,14,"зо) вводн. сл. по правде говоря, если честно,",зо вводн сл по правде говоря если честно,,,"чын jер загробный мир; Чын сӧс алтыннаҥ баалу (Погов.) Правдивое слово дороже золота; Чын кӱннеҥ јаркынду (Погов.) Правда ярче солнца; Чынды айдарга кӧп сӧс керек jок (Погов.) Чтобы сказать правду много слов не надо; чын да вводн. сл. действительно, в самом деле; чынын айткажын (чынын айтса, чынын айдар болзо) вводн. сл. по правде говоря, если честно, честно сказать"
19784,15,честно сказать,честно сказать,,,"чын jер загробный мир; Чын сӧс алтыннаҥ баалу (Погов.) Правдивое слово дороже золота; Чын кӱннеҥ јаркынду (Погов.) Правда ярче солнца; Чынды айдарга кӧп сӧс керек jок (Погов.) Чтобы сказать правду много слов не надо; чын да вводн. сл. действительно, в самом деле; чынын айткажын (чынын айтса, чынын айдар болзо) вводн. сл. по правде говоря, если честно, честно сказать"
19800,1,чын-,чын,,,"чындап айтса вводн. сл. по правде говоря, если честно, честно сказать; чындап алгажын вводн. сл. по правде говоря, если честно, честно сказать; чындап та вводн. сл. и вправду, действительно"
19800,2,"дап айтса вводн. сл. по правде говоря, если",дап айтса вводн сл по правде говоря если,,,"чындап айтса вводн. сл. по правде говоря, если честно, честно сказать; чындап алгажын вводн. сл. по правде говоря, если честно, честно сказать; чындап та вводн. сл. и вправду, действительно"
19800,3,"честно, честно сказать",честно честно сказать,,,"чындап айтса вводн. сл. по правде говоря, если честно, честно сказать; чындап алгажын вводн. сл. по правде говоря, если честно, честно сказать; чындап та вводн. сл. и вправду, действительно"
19800,4,чындап алгажын,чындап алгажын,,,"чындап айтса вводн. сл. по правде говоря, если честно, честно сказать; чындап алгажын вводн. сл. по правде говоря, если честно, честно сказать; чындап та вводн. сл. и вправду, действительно"
19800,5,"вводн. сл. по правде говоря, если честно, чест-",вводн сл по правде говоря если честно чест,,,"чындап айтса вводн. сл. по правде говоря, если честно, честно сказать; чындап алгажын вводн. сл. по правде говоря, если честно, честно сказать; чындап та вводн. сл. и вправду, действительно"
19800,6,но сказать,но сказать,,,"чындап айтса вводн. сл. по правде говоря, если честно, честно сказать; чындап алгажын вводн. сл. по правде говоря, если честно, честно сказать; чындап та вводн. сл. и вправду, действительно"
19800,7,"чындап та вводн. сл. и вправду,",чындап та вводн сл и вправду,,,"чындап айтса вводн. сл. по правде говоря, если честно, честно сказать; чындап алгажын вводн. сл. по правде говоря, если честно, честно сказать; чындап та вводн. сл. и вправду, действительно"
19800,8,действительно,действительно,,,"чындап айтса вводн. сл. по правде говоря, если честно, честно сказать; чындап алгажын вводн. сл. по правде говоря, если честно, честно сказать; чындап та вводн. сл. и вправду, действительно"
19803,1,чындык jер загробный,чындык jер загробный,,,чындык jер загробный
19817,1,чынын-,чынын,,,чынынкаче-
19817,2,каче-,каче,,,чынынкаче-
19825,1,Айткан сӧстиҥ кы-,айткан сӧстиҥ кы,,,"Айткан сӧстиҥ кысказы jакшы, бӱдӱрген иштиҥ чыҥдыйы jакшы (Погов.) Хороша краткость речи, хорошо качество сделанной работы"
19825,2,"сказы jакшы, бӱдӱрген иштиҥ чыҥдыйы",сказы jакшы бӱдӱрген иштиҥ чыҥдыйы,,,"Айткан сӧстиҥ кысказы jакшы, бӱдӱрген иштиҥ чыҥдыйы jакшы (Погов.) Хороша краткость речи, хорошо качество сделанной работы"
19825,3,"jакшы (Погов.) Хороша краткость речи, хо-",jакшы погов хороша краткость речи хо,,,"Айткан сӧстиҥ кысказы jакшы, бӱдӱрген иштиҥ чыҥдыйы jакшы (Погов.) Хороша краткость речи, хорошо качество сделанной работы"
19825,4,рошо качество сделанной работы,рошо качество сделанной работы,,,"Айткан сӧстиҥ кысказы jакшы, бӱдӱрген иштиҥ чыҥдыйы jакшы (Погов.) Хороша краткость речи, хорошо качество сделанной работы"
19836,1,Кӧрӱктиҥ куй-,кӧрӱктиҥ куй,,,"Кӧрӱктиҥ куйругы чыптык болзо — аш коомой бӱдер, барбак болзо — јакшы бӱдер (Примета)"
19836,2,ругы чыптык болзо,ругы чыптык болзо,"аш коомой бӱдер,",,"Кӧрӱктиҥ куйругы чыптык болзо — аш коомой бӱдер, барбак болзо — јакшы бӱдер (Примета)"
19836,3,барбак болзо,барбак болзо,јакшы бӱдер (Примета),,"Кӧрӱктиҥ куйругы чыптык болзо — аш коомой бӱдер, барбак болзо — јакшы бӱдер (Примета)"
19845,1,калыҥ,калыҥ,,,"калыҥ чырай бессовестный; кату чырай строгий, сердитый; тизе чырай выразительный, впечатлительный; чырайы чыгар осунуться; чырайы кирер поправиться, выздороветь"
19845,2,чырай бессовестный,чырай бессовестный,,,"калыҥ чырай бессовестный; кату чырай строгий, сердитый; тизе чырай выразительный, впечатлительный; чырайы чыгар осунуться; чырайы кирер поправиться, выздороветь"
19845,3,"кату чырай строгий,",кату чырай строгий,,,"калыҥ чырай бессовестный; кату чырай строгий, сердитый; тизе чырай выразительный, впечатлительный; чырайы чыгар осунуться; чырайы кирер поправиться, выздороветь"
19845,4,сердитый,сердитый,,,"калыҥ чырай бессовестный; кату чырай строгий, сердитый; тизе чырай выразительный, впечатлительный; чырайы чыгар осунуться; чырайы кирер поправиться, выздороветь"
19845,5,"тизе чырай выразительный, впе-",тизе чырай выразительный впе,,,"калыҥ чырай бессовестный; кату чырай строгий, сердитый; тизе чырай выразительный, впечатлительный; чырайы чыгар осунуться; чырайы кирер поправиться, выздороветь"
19845,6,чатлительный,чатлительный,,,"калыҥ чырай бессовестный; кату чырай строгий, сердитый; тизе чырай выразительный, впечатлительный; чырайы чыгар осунуться; чырайы кирер поправиться, выздороветь"
19845,7,чырайы чыгар осунуться,чырайы чыгар осунуться,,,"калыҥ чырай бессовестный; кату чырай строгий, сердитый; тизе чырай выразительный, впечатлительный; чырайы чыгар осунуться; чырайы кирер поправиться, выздороветь"
19845,8,"чырайы кирер поправиться, выздороветь",чырайы кирер поправиться выздороветь,,,"калыҥ чырай бессовестный; кату чырай строгий, сердитый; тизе чырай выразительный, впечатлительный; чырайы чыгар осунуться; чырайы кирер поправиться, выздороветь"
19941,1,"Чычкакчыны ийт ээчиир,",чычкакчыны ийт ээчиир,,,"Чычкакчыны ийт ээчиир, кычыны эр ээчиир (Погов.) За страдающим от поноса собака последует, за любящей яться мужчина последует"
19941,2,кычыны эр ээчиир (Погов.) За страдающим,кычыны эр ээчиир погов за страдающим,,,"Чычкакчыны ийт ээчиир, кычыны эр ээчиир (Погов.) За страдающим от поноса собака последует, за любящей яться мужчина последует"
19941,3,"от поноса собака последует, за любящей",от поноса собака последует за любящей,,,"Чычкакчыны ийт ээчиир, кычыны эр ээчиир (Погов.) За страдающим от поноса собака последует, за любящей яться мужчина последует"
19941,4,яться мужчина последует,яться мужчина последует,,,"Чычкакчыны ийт ээчиир, кычыны эр ээчиир (Погов.) За страдающим от поноса собака последует, за любящей яться мужчина последует"
19942,1,боро-чычкан,борочычкан,,,"боро-чычкан серая мышь; јер-чычкан (јалаҥ-чычкан) зоол. полевая мышь; суу-чычкан зоол. ная крыса; ак-чычкан зоол. ласка; Чычкан jыл Год Мыши (название первого года надцатилетнего животного цикла); Кискеге — ойын, чычканга — ӧлӱм (Погов.) кошки — игра, для мышки — смерть"
19942,2,серая мышь,серая мышь,,,"боро-чычкан серая мышь; јер-чычкан (јалаҥ-чычкан) зоол. полевая мышь; суу-чычкан зоол. ная крыса; ак-чычкан зоол. ласка; Чычкан jыл Год Мыши (название первого года надцатилетнего животного цикла); Кискеге — ойын, чычканга — ӧлӱм (Погов.) кошки — игра, для мышки — смерть"
19942,3,јер-чычкан (јалаҥ-чычкан),јерчычкан јалаҥчычкан,,,"боро-чычкан серая мышь; јер-чычкан (јалаҥ-чычкан) зоол. полевая мышь; суу-чычкан зоол. ная крыса; ак-чычкан зоол. ласка; Чычкан jыл Год Мыши (название первого года надцатилетнего животного цикла); Кискеге — ойын, чычканга — ӧлӱм (Погов.) кошки — игра, для мышки — смерть"
19942,4,зоол. полевая мышь,зоол полевая мышь,,,"боро-чычкан серая мышь; јер-чычкан (јалаҥ-чычкан) зоол. полевая мышь; суу-чычкан зоол. ная крыса; ак-чычкан зоол. ласка; Чычкан jыл Год Мыши (название первого года надцатилетнего животного цикла); Кискеге — ойын, чычканга — ӧлӱм (Погов.) кошки — игра, для мышки — смерть"
19942,5,суу-чычкан зоол.,суучычкан зоол,,,"боро-чычкан серая мышь; јер-чычкан (јалаҥ-чычкан) зоол. полевая мышь; суу-чычкан зоол. ная крыса; ак-чычкан зоол. ласка; Чычкан jыл Год Мыши (название первого года надцатилетнего животного цикла); Кискеге — ойын, чычканга — ӧлӱм (Погов.) кошки — игра, для мышки — смерть"
19942,6,ная крыса,ная крыса,,,"боро-чычкан серая мышь; јер-чычкан (јалаҥ-чычкан) зоол. полевая мышь; суу-чычкан зоол. ная крыса; ак-чычкан зоол. ласка; Чычкан jыл Год Мыши (название первого года надцатилетнего животного цикла); Кискеге — ойын, чычканга — ӧлӱм (Погов.) кошки — игра, для мышки — смерть"
19942,7,ак-чычкан зоол. ласка,акчычкан зоол ласка,,,"боро-чычкан серая мышь; јер-чычкан (јалаҥ-чычкан) зоол. полевая мышь; суу-чычкан зоол. ная крыса; ак-чычкан зоол. ласка; Чычкан jыл Год Мыши (название первого года надцатилетнего животного цикла); Кискеге — ойын, чычканга — ӧлӱм (Погов.) кошки — игра, для мышки — смерть"
19942,8,Чычкан,чычкан,,,"боро-чычкан серая мышь; јер-чычкан (јалаҥ-чычкан) зоол. полевая мышь; суу-чычкан зоол. ная крыса; ак-чычкан зоол. ласка; Чычкан jыл Год Мыши (название первого года надцатилетнего животного цикла); Кискеге — ойын, чычканга — ӧлӱм (Погов.) кошки — игра, для мышки — смерть"
19942,9,jыл Год Мыши (название первого года,jыл год мыши название первого года,,,"боро-чычкан серая мышь; јер-чычкан (јалаҥ-чычкан) зоол. полевая мышь; суу-чычкан зоол. ная крыса; ак-чычкан зоол. ласка; Чычкан jыл Год Мыши (название первого года надцатилетнего животного цикла); Кискеге — ойын, чычканга — ӧлӱм (Погов.) кошки — игра, для мышки — смерть"
19942,10,надцатилетнего животного цикла),надцатилетнего животного цикла,,,"боро-чычкан серая мышь; јер-чычкан (јалаҥ-чычкан) зоол. полевая мышь; суу-чычкан зоол. ная крыса; ак-чычкан зоол. ласка; Чычкан jыл Год Мыши (название первого года надцатилетнего животного цикла); Кискеге — ойын, чычканга — ӧлӱм (Погов.) кошки — игра, для мышки — смерть"
19942,11,Киске-,киске,,,"боро-чычкан серая мышь; јер-чычкан (јалаҥ-чычкан) зоол. полевая мышь; суу-чычкан зоол. ная крыса; ак-чычкан зоол. ласка; Чычкан jыл Год Мыши (название первого года надцатилетнего животного цикла); Кискеге — ойын, чычканга — ӧлӱм (Погов.) кошки — игра, для мышки — смерть"
19942,12,ге,ге,"ойын, чычканга — ӧлӱм (Погов.)",,"боро-чычкан серая мышь; јер-чычкан (јалаҥ-чычкан) зоол. полевая мышь; суу-чычкан зоол. ная крыса; ак-чычкан зоол. ласка; Чычкан jыл Год Мыши (название первого года надцатилетнего животного цикла); Кискеге — ойын, чычканга — ӧлӱм (Погов.) кошки — игра, для мышки — смерть"
19942,13,кошки,кошки,"игра, для мышки — смерть",,"боро-чычкан серая мышь; јер-чычкан (јалаҥ-чычкан) зоол. полевая мышь; суу-чычкан зоол. ная крыса; ак-чычкан зоол. ласка; Чычкан jыл Год Мыши (название первого года надцатилетнего животного цикла); Кискеге — ойын, чычканга — ӧлӱм (Погов.) кошки — игра, для мышки — смерть"
19993,1,"шайраҥдап базар шляться, бездельничать",шайраҥдап базар шляться бездельничать,,,"шайраҥдап базар шляться, бездельничать"
20083,1,шаҥк эдип унчукпады не издал ни,шаҥк эдип унчукпады не издал ни,,,шаҥк эдип унчукпады не издал ни звука
20083,2,звука,звука,,,шаҥк эдип унчукпады не издал ни звука
20101,1,кулагымда шаҥырайт звенит в ушах,кулагымда шаҥырайт звенит в ушах,,,кулагымда шаҥырайт звенит в ушах
20143,1,бичиктерле шибееленип,бичиктерле шибееленип,,,"бичиктерле шибееленип алган, кычырып отурды отгородившись книгами, читал"
20143,2,"алган, кычырып отурды отгородившись",алган кычырып отурды отгородившись,,,"бичиктерле шибееленип алган, кычырып отурды отгородившись книгами, читал"
20143,3,"книгами, читал",книгами читал,,,"бичиктерле шибееленип алган, кычырып отурды отгородившись книгами, читал"
20354,1,кулагы шуу-,кулагы шуу,,,кулагы шуулар шуметь в ушах
20354,2,лар шуметь в ушах,лар шуметь в ушах,,,кулагы шуулар шуметь в ушах
20362,1,шуултту туйук,шуултту туйук,,,шуултту туйук табыштар лингв. шумные согласные
20362,2,табыштар лингв. шумные согласные,табыштар лингв шумные согласные,,,шуултту туйук табыштар лингв. шумные согласные
20397,1,кӧрӱм-шӱӱлте точка зрения,кӧрӱмшӱӱлте точка зрения,,,"кӧрӱм-шӱӱлте точка зрения; мнение, убеждение; тӱп шӱӱлте основная мысль"
20397,2,"мнение, убеждение",мнение убеждение,,,"кӧрӱм-шӱӱлте точка зрения; мнение, убеждение; тӱп шӱӱлте основная мысль"
20397,3,тӱп шӱӱлте основная,тӱп шӱӱлте основная,,,"кӧрӱм-шӱӱлте точка зрения; мнение, убеждение; тӱп шӱӱлте основная мысль"
20397,4,мысль,мысль,,,"кӧрӱм-шӱӱлте точка зрения; мнение, убеждение; тӱп шӱӱлте основная мысль"
20744,1,ортозы ыраар,ортозы ыраар,,,ортозы ыраар отдалиться друг от друга
20744,2,отдалиться друг от друга,отдалиться друг от друга,,,ортозы ыраар отдалиться друг от друга
20745,1,ыразы кубулган 1) кто-либо,ыразы кубулган 1 ктолибо,,,"ыразы кубулган 1) кто-либо ведёт себя непривычно для себя, странно; 2) что-либо стало непривычным, изменилось (обычно в худшую сторону)"
20745,2,"ведёт себя непривычно для себя, странно",ведёт себя непривычно для себя странно,,,"ыразы кубулган 1) кто-либо ведёт себя непривычно для себя, странно; 2) что-либо стало непривычным, изменилось (обычно в худшую сторону)"
20745,3,"2) что-либо стало непривычным, изменилось",2 чтолибо стало непривычным изменилось,,,"ыразы кубулган 1) кто-либо ведёт себя непривычно для себя, странно; 2) что-либо стало непривычным, изменилось (обычно в худшую сторону)"
20745,4,(обычно в худшую сторону),обычно в худшую сторону,,,"ыразы кубулган 1) кто-либо ведёт себя непривычно для себя, странно; 2) что-либо стало непривычным, изменилось (обычно в худшую сторону)"
20869,1,эдеги бош женщина лёгкого поведения,эдеги бош женщина лёгкого поведения,,,эдеги бош женщина лёгкого поведения
20899,1,Эзи-,эзи,,,Эзирик ле эдреҥкей экилези бир тӱҥей (Погов.)
20899,2,рик ле эдреҥкей экилези бир тӱҥей (Погов.),рик ле эдреҥкей экилези бир тӱҥей погов,,,Эзирик ле эдреҥкей экилези бир тӱҥей (Погов.)
20912,1,эжерлӱ туйуктар грам. парные согласные,эжерлӱ туйуктар грам парные согласные,,,эжерлӱ туйуктар грам. парные согласные -
20912,2,-,-,,,эжерлӱ туйуктар грам. парные согласные -
20914,1,эжигин ай-,эжигин ай,,,эжигин айланар постоянно находиться у дверей когочего-н. (букв. кружиться у дверей)
20914,2,ланар постоянно находиться у дверей кого-,ланар постоянно находиться у дверей кого,,,эжигин айланар постоянно находиться у дверей когочего-н. (букв. кружиться у дверей)
20914,3,чего-н. (букв. кружиться у дверей),чегон букв кружиться у дверей,,,эжигин айланар постоянно находиться у дверей когочего-н. (букв. кружиться у дверей)
20922,1,акчага,акчага,,,акчага эжинер купаться в деньгах
20922,2,эжинер купаться в деньгах,эжинер купаться в деньгах,,,акчага эжинер купаться в деньгах
20933,1,эземниҥ бичиги,эземниҥ бичиги,,,эземниҥ бичиги книга памяти
20933,2,книга памяти,книга памяти,,,эземниҥ бичиги книга памяти
20936,1,Эзен болзын! До свидания!,эзен болзын до свидания,,,Эзен болзын! До свидания!
20948,1,эзендик болзын да здравствует,эзендик болзын да здравствует,,,эзендик болзын да здравствует
20958,1,"Эзириктиҥ эжиги тежик, аракычыныҥ",эзириктиҥ эжиги тежик аракычыныҥ,,,"Эзириктиҥ эжиги тежик, аракычыныҥ айлы јут (Посл.) У пьющего дверь дырявая, у пьяницы дом грязный"
20958,2,"айлы јут (Посл.) У пьющего дверь дырявая,",айлы јут посл у пьющего дверь дырявая,,,"Эзириктиҥ эжиги тежик, аракычыныҥ айлы јут (Посл.) У пьющего дверь дырявая, у пьяницы дом грязный"
20958,3,у пьяницы дом грязный,у пьяницы дом грязный,,,"Эзириктиҥ эжиги тежик, аракычыныҥ айлы јут (Посл.) У пьющего дверь дырявая, у пьяницы дом грязный"
20979,1,"эки јӱстӱ двуличный, нена-",эки јӱстӱ двуличный нена,,,"эки јӱстӱ двуличный, ненадёжный"
20979,2,дёжный,дёжный,,,"эки јӱстӱ двуличный, ненадёжный"
20988,1,"экинчи јӱрӱм алынар появляться, возрож-",экинчи јӱрӱм алынар появляться возрож,,,"экинчи јӱрӱм алынар появляться, возрожмоё, даться, развиваться вновь jол"
20988,2,"моё,",моё,,,"экинчи јӱрӱм алынар появляться, возрожмоё, даться, развиваться вновь jол"
20988,3,"даться, развиваться вновь",даться развиваться вновь,,,"экинчи јӱрӱм алынар появляться, возрожмоё, даться, развиваться вновь jол"
20988,4,jол,jол,,,"экинчи јӱрӱм алынар появляться, возрожмоё, даться, развиваться вновь jол"
21024,1,экӱдеҥ экӱ арттыс остались,экӱдеҥ экӱ арттыс остались,,,экӱдеҥ экӱ арттыс остались только вдвоем
21024,2,только вдвоем,только вдвоем,,,экӱдеҥ экӱ арттыс остались только вдвоем
21025,1,"Экӱзи озо јӱгӱрет,",экӱзи озо јӱгӱрет,,,"Экӱзи озо јӱгӱрет, экӱзи кийнинеҥ јӱгӱрет (Заг.) Двое впереди бегут, двое сзади бегут"
21025,2,экӱзи кийнинеҥ јӱгӱрет (Заг.) Двое впереди,экӱзи кийнинеҥ јӱгӱрет заг двое впереди,,,"Экӱзи озо јӱгӱрет, экӱзи кийнинеҥ јӱгӱрет (Заг.) Двое впереди бегут, двое сзади бегут"
21025,3,"бегут, двое сзади бегут",бегут двое сзади бегут,,,"Экӱзи озо јӱгӱрет, экӱзи кийнинеҥ јӱгӱрет (Заг.) Двое впереди бегут, двое сзади бегут"
21034,1,Эл башчы (духовный лидер алтайцев),эл башчы духовный лидер алтайцев,,,Эл башчы (духовный лидер алтайцев); Эл-
21034,2,Эл-,эл,,,Эл башчы (духовный лидер алтайцев); Эл-
21094,1,элес,элес,,,элес
21117,1,элӱ,элӱ,,,"элӱ бӧс (белая ткань длиной 3 метра, которая по традиции алтайской национальной свадьбы первой вносится в дом родителей невесты и вешается на почётном месте в аиле отцом жениха во время церемонии привода молодожёнов в дом родителей невесты); ср. илӱ"
21117,2,"бӧс (белая ткань длиной 3 метра, которая по",бӧс белая ткань длиной 3 метра которая по,,,"элӱ бӧс (белая ткань длиной 3 метра, которая по традиции алтайской национальной свадьбы первой вносится в дом родителей невесты и вешается на почётном месте в аиле отцом жениха во время церемонии привода молодожёнов в дом родителей невесты); ср. илӱ"
21117,3,традиции алтайской национальной свадьбы,традиции алтайской национальной свадьбы,,,"элӱ бӧс (белая ткань длиной 3 метра, которая по традиции алтайской национальной свадьбы первой вносится в дом родителей невесты и вешается на почётном месте в аиле отцом жениха во время церемонии привода молодожёнов в дом родителей невесты); ср. илӱ"
21117,4,первой вносится в дом родителей невесты и,первой вносится в дом родителей невесты и,,,"элӱ бӧс (белая ткань длиной 3 метра, которая по традиции алтайской национальной свадьбы первой вносится в дом родителей невесты и вешается на почётном месте в аиле отцом жениха во время церемонии привода молодожёнов в дом родителей невесты); ср. илӱ"
21117,5,вешается на почётном месте в аиле отцом,вешается на почётном месте в аиле отцом,,,"элӱ бӧс (белая ткань длиной 3 метра, которая по традиции алтайской национальной свадьбы первой вносится в дом родителей невесты и вешается на почётном месте в аиле отцом жениха во время церемонии привода молодожёнов в дом родителей невесты); ср. илӱ"
21117,6,жениха во время церемонии привода молодо-,жениха во время церемонии привода молодо,,,"элӱ бӧс (белая ткань длиной 3 метра, которая по традиции алтайской национальной свадьбы первой вносится в дом родителей невесты и вешается на почётном месте в аиле отцом жениха во время церемонии привода молодожёнов в дом родителей невесты); ср. илӱ"
21117,7,жёнов в дом родителей невесты),жёнов в дом родителей невесты,,,"элӱ бӧс (белая ткань длиной 3 метра, которая по традиции алтайской национальной свадьбы первой вносится в дом родителей невесты и вешается на почётном месте в аиле отцом жениха во время церемонии привода молодожёнов в дом родителей невесты); ср. илӱ"
21117,8,ср. илӱ,ср илӱ,,,"элӱ бӧс (белая ткань длиной 3 метра, которая по традиции алтайской национальной свадьбы первой вносится в дом родителей невесты и вешается на почётном месте в аиле отцом жениха во время церемонии привода молодожёнов в дом родителей невесты); ср. илӱ"
21121,1,эм тура пока,эм тура пока,,,"эм тура пока; Јакару берилген кийнинде, канайдат, мен эм тура бу айылда jалчы кижи, сӧстӧҥ чыгар аргам jок (Б. Укачин) Когда отдан приказ, что делать, я пока в этом доме слуга, не могу ослушаться"
21121,2,Јакару,јакару,,,"эм тура пока; Јакару берилген кийнинде, канайдат, мен эм тура бу айылда jалчы кижи, сӧстӧҥ чыгар аргам jок (Б. Укачин) Когда отдан приказ, что делать, я пока в этом доме слуга, не могу ослушаться"
21121,3,"берилген кийнинде, канайдат, мен эм тура",берилген кийнинде канайдат мен эм тура,,,"эм тура пока; Јакару берилген кийнинде, канайдат, мен эм тура бу айылда jалчы кижи, сӧстӧҥ чыгар аргам jок (Б. Укачин) Когда отдан приказ, что делать, я пока в этом доме слуга, не могу ослушаться"
21121,4,"бу айылда jалчы кижи, сӧстӧҥ чыгар ар-",бу айылда jалчы кижи сӧстӧҥ чыгар ар,,,"эм тура пока; Јакару берилген кийнинде, канайдат, мен эм тура бу айылда jалчы кижи, сӧстӧҥ чыгар аргам jок (Б. Укачин) Когда отдан приказ, что делать, я пока в этом доме слуга, не могу ослушаться"
21121,5,"гам jок (Б. Укачин) Когда отдан приказ, что",гам jок б укачин когда отдан приказ что,,,"эм тура пока; Јакару берилген кийнинде, канайдат, мен эм тура бу айылда jалчы кижи, сӧстӧҥ чыгар аргам jок (Б. Укачин) Когда отдан приказ, что делать, я пока в этом доме слуга, не могу ослушаться"
21121,6,"делать, я пока в этом доме слуга, не могу ос-",делать я пока в этом доме слуга не могу ос,,,"эм тура пока; Јакару берилген кийнинде, канайдат, мен эм тура бу айылда jалчы кижи, сӧстӧҥ чыгар аргам jок (Б. Укачин) Когда отдан приказ, что делать, я пока в этом доме слуга, не могу ослушаться"
21121,7,лушаться,лушаться,,,"эм тура пока; Јакару берилген кийнинде, канайдат, мен эм тура бу айылда jалчы кижи, сӧстӧҥ чыгар аргам jок (Б. Укачин) Когда отдан приказ, что делать, я пока в этом доме слуга, не могу ослушаться"
21139,1,эмдиге,эмдиге,,,"эмдиге jетире до сих пор, до настоящего времени"
21139,2,"jетире до сих пор, до настоящего времени",jетире до сих пор до настоящего времени,,,"эмдиге jетире до сих пор, до настоящего времени"
21143,1,шор эмдик,шор эмдик,,,"шор эмдик лесовершенно дикий, необъезженный (о лошади)"
21143,2,"лесовершенно дикий, необъезженный (о лоша-",ле совершенно дикий необъезженный о лоша,,,"шор эмдик лесовершенно дикий, необъезженный (о лошади)"
21143,3,ди),ди,,,"шор эмдик лесовершенно дикий, необъезженный (о лошади)"
21146,1,эмеген (эмеен) јай бабье лето,эмеген эмеен јай бабье лето,,,эмеген (эмеен) јай бабье лето
21160,1,"Суйук,",суйук,,,"Суйук, је суу эмес, ак, је кар эмес (Заг.) Жидкое, но не вода, белое, но не снег"
21160,2,"је суу эмес, ак, је кар эмес (Заг.) Жидкое, но",је суу эмес ак је кар эмес заг жидкое но,,,"Суйук, је суу эмес, ак, је кар эмес (Заг.) Жидкое, но не вода, белое, но не снег"
21160,3,"не вода, белое, но не снег",не вода белое но не снег,,,"Суйук, је суу эмес, ак, је кар эмес (Заг.) Жидкое, но не вода, белое, но не снег"
21188,1,эмчек бала грудной ребёнок,эмчек бала грудной ребёнок,,,эмчек бала грудной ребёнок; эмчектеҥ рыыр отнимать от груди
21188,2,эмчектеҥ,эмчектеҥ,,,эмчек бала грудной ребёнок; эмчектеҥ рыыр отнимать от груди
21188,3,рыыр отнимать от груди,рыыр отнимать от груди,,,эмчек бала грудной ребёнок; эмчектеҥ рыыр отнимать от груди
21206,1,ӧй эне,ӧй эне,,,"ӧй эне мачеха; кайын эне свекровь; тёща; Энениҥ кӱни День матери; энениҥ капиталы материнский капитал; герой-эне мать-героиня; кин-эне (женщина, которая отрезала пуповину ребёнка)"
21206,2,мачеха,мачеха,,,"ӧй эне мачеха; кайын эне свекровь; тёща; Энениҥ кӱни День матери; энениҥ капиталы материнский капитал; герой-эне мать-героиня; кин-эне (женщина, которая отрезала пуповину ребёнка)"
21206,3,кайын эне свекровь,кайын эне свекровь,,,"ӧй эне мачеха; кайын эне свекровь; тёща; Энениҥ кӱни День матери; энениҥ капиталы материнский капитал; герой-эне мать-героиня; кин-эне (женщина, которая отрезала пуповину ребёнка)"
21206,4,тёща,тёща,,,"ӧй эне мачеха; кайын эне свекровь; тёща; Энениҥ кӱни День матери; энениҥ капиталы материнский капитал; герой-эне мать-героиня; кин-эне (женщина, которая отрезала пуповину ребёнка)"
21206,5,Энениҥ,энениҥ,,,"ӧй эне мачеха; кайын эне свекровь; тёща; Энениҥ кӱни День матери; энениҥ капиталы материнский капитал; герой-эне мать-героиня; кин-эне (женщина, которая отрезала пуповину ребёнка)"
21206,6,кӱни День матери,кӱни день матери,,,"ӧй эне мачеха; кайын эне свекровь; тёща; Энениҥ кӱни День матери; энениҥ капиталы материнский капитал; герой-эне мать-героиня; кин-эне (женщина, которая отрезала пуповину ребёнка)"
21206,7,энениҥ капиталы мате-,энениҥ капиталы мате,,,"ӧй эне мачеха; кайын эне свекровь; тёща; Энениҥ кӱни День матери; энениҥ капиталы материнский капитал; герой-эне мать-героиня; кин-эне (женщина, которая отрезала пуповину ребёнка)"
21206,8,ринский капитал,ринский капитал,,,"ӧй эне мачеха; кайын эне свекровь; тёща; Энениҥ кӱни День матери; энениҥ капиталы материнский капитал; герой-эне мать-героиня; кин-эне (женщина, которая отрезала пуповину ребёнка)"
21206,9,герой-эне мать-героиня,геройэне матьгероиня,,,"ӧй эне мачеха; кайын эне свекровь; тёща; Энениҥ кӱни День матери; энениҥ капиталы материнский капитал; герой-эне мать-героиня; кин-эне (женщина, которая отрезала пуповину ребёнка)"
21206,10,"кин-эне (женщина, которая отрезала пупо-",кинэне женщина которая отрезала пупо,,,"ӧй эне мачеха; кайын эне свекровь; тёща; Энениҥ кӱни День матери; энениҥ капиталы материнский капитал; герой-эне мать-героиня; кин-эне (женщина, которая отрезала пуповину ребёнка)"
21206,11,вину ребёнка),вину ребёнка,,,"ӧй эне мачеха; кайын эне свекровь; тёща; Энениҥ кӱни День матери; энениҥ капиталы материнский капитал; герой-эне мать-героиня; кин-эне (женщина, которая отрезала пуповину ребёнка)"
21228,1,энчи-оору,энчиоору,,,энчи-оору роды
21228,2,роды,роды,,,энчи-оору роды
21240,1,Салкынду,салкынду,,,Салкынду кӱнде энчӱ јок (Погов.) В ветреный день нет покоя
21240,2,кӱнде энчӱ јок (Погов.) В ветреный день нет,кӱнде энчӱ јок погов в ветреный день нет,,,Салкынду кӱнде энчӱ јок (Погов.) В ветреный день нет покоя
21240,3,покоя,покоя,,,Салкынду кӱнде энчӱ јок (Погов.) В ветреный день нет покоя
21257,1,"Эҥир Чолмон Вечерняя звезда, Венера",эҥир чолмон вечерняя звезда венера,,,"Эҥир Чолмон Вечерняя звезда, Венера; кызыл эҥир закат (солнца)"
21257,2,кызыл эҥир закат (солнца),кызыл эҥир закат солнца,,,"Эҥир Чолмон Вечерняя звезда, Венера; кызыл эҥир закат (солнца)"
21260,1,эҥке,эҥке,,,эҥке менди пожелание благоденствия
21260,2,менди пожелание благоденствия,менди пожелание благоденствия,,,эҥке менди пожелание благоденствия
21262,1,эҥмек,эҥмек,,,эҥмек бала ребёнок-ползунок
21262,2,бала ребёнок-ползунок,бала ребёнокползунок,,,эҥмек бала ребёнок-ползунок
21312,1,эптештирер,эптештирер,,,эптештирер јаргы мировой суд
21312,2,јаргы мировой суд,јаргы мировой суд,,,эптештирер јаргы мировой суд
21326,1,эр,эр,,,"эр киндиктӱ (букв. с мужской пуповиной) мужчина, мужского пола; Байзыҥ копчы эмеен эмес, ол эр киндиктӱ кижи туру (К. Ельдепова) Байзын не любопытная женщина, а мужчина (человек мужского пола); эр кемине jеткен (букв. достиг уровня мужчины) совершеннолетний; возмужал; Майну эмди эр кемине јеткен (Б. Укачин) Майну теперь достиг совершеннолетия"
21326,2,киндиктӱ (букв. с мужской пуповиной) муж-,киндиктӱ букв с мужской пуповиной муж,,,"эр киндиктӱ (букв. с мужской пуповиной) мужчина, мужского пола; Байзыҥ копчы эмеен эмес, ол эр киндиктӱ кижи туру (К. Ельдепова) Байзын не любопытная женщина, а мужчина (человек мужского пола); эр кемине jеткен (букв. достиг уровня мужчины) совершеннолетний; возмужал; Майну эмди эр кемине јеткен (Б. Укачин) Майну теперь достиг совершеннолетия"
21326,3,"чина, мужского пола",чина мужского пола,,,"эр киндиктӱ (букв. с мужской пуповиной) мужчина, мужского пола; Байзыҥ копчы эмеен эмес, ол эр киндиктӱ кижи туру (К. Ельдепова) Байзын не любопытная женщина, а мужчина (человек мужского пола); эр кемине jеткен (букв. достиг уровня мужчины) совершеннолетний; возмужал; Майну эмди эр кемине јеткен (Б. Укачин) Майну теперь достиг совершеннолетия"
21326,4,Байзыҥ копчы эмеен,байзыҥ копчы эмеен,,,"эр киндиктӱ (букв. с мужской пуповиной) мужчина, мужского пола; Байзыҥ копчы эмеен эмес, ол эр киндиктӱ кижи туру (К. Ельдепова) Байзын не любопытная женщина, а мужчина (человек мужского пола); эр кемине jеткен (букв. достиг уровня мужчины) совершеннолетний; возмужал; Майну эмди эр кемине јеткен (Б. Укачин) Майну теперь достиг совершеннолетия"
21326,5,"эмес, ол эр киндиктӱ кижи туру (К. Ель-",эмес ол эр киндиктӱ кижи туру к ель,,,"эр киндиктӱ (букв. с мужской пуповиной) мужчина, мужского пола; Байзыҥ копчы эмеен эмес, ол эр киндиктӱ кижи туру (К. Ельдепова) Байзын не любопытная женщина, а мужчина (человек мужского пола); эр кемине jеткен (букв. достиг уровня мужчины) совершеннолетний; возмужал; Майну эмди эр кемине јеткен (Б. Укачин) Майну теперь достиг совершеннолетия"
21326,6,"депова) Байзын не любопытная женщина, а",депова байзын не любопытная женщина а,,,"эр киндиктӱ (букв. с мужской пуповиной) мужчина, мужского пола; Байзыҥ копчы эмеен эмес, ол эр киндиктӱ кижи туру (К. Ельдепова) Байзын не любопытная женщина, а мужчина (человек мужского пола); эр кемине jеткен (букв. достиг уровня мужчины) совершеннолетний; возмужал; Майну эмди эр кемине јеткен (Б. Укачин) Майну теперь достиг совершеннолетия"
21326,7,мужчина (человек мужского пола),мужчина человек мужского пола,,,"эр киндиктӱ (букв. с мужской пуповиной) мужчина, мужского пола; Байзыҥ копчы эмеен эмес, ол эр киндиктӱ кижи туру (К. Ельдепова) Байзын не любопытная женщина, а мужчина (человек мужского пола); эр кемине jеткен (букв. достиг уровня мужчины) совершеннолетний; возмужал; Майну эмди эр кемине јеткен (Б. Укачин) Майну теперь достиг совершеннолетия"
21326,8,эр кеми-,эр кеми,,,"эр киндиктӱ (букв. с мужской пуповиной) мужчина, мужского пола; Байзыҥ копчы эмеен эмес, ол эр киндиктӱ кижи туру (К. Ельдепова) Байзын не любопытная женщина, а мужчина (человек мужского пола); эр кемине jеткен (букв. достиг уровня мужчины) совершеннолетний; возмужал; Майну эмди эр кемине јеткен (Б. Укачин) Майну теперь достиг совершеннолетия"
21326,9,не jеткен (букв. достиг уровня мужчины) со-,не jеткен букв достиг уровня мужчины со,,,"эр киндиктӱ (букв. с мужской пуповиной) мужчина, мужского пола; Байзыҥ копчы эмеен эмес, ол эр киндиктӱ кижи туру (К. Ельдепова) Байзын не любопытная женщина, а мужчина (человек мужского пола); эр кемине jеткен (букв. достиг уровня мужчины) совершеннолетний; возмужал; Майну эмди эр кемине јеткен (Б. Укачин) Майну теперь достиг совершеннолетия"
21326,10,вершеннолетний,вершеннолетний,,,"эр киндиктӱ (букв. с мужской пуповиной) мужчина, мужского пола; Байзыҥ копчы эмеен эмес, ол эр киндиктӱ кижи туру (К. Ельдепова) Байзын не любопытная женщина, а мужчина (человек мужского пола); эр кемине jеткен (букв. достиг уровня мужчины) совершеннолетний; возмужал; Майну эмди эр кемине јеткен (Б. Укачин) Майну теперь достиг совершеннолетия"
21326,11,возмужал,возмужал,,,"эр киндиктӱ (букв. с мужской пуповиной) мужчина, мужского пола; Байзыҥ копчы эмеен эмес, ол эр киндиктӱ кижи туру (К. Ельдепова) Байзын не любопытная женщина, а мужчина (человек мужского пола); эр кемине jеткен (букв. достиг уровня мужчины) совершеннолетний; возмужал; Майну эмди эр кемине јеткен (Б. Укачин) Майну теперь достиг совершеннолетия"
21326,12,Майну эмди эр,майну эмди эр,,,"эр киндиктӱ (букв. с мужской пуповиной) мужчина, мужского пола; Байзыҥ копчы эмеен эмес, ол эр киндиктӱ кижи туру (К. Ельдепова) Байзын не любопытная женщина, а мужчина (человек мужского пола); эр кемине jеткен (букв. достиг уровня мужчины) совершеннолетний; возмужал; Майну эмди эр кемине јеткен (Б. Укачин) Майну теперь достиг совершеннолетия"
21326,13,кемине јеткен (Б. Укачин) Майну теперь до-,кемине јеткен б укачин майну теперь до,,,"эр киндиктӱ (букв. с мужской пуповиной) мужчина, мужского пола; Байзыҥ копчы эмеен эмес, ол эр киндиктӱ кижи туру (К. Ельдепова) Байзын не любопытная женщина, а мужчина (человек мужского пола); эр кемине jеткен (букв. достиг уровня мужчины) совершеннолетний; возмужал; Майну эмди эр кемине јеткен (Б. Укачин) Майну теперь достиг совершеннолетия"
21326,14,стиг совершеннолетия,стиг совершеннолетия,,,"эр киндиктӱ (букв. с мужской пуповиной) мужчина, мужского пола; Байзыҥ копчы эмеен эмес, ол эр киндиктӱ кижи туру (К. Ельдепова) Байзын не любопытная женщина, а мужчина (человек мужского пола); эр кемине jеткен (букв. достиг уровня мужчины) совершеннолетний; возмужал; Майну эмди эр кемине јеткен (Б. Укачин) Майну теперь достиг совершеннолетия"
21327,1,"Чийды болзо, бы-",чийды болзо бы,,,"Чийды болзо, быжырган Тоҥды болзо, эргискен, Одус башту от-эне! (Благопож.) Если сырое, варила,"
21327,2,"жырган Тоҥды болзо, эргискен, Одус баш-",жырган тоҥды болзо эргискен одус баш,,,"Чийды болзо, быжырган Тоҥды болзо, эргискен, Одус башту от-эне! (Благопож.) Если сырое, варила,"
21327,3,"ту от-эне! (Благопож.) Если сырое, варила,",ту отэне благопож если сырое варила,,,"Чийды болзо, быжырган Тоҥды болзо, эргискен, Одус башту от-эне! (Благопож.) Если сырое, варила,"
21331,1,эргекчедеҥ ала с самого малолетства,эргекчедеҥ ала с самого малолетства,,,эргекчедеҥ ала с самого малолетства
21361,1,Эрене сӧӧгинде,эрене сӧӧгинде,,,Эрене сӧӧгинде эт jок ( Погов.) На его скелете нет мяса
21361,2,эт jок ( Погов.) На его скелете нет мяса,эт jок погов на его скелете нет мяса,,,Эрене сӧӧгинде эт jок ( Погов.) На его скелете нет мяса
21383,1,эрин ӱндӱлер,эрин ӱндӱлер,,,эрин ӱндӱлер грам. губные гласные
21383,2,грам. губные гласные,грам губные гласные,,,эрин ӱндӱлер грам. губные гласные
21385,1,эрке бала бало-,эрке бала бало,,,"эрке бала баловень, неженка"
21385,2,"вень, неженка",вень неженка,,,"эрке бала баловень, неженка"
21386,1,"Эркени эркелетпезеҥ, эрди чӧйилер",эркени эркелетпезеҥ эрди чӧйилер,,,"Эркени эркелетпезеҥ, эрди чӧйилер (Погов.) Если баловня не побалуешь, губы надует"
21386,2,"(Погов.) Если баловня не побалуешь, губы",погов если баловня не побалуешь губы,,,"Эркени эркелетпезеҥ, эрди чӧйилер (Погов.) Если баловня не побалуешь, губы надует"
21386,3,надует,надует,,,"Эркени эркелетпезеҥ, эрди чӧйилер (Погов.) Если баловня не побалуешь, губы надует"
21392,1,эркеледер сӧстӧр пестушки,эркеледер сӧстӧр пестушки,,,эркеледер сӧстӧр пестушки
21414,1,эрмек сураар (букв. просить предложение),эрмек сураар букв просить предложение,,,"эрмек сураар (букв. просить предложение) иметь намерение начать разговор, беседу"
21414,2,"иметь намерение начать разговор, беседу",иметь намерение начать разговор беседу,,,"эрмек сураар (букв. просить предложение) иметь намерение начать разговор, беседу"
21429,1,Эртенги jуудаҥ бӱгӱнги ӧкпӧ,эртенги jуудаҥ бӱгӱнги ӧкпӧ,,,"Эртенги jуудаҥ бӱгӱнги ӧкпӧ артык ( Погов.) Лучше сегодняшние лёгкие, чем завтрашнее сало"
21429,2,"артык ( Погов.) Лучше сегодняшние лёгкие,",артык погов лучше сегодняшние лёгкие,,,"Эртенги jуудаҥ бӱгӱнги ӧкпӧ артык ( Погов.) Лучше сегодняшние лёгкие, чем завтрашнее сало"
21429,3,чем завтрашнее сало,чем завтрашнее сало,,,"Эртенги jуудаҥ бӱгӱнги ӧкпӧ артык ( Погов.) Лучше сегодняшние лёгкие, чем завтрашнее сало"
21448,1,"эс билинер бала ребёнок, начинающий",эс билинер бала ребёнок начинающий,,,"эс билинер бала ребёнок, начинающий думать"
21448,2,думать,думать,,,"эс билинер бала ребёнок, начинающий думать"
21460,1,ай эски луна старая,ай эски луна старая,,,ай эски луна старая; эскизи jедип калган тура ветхий дом
21460,2,эскизи,эскизи,,,ай эски луна старая; эскизи jедип калган тура ветхий дом
21460,3,jедип калган тура ветхий дом,jедип калган тура ветхий дом,,,ай эски луна старая; эскизи jедип калган тура ветхий дом
21467,1,эс-,эс,,,"эссанаазы кирип калган в возрасте, когда может мыслить, рассуждать (о ребёнке)"
21467,2,"санаазы кирип калган в возрасте, когда мо-",санаазы кирип калган в возрасте когда мо,,,"эссанаазы кирип калган в возрасте, когда может мыслить, рассуждать (о ребёнке)"
21467,3,"жет мыслить, рассуждать (о ребёнке)",жет мыслить рассуждать о ребёнке,,,"эссанаазы кирип калган в возрасте, когда может мыслить, рассуждать (о ребёнке)"
21474,1,"Эстегенде, оозын ачат, эскирген-",эстегенде оозын ачат эскирген,,,"Эстегенде, оозын ачат, эскиргенде, тежик берет (Погов.) Когда зевает – рот открывает, когда изнашивается – даёт дыру"
21474,2,"де, тежик берет (Погов.) Когда зевает",де тежик берет погов когда зевает,рот,,"Эстегенде, оозын ачат, эскиргенде, тежик берет (Погов.) Когда зевает – рот открывает, когда изнашивается – даёт дыру"
21474,3,"открывает, когда изнашивается",открывает когда изнашивается,даёт дыру,,"Эстегенде, оозын ачат, эскиргенде, тежик берет (Погов.) Когда зевает – рот открывает, когда изнашивается – даёт дыру"
21481,1,эстраданыҥ јылдыстары,эстраданыҥ јылдыстары,,,эстраданыҥ јылдыстары звёзды эстрады
21481,2,звёзды эстрады,звёзды эстрады,,,эстраданыҥ јылдыстары звёзды эстрады
21483,1,"Ачыбаза, эдин де кезип берер",ачыбаза эдин де кезип берер,,,"Ачыбаза, эдин де кезип берер (Погов.) Если не будет больно, и мясо отрежет (ничего не пожалеет, готов поделиться всем)"
21483,2,"(Погов.) Если не будет больно, и мясо",погов если не будет больно и мясо,,,"Ачыбаза, эдин де кезип берер (Погов.) Если не будет больно, и мясо отрежет (ничего не пожалеет, готов поделиться всем)"
21483,3,"отрежет (ничего не пожалеет, готов поделить-",отрежет ничего не пожалеет готов поделить,,,"Ачыбаза, эдин де кезип берер (Погов.) Если не будет больно, и мясо отрежет (ничего не пожалеет, готов поделиться всем)"
21483,4,ся всем),ся всем,,,"Ачыбаза, эдин де кезип берер (Погов.) Если не будет больно, и мясо отрежет (ничего не пожалеет, готов поделиться всем)"
21485,1,колдыҥ сыртыла,колдыҥ сыртыла,,,колдыҥ сыртыла эдер делать небрежно
21485,2,эдер делать небрежно,эдер делать небрежно,,,колдыҥ сыртыла эдер делать небрежно
21495,1,эт-кан jок худой ( букв. без,эткан jок худой букв без,,,"эт-кан jок худой ( букв. без мяса, крови); эди-каны jука неплотного телосложения, худощавый; эди-каны jимирейт своё испытывает страх, ужас (букв.мясо-кровь его испытывает дрожь); эди-каны тыч ла эткен очень плотный, здоровый эт! ЭТТӰ-КАНДУ упитанный; эттӱ-канду что; кижи упитанный человек"
21495,2,"мяса, крови)",мяса крови,,,"эт-кан jок худой ( букв. без мяса, крови); эди-каны jука неплотного телосложения, худощавый; эди-каны jимирейт своё испытывает страх, ужас (букв.мясо-кровь его испытывает дрожь); эди-каны тыч ла эткен очень плотный, здоровый эт! ЭТТӰ-КАНДУ упитанный; эттӱ-канду что; кижи упитанный человек"
21495,3,эди-каны jука неплотного те-,эдиканы jука неплотного те,,,"эт-кан jок худой ( букв. без мяса, крови); эди-каны jука неплотного телосложения, худощавый; эди-каны jимирейт своё испытывает страх, ужас (букв.мясо-кровь его испытывает дрожь); эди-каны тыч ла эткен очень плотный, здоровый эт! ЭТТӰ-КАНДУ упитанный; эттӱ-канду что; кижи упитанный человек"
21495,4,"лосложения, худощавый",лосложения худощавый,,,"эт-кан jок худой ( букв. без мяса, крови); эди-каны jука неплотного телосложения, худощавый; эди-каны jимирейт своё испытывает страх, ужас (букв.мясо-кровь его испытывает дрожь); эди-каны тыч ла эткен очень плотный, здоровый эт! ЭТТӰ-КАНДУ упитанный; эттӱ-канду что; кижи упитанный человек"
21495,5,эди-каны jимирейт,эдиканы jимирейт,,,"эт-кан jок худой ( букв. без мяса, крови); эди-каны jука неплотного телосложения, худощавый; эди-каны jимирейт своё испытывает страх, ужас (букв.мясо-кровь его испытывает дрожь); эди-каны тыч ла эткен очень плотный, здоровый эт! ЭТТӰ-КАНДУ упитанный; эттӱ-канду что; кижи упитанный человек"
21495,6,"своё испытывает страх, ужас (букв.мясо-кровь его",своё испытывает страх ужас буквмясокровь его,,,"эт-кан jок худой ( букв. без мяса, крови); эди-каны jука неплотного телосложения, худощавый; эди-каны jимирейт своё испытывает страх, ужас (букв.мясо-кровь его испытывает дрожь); эди-каны тыч ла эткен очень плотный, здоровый эт! ЭТТӰ-КАНДУ упитанный; эттӱ-канду что; кижи упитанный человек"
21495,7,испытывает дрожь),испытывает дрожь,,,"эт-кан jок худой ( букв. без мяса, крови); эди-каны jука неплотного телосложения, худощавый; эди-каны jимирейт своё испытывает страх, ужас (букв.мясо-кровь его испытывает дрожь); эди-каны тыч ла эткен очень плотный, здоровый эт! ЭТТӰ-КАНДУ упитанный; эттӱ-канду что; кижи упитанный человек"
21495,8,эди-каны тыч ла эткен,эдиканы тыч ла эткен,,,"эт-кан jок худой ( букв. без мяса, крови); эди-каны jука неплотного телосложения, худощавый; эди-каны jимирейт своё испытывает страх, ужас (букв.мясо-кровь его испытывает дрожь); эди-каны тыч ла эткен очень плотный, здоровый эт! ЭТТӰ-КАНДУ упитанный; эттӱ-канду что; кижи упитанный человек"
21495,9,"очень плотный, здоровый",очень плотный здоровый,,,"эт-кан jок худой ( букв. без мяса, крови); эди-каны jука неплотного телосложения, худощавый; эди-каны jимирейт своё испытывает страх, ужас (букв.мясо-кровь его испытывает дрожь); эди-каны тыч ла эткен очень плотный, здоровый эт! ЭТТӰ-КАНДУ упитанный; эттӱ-канду что; кижи упитанный человек"
21495,10,эт! ЭТТӰ-КАНДУ упитанный,эт эттӱканду упитанный,,,"эт-кан jок худой ( букв. без мяса, крови); эди-каны jука неплотного телосложения, худощавый; эди-каны jимирейт своё испытывает страх, ужас (букв.мясо-кровь его испытывает дрожь); эди-каны тыч ла эткен очень плотный, здоровый эт! ЭТТӰ-КАНДУ упитанный; эттӱ-канду что; кижи упитанный человек"
21495,11,эттӱ-канду,эттӱканду,,,"эт-кан jок худой ( букв. без мяса, крови); эди-каны jука неплотного телосложения, худощавый; эди-каны jимирейт своё испытывает страх, ужас (букв.мясо-кровь его испытывает дрожь); эди-каны тыч ла эткен очень плотный, здоровый эт! ЭТТӰ-КАНДУ упитанный; эттӱ-канду что; кижи упитанный человек"
21495,12,что,что,,,"эт-кан jок худой ( букв. без мяса, крови); эди-каны jука неплотного телосложения, худощавый; эди-каны jимирейт своё испытывает страх, ужас (букв.мясо-кровь его испытывает дрожь); эди-каны тыч ла эткен очень плотный, здоровый эт! ЭТТӰ-КАНДУ упитанный; эттӱ-канду что; кижи упитанный человек"
21495,13,кижи упитанный человек,кижи упитанный человек,,,"эт-кан jок худой ( букв. без мяса, крови); эди-каны jука неплотного телосложения, худощавый; эди-каны jимирейт своё испытывает страх, ужас (букв.мясо-кровь его испытывает дрожь); эди-каны тыч ла эткен очень плотный, здоровый эт! ЭТТӰ-КАНДУ упитанный; эттӱ-канду что; кижи упитанный человек"
21534,1,"эш-нӧкӧр жена (муж), су-",эшнӧкӧр жена муж су,,,"эш-нӧкӧр жена (муж), супруга (супруг); эш-бараан жена (муж), супруга (супруг)"
21534,2,пруга (супруг),пруга супруг,,,"эш-нӧкӧр жена (муж), супруга (супруг); эш-бараан жена (муж), супруга (супруг)"
21534,3,"эш-бараан жена (муж), су-",эшбараан жена муж су,,,"эш-нӧкӧр жена (муж), супруга (супруг); эш-бараан жена (муж), супруга (супруг)"
21534,4,пруга (супруг),пруга супруг,,,"эш-нӧкӧр жена (муж), супруга (супруг); эш-бараан жена (муж), супруга (супруг)"
21563,1,ээжи јок согуш,ээжи јок согуш,,,ээжи јок согуш бой без правил
21563,2,бой без правил,бой без правил,,,ээжи јок согуш бой без правил
21573,1,ээк сӧӧк,ээк сӧӧк,,,ээк сӧӧк челюсть; ээк сагал борода
21573,2,челюсть,челюсть,,,ээк сӧӧк челюсть; ээк сагал борода
21573,3,ээк сагал борода,ээк сагал борода,,,ээк сӧӧк челюсть; ээк сагал борода
